raw_variant,brand_original,source_system,source_column,coverage_status,promoted,marca_std,grain_count,action
AGUAS_TAGARE,AGUAS_TAGARE,MKT_OFF,MARCA,UNMAPPED_COMPETITOR_OR_UNKNOWN,NO,,14,ACTION_REQUIRED
AGUA_OASIS,AGUA_OASIS,MKT_OFF,MARCA,UNMAPPED_COMPETITOR_OR_UNKNOWN,NO,,343,ACTION_REQUIRED
AGUA_PASCUAL,AGUA_PASCUAL,MKT_OFF,MARCA,UNMAPPED_COMPETITOR_OR_UNKNOWN,NO,,400,ACTION_REQUIRED
BELIGHT,BELIGHT,MKT_OFF,MARCA,UNMAPPED_COMPETITOR_OR_UNKNOWN,NO,,5256,ACTION_REQUIRED
BODEGAAURRERA,BODEGAAURRERA,MKT_OFF,MARCA,UNMAPPED_COMPETITOR_OR_UNKNOWN,NO,,1,ACTION_REQUIRED
BOING,BOING,MKT_OFF,MARCA,UNMAPPED_COMPETITOR_OR_UNKNOWN,NO,,13993,ACTION_REQUIRED
CANADADRY,CANADADRY,MKT_OFF,MARCA,UNMAPPED_COMPETITOR_OR_UNKNOWN,NO,,1564,ACTION_REQUIRED
CIFRUT,CIFRUT,MKT_OFF,MARCA,UNMAPPED_COMPETITOR_OR_UNKNOWN,NO,,716,ACTION_REQUIRED
CUNNINGTON,CUNNINGTON,MKT_OFF,MARCA,UNMAPPED_COMPETITOR_OR_UNKNOWN,NO,,11,ACTION_REQUIRED
DELVALLE,DELVALLE,MKT_OFF,MARCA,UNMAPPED_COMPETITOR_OR_UNKNOWN,NO,,1571,ACTION_REQUIRED
DELVALLE_FIZZ,DELVALLE_FIZZ,MKT_OFF,MARCA,UNMAPPED_COMPETITOR_OR_UNKNOWN,NO,,9142,ACTION_REQUIRED
DELVALLE_FRUT,DELVALLE_FRUT,MKT_OFF,MARCA,UNMAPPED_COMPETITOR_OR_UNKNOWN,NO,,2892,ACTION_REQUIRED
DELVALLE_JUNIOR,DELVALLE_JUNIOR,MKT_OFF,MARCA,UNMAPPED_COMPETITOR_OR_UNKNOWN,NO,,388,ACTION_REQUIRED
DGARI,DGARI,MKT_OFF,MARCA,UNMAPPED_COMPETITOR_OR_UNKNOWN,NO,,6299,ACTION_REQUIRED
DRPEPPER,DRPEPPER,MKT_OFF,MARCA,UNMAPPED_COMPETITOR_OR_UNKNOWN,NO,,1142,ACTION_REQUIRED
EPURA,EPURA,MKT_OFF,MARCA,UNMAPPED_COMPETITOR_OR_UNKNOWN,NO,,55616,ACTION_REQUIRED
FANTA,FANTA,MKT_OFF,MARCA,UNMAPPED_COMPETITOR_OR_UNKNOWN,NO,,2798,ACTION_REQUIRED
FRESCA,FRESCA,MKT_OFF,MARCA,UNMAPPED_COMPETITOR_OR_UNKNOWN,NO,,1183,ACTION_REQUIRED
FRUVITA,FRUVITA,MKT_OFF,MARCA,UNMAPPED_COMPETITOR_OR_UNKNOWN,NO,,337,ACTION_REQUIRED
JARRITOS,JARRITOS,MKT_OFF,MARCA,UNMAPPED_COMPETITOR_OR_UNKNOWN,NO,,1515,ACTION_REQUIRED
JOYA,JOYA,MKT_OFF,MARCA,UNMAPPED_COMPETITOR_OR_UNKNOWN,NO,,9,ACTION_REQUIRED
LULU,LULU,MKT_OFF,MARCA,UNMAPPED_COMPETITOR_OR_UNKNOWN,NO,,12,ACTION_REQUIRED
MANZANITA,MANZANITA,MKT_OFF,MARCA,UNMAPPED_COMPETITOR_OR_UNKNOWN,NO,,4447,ACTION_REQUIRED
MINERALITA,MINERALITA,MKT_OFF,MARCA,UNMAPPED_COMPETITOR_OR_UNKNOWN,NO,,72,ACTION_REQUIRED
MIRINDA,MIRINDA,MKT_OFF,MARCA,UNMAPPED_COMPETITOR_OR_UNKNOWN,NO,,3568,ACTION_REQUIRED
MUNDET,MUNDET,MKT_OFF,MARCA,UNMAPPED_COMPETITOR_OR_UNKNOWN,NO,,5489,ACTION_REQUIRED
NECTASIS,NECTASIS,MKT_OFF,MARCA,UNMAPPED_COMPETITOR_OR_UNKNOWN,NO,,558,ACTION_REQUIRED
NOTMILK,NOTMILK,MKT_OFF,MARCA,UNMAPPED_COMPETITOR_OR_UNKNOWN,NO,,1,ACTION_REQUIRED
NUTRILECHE,NUTRILECHE,MKT_OFF,MARCA,UNMAPPED_COMPETITOR_OR_UNKNOWN,NO,,11239,ACTION_REQUIRED
PASCUAL,PASCUAL,MKT_OFF,MARCA,UNMAPPED_COMPETITOR_OR_UNKNOWN,NO,,5,ACTION_REQUIRED
PERRIER,PERRIER,MKT_OFF,MARCA,UNMAPPED_COMPETITOR_OR_UNKNOWN,NO,,8,ACTION_REQUIRED
PULP,PULP,MKT_OFF,MARCA,UNMAPPED_COMPETITOR_OR_UNKNOWN,NO,,855,ACTION_REQUIRED
REDCOLA,REDCOLA,MKT_OFF,MARCA,UNMAPPED_COMPETITOR_OR_UNKNOWN,NO,,2681,ACTION_REQUIRED
SANGRIA,SANGRIA,MKT_OFF,MARCA,UNMAPPED_COMPETITOR_OR_UNKNOWN,NO,,77,ACTION_REQUIRED
SANTAMARIA,SANTAMARIA,MKT_OFF,MARCA,UNMAPPED_COMPETITOR_OR_UNKNOWN,NO,,3683,ACTION_REQUIRED
SCHWEPPES,SCHWEPPES,MKT_OFF,MARCA,UNMAPPED_COMPETITOR_OR_UNKNOWN,NO,,1323,ACTION_REQUIRED
SKARCH,SKARCH,MKT_OFF,MARCA,UNMAPPED_COMPETITOR_OR_UNKNOWN,NO,,2533,ACTION_REQUIRED
SKARCH_FRUTALE,SKARCH_FRUTALE,MKT_OFF,MARCA,UNMAPPED_COMPETITOR_OR_UNKNOWN,NO,,524,ACTION_REQUIRED
SKARCH_MINERAL,SKARCH_MINERAL,MKT_OFF,MARCA,UNMAPPED_COMPETITOR_OR_UNKNOWN,NO,,164,ACTION_REQUIRED
SPRITE,SPRITE,MKT_OFF,MARCA,UNMAPPED_COMPETITOR_OR_UNKNOWN,NO,,743,ACTION_REQUIRED
SQUIRT,SQUIRT,MKT_OFF,MARCA,UNMAPPED_COMPETITOR_OR_UNKNOWN,NO,,4151,ACTION_REQUIRED
TOPOCHICO,TOPOCHICO,MKT_OFF,MARCA,UNMAPPED_COMPETITOR_OR_UNKNOWN,NO,,31,ACTION_REQUIRED
VITALOE,VITALOE,MKT_OFF,MARCA,UNMAPPED_COMPETITOR_OR_UNKNOWN,NO,,28356,ACTION_REQUIRED
YAKULT,YAKULT,MKT_OFF,MARCA,UNMAPPED_COMPETITOR_OR_UNKNOWN,NO,,46528,ACTION_REQUIRED
A MORA TI,A MORA TI,NIELSEN_EDP,INP_56985,UNMAPPED_COMPETITOR_OR_UNKNOWN,NO,,8,ACTION_REQUIRED
ACTIMEL,ACTIMEL,NIELSEN_EDP,INP_56985,UNMAPPED_COMPETITOR_OR_UNKNOWN,NO,,8,ACTION_REQUIRED
AGUASCALIENTES,AGUASCALIENTES,NIELSEN_EDP,INP_56985,UNMAPPED_COMPETITOR_OR_UNKNOWN,NO,,48,ACTION_REQUIRED
AL DIA,AL DIA,NIELSEN_EDP,INP_56985,UNMAPPED_COMPETITOR_OR_UNKNOWN,NO,,136,ACTION_REQUIRED
ALDAMA,ALDAMA,NIELSEN_EDP,INP_56985,UNMAPPED_COMPETITOR_OR_UNKNOWN,NO,,8,ACTION_REQUIRED
ALMAGUER,ALMAGUER,NIELSEN_EDP,INP_56985,UNMAPPED_COMPETITOR_OR_UNKNOWN,NO,,8,ACTION_REQUIRED
ANELA,ANELA,NIELSEN_EDP,INP_56985,UNMAPPED_COMPETITOR_OR_UNKNOWN,NO,,18,ACTION_REQUIRED
ARACELI,ARACELI,NIELSEN_EDP,INP_56985,UNMAPPED_COMPETITOR_OR_UNKNOWN,NO,,18,ACTION_REQUIRED
ARISBEY,ARISBEY,NIELSEN_EDP,INP_56985,UNMAPPED_COMPETITOR_OR_UNKNOWN,NO,,47,ACTION_REQUIRED
ART,ART,NIELSEN_EDP,INP_56985,UNMAPPED_COMPETITOR_OR_UNKNOWN,NO,,67,ACTION_REQUIRED
BAD MOOD,BAD MOOD,NIELSEN_EDP,INP_56985,UNMAPPED_COMPETITOR_OR_UNKNOWN,NO,,14,ACTION_REQUIRED
BAKER'S BITES,BAKER'S BITES,NIELSEN_EDP,INP_56985,UNMAPPED_COMPETITOR_OR_UNKNOWN,NO,,10,ACTION_REQUIRED
BAMBI,BAMBI,NIELSEN_EDP,INP_56985,UNMAPPED_COMPETITOR_OR_UNKNOWN,NO,,73,ACTION_REQUIRED
BELL,BELL,NIELSEN_EDP,INP_56985,UNMAPPED_COMPETITOR_OR_UNKNOWN,NO,,25,ACTION_REQUIRED
BELLINI,BELLINI,NIELSEN_EDP,INP_56985,UNMAPPED_COMPETITOR_OR_UNKNOWN,NO,,11,ACTION_REQUIRED
BELOE,BELOE,NIELSEN_EDP,INP_56985,UNMAPPED_COMPETITOR_OR_UNKNOWN,NO,,8,ACTION_REQUIRED
BIO 4,BIO 4,NIELSEN_EDP,INP_56985,UNMAPPED_COMPETITOR_OR_UNKNOWN,NO,,46,ACTION_REQUIRED
BIO 4BALAN-CE,BIO 4BALAN-CE,NIELSEN_EDP,INP_56985,UNMAPPED_COMPETITOR_OR_UNKNOWN,NO,,56,ACTION_REQUIRED
BIOLAC,BIOLAC,NIELSEN_EDP,INP_56985,UNMAPPED_COMPETITOR_OR_UNKNOWN,NO,,8,ACTION_REQUIRED
BIORGANIC,BIORGANIC,NIELSEN_EDP,INP_56985,UNMAPPED_COMPETITOR_OR_UNKNOWN,NO,,17,ACTION_REQUIRED
BOIRE,BOIRE,NIELSEN_EDP,INP_56985,UNMAPPED_COMPETITOR_OR_UNKNOWN,NO,,16,ACTION_REQUIRED
BOLYOGHURT,BOLYOGHURT,NIELSEN_EDP,INP_56985,UNMAPPED_COMPETITOR_OR_UNKNOWN,NO,,8,ACTION_REQUIRED
BONACULT,BONACULT,NIELSEN_EDP,INP_56985,UNMAPPED_COMPETITOR_OR_UNKNOWN,NO,,8,ACTION_REQUIRED
BONAFINA,BONAFINA,NIELSEN_EDP,INP_56985,UNMAPPED_COMPETITOR_OR_UNKNOWN,NO,,49,ACTION_REQUIRED
BONDELI,BONDELI,NIELSEN_EDP,INP_56985,UNMAPPED_COMPETITOR_OR_UNKNOWN,NO,,10,ACTION_REQUIRED
BONTA,BONTA,NIELSEN_EDP,INP_56985,UNMAPPED_COMPETITOR_OR_UNKNOWN,NO,,8,ACTION_REQUIRED
BONTA DIVINA,BONTA DIVINA,NIELSEN_EDP,INP_56985,UNMAPPED_COMPETITOR_OR_UNKNOWN,NO,,18,ACTION_REQUIRED
BONYUR,BONYUR,NIELSEN_EDP,INP_56985,UNMAPPED_COMPETITOR_OR_UNKNOWN,NO,,26,ACTION_REQUIRED
BOVE,BOVE,NIELSEN_EDP,INP_56985,UNMAPPED_COMPETITOR_OR_UNKNOWN,NO,,70,ACTION_REQUIRED
BREAK,BREAK,NIELSEN_EDP,INP_56985,UNMAPPED_COMPETITOR_OR_UNKNOWN,NO,,32,ACTION_REQUIRED
CAMPO ALEGRE,CAMPO ALEGRE,NIELSEN_EDP,INP_56985,UNMAPPED_COMPETITOR_OR_UNKNOWN,NO,,37,ACTION_REQUIRED
CARACOL,CARACOL,NIELSEN_EDP,INP_56985,UNMAPPED_COMPETITOR_OR_UNKNOWN,NO,,24,ACTION_REQUIRED
CASA BLANCA,CASA BLANCA,NIELSEN_EDP,INP_56985,UNMAPPED_COMPETITOR_OR_UNKNOWN,NO,,10,ACTION_REQUIRED
CASA PROBIOTICOS,CASA PROBIOTICOS,NIELSEN_EDP,INP_56985,UNMAPPED_COMPETITOR_OR_UNKNOWN,NO,,12,ACTION_REQUIRED
CHAMYTO,CHAMYTO,NIELSEN_EDP,INP_56985,UNMAPPED_COMPETITOR_OR_UNKNOWN,NO,,32,ACTION_REQUIRED
CHELSY,CHELSY,NIELSEN_EDP,INP_56985,UNMAPPED_COMPETITOR_OR_UNKNOWN,NO,,8,ACTION_REQUIRED
CHEN,CHEN,NIELSEN_EDP,INP_56985,UNMAPPED_COMPETITOR_OR_UNKNOWN,NO,,14,ACTION_REQUIRED
CHIA MIA,CHIA MIA,NIELSEN_EDP,INP_56985,UNMAPPED_COMPETITOR_OR_UNKNOWN,NO,,20,ACTION_REQUIRED
CHILCHOTA,CHILCHOTA,NIELSEN_EDP,INP_56985,UNMAPPED_COMPETITOR_OR_UNKNOWN,NO,,143,ACTION_REQUIRED
CHIQUITIN,CHIQUITIN,NIELSEN_EDP,INP_56985,UNMAPPED_COMPETITOR_OR_UNKNOWN,NO,,53,ACTION_REQUIRED
CHOBANI,CHOBANI,NIELSEN_EDP,INP_56985,UNMAPPED_COMPETITOR_OR_UNKNOWN,NO,,345,ACTION_REQUIRED
CHOIX,CHOIX,NIELSEN_EDP,INP_56985,UNMAPPED_COMPETITOR_OR_UNKNOWN,NO,,8,ACTION_REQUIRED
CLUB,CLUB,NIELSEN_EDP,INP_56985,UNMAPPED_COMPETITOR_OR_UNKNOWN,NO,,42,ACTION_REQUIRED
CREMERIA CHALCO,CREMERIA CHALCO,NIELSEN_EDP,INP_56985,UNMAPPED_COMPETITOR_OR_UNKNOWN,NO,,8,ACTION_REQUIRED
CREMOSO ALPURA,CREMOSO ALPURA,NIELSEN_EDP,INP_56985,UNMAPPED_COMPETITOR_OR_UNKNOWN,NO,,8,ACTION_REQUIRED
CUADRITOS,CUADRITOS,NIELSEN_EDP,INP_56985,UNMAPPED_COMPETITOR_OR_UNKNOWN,NO,,34,ACTION_REQUIRED
D'GARI,D'GARI,NIELSEN_EDP,INP_56985,UNMAPPED_COMPETITOR_OR_UNKNOWN,NO,,39,ACTION_REQUIRED
DALUH,DALUH,NIELSEN_EDP,INP_56985,UNMAPPED_COMPETITOR_OR_UNKNOWN,NO,,36,ACTION_REQUIRED
DE LA ABUELA,DE LA ABUELA,NIELSEN_EDP,INP_56985,UNMAPPED_COMPETITOR_OR_UNKNOWN,NO,,25,ACTION_REQUIRED
DELIGHURT,DELIGHURT,NIELSEN_EDP,INP_56985,UNMAPPED_COMPETITOR_OR_UNKNOWN,NO,,34,ACTION_REQUIRED
DELIRIO NATURAL,DELIRIO NATURAL,NIELSEN_EDP,INP_56985,UNMAPPED_COMPETITOR_OR_UNKNOWN,NO,,16,ACTION_REQUIRED
DIVERTIGELL,DIVERTIGELL,NIELSEN_EDP,INP_56985,UNMAPPED_COMPETITOR_OR_UNKNOWN,NO,,10,ACTION_REQUIRED
DOLCE FLAN,DOLCE FLAN,NIELSEN_EDP,INP_56985,UNMAPPED_COMPETITOR_OR_UNKNOWN,NO,,10,ACTION_REQUIRED
DONA PINTA,DONA PINTA,NIELSEN_EDP,INP_56985,UNMAPPED_COMPETITOR_OR_UNKNOWN,NO,,14,ACTION_REQUIRED
DULAIT,DULAIT,NIELSEN_EDP,INP_56985,UNMAPPED_COMPETITOR_OR_UNKNOWN,NO,,8,ACTION_REQUIRED
DULCES SOLIS,DULCES SOLIS,NIELSEN_EDP,INP_56985,UNMAPPED_COMPETITOR_OR_UNKNOWN,NO,,10,ACTION_REQUIRED
EHRMANN,EHRMANN,NIELSEN_EDP,INP_56985,UNMAPPED_COMPETITOR_OR_UNKNOWN,NO,,20,ACTION_REQUIRED
EL ACICATE,EL ACICATE,NIELSEN_EDP,INP_56985,UNMAPPED_COMPETITOR_OR_UNKNOWN,NO,,25,ACTION_REQUIRED
EL CIRUELO,EL CIRUELO,NIELSEN_EDP,INP_56985,UNMAPPED_COMPETITOR_OR_UNKNOWN,NO,,8,ACTION_REQUIRED
EL PINAR,EL PINAR,NIELSEN_EDP,INP_56985,UNMAPPED_COMPETITOR_OR_UNKNOWN,NO,,8,ACTION_REQUIRED
EL SABINO,EL SABINO,NIELSEN_EDP,INP_56985,UNMAPPED_COMPETITOR_OR_UNKNOWN,NO,,25,ACTION_REQUIRED
ELI,ELI,NIELSEN_EDP,INP_56985,UNMAPPED_COMPETITOR_OR_UNKNOWN,NO,,8,ACTION_REQUIRED
ESTI,ESTI,NIELSEN_EDP,INP_56985,UNMAPPED_COMPETITOR_OR_UNKNOWN,NO,,19,ACTION_REQUIRED
FAGE,FAGE,NIELSEN_EDP,INP_56985,UNMAPPED_COMPETITOR_OR_UNKNOWN,NO,,117,ACTION_REQUIRED
FLANBY,FLANBY,NIELSEN_EDP,INP_56985,UNMAPPED_COMPETITOR_OR_UNKNOWN,NO,,8,ACTION_REQUIRED
FLANDY,FLANDY,NIELSEN_EDP,INP_56985,UNMAPPED_COMPETITOR_OR_UNKNOWN,NO,,15,ACTION_REQUIRED
FLIPPER,FLIPPER,NIELSEN_EDP,INP_56985,UNMAPPED_COMPETITOR_OR_UNKNOWN,NO,,31,ACTION_REQUIRED
FLOR DE ALFALFA,FLOR DE ALFALFA,NIELSEN_EDP,INP_56985,UNMAPPED_COMPETITOR_OR_UNKNOWN,NO,,75,ACTION_REQUIRED
FLORENTINA,FLORENTINA,NIELSEN_EDP,INP_56985,UNMAPPED_COMPETITOR_OR_UNKNOWN,NO,,24,ACTION_REQUIRED
FORAGER,FORAGER,NIELSEN_EDP,INP_56985,UNMAPPED_COMPETITOR_OR_UNKNOWN,NO,,62,ACTION_REQUIRED
FORTI,FORTI,NIELSEN_EDP,INP_56985,UNMAPPED_COMPETITOR_OR_UNKNOWN,NO,,12,ACTION_REQUIRED
FRUGGIS,FRUGGIS,NIELSEN_EDP,INP_56985,UNMAPPED_COMPETITOR_OR_UNKNOWN,NO,,19,ACTION_REQUIRED
FRUTTISIMA,FRUTTISIMA,NIELSEN_EDP,INP_56985,UNMAPPED_COMPETITOR_OR_UNKNOWN,NO,,24,ACTION_REQUIRED
GASTRO PROTECT,GASTRO PROTECT,NIELSEN_EDP,INP_56985,UNMAPPED_COMPETITOR_OR_UNKNOWN,NO,,43,ACTION_REQUIRED
GELATIX,GELATIX,NIELSEN_EDP,INP_56985,UNMAPPED_COMPETITOR_OR_UNKNOWN,NO,,11,ACTION_REQUIRED
GELY CREAM,GELY CREAM,NIELSEN_EDP,INP_56985,UNMAPPED_COMPETITOR_OR_UNKNOWN,NO,,8,ACTION_REQUIRED
GERBER,GERBER,NIELSEN_EDP,INP_56985,UNMAPPED_COMPETITOR_OR_UNKNOWN,NO,,16,ACTION_REQUIRED
GLAD,GLAD,NIELSEN_EDP,INP_56985,UNMAPPED_COMPETITOR_OR_UNKNOWN,NO,,8,ACTION_REQUIRED
GOTA BLANCA,GOTA BLANCA,NIELSEN_EDP,INP_56985,UNMAPPED_COMPETITOR_OR_UNKNOWN,NO,,24,ACTION_REQUIRED
GRANDMA S,GRANDMA S,NIELSEN_EDP,INP_56985,UNMAPPED_COMPETITOR_OR_UNKNOWN,NO,,10,ACTION_REQUIRED
GRANJA,GRANJA,NIELSEN_EDP,INP_56985,UNMAPPED_COMPETITOR_OR_UNKNOWN,NO,,14,ACTION_REQUIRED
GREEN FEELING,GREEN FEELING,NIELSEN_EDP,INP_56985,UNMAPPED_COMPETITOR_OR_UNKNOWN,NO,,14,ACTION_REQUIRED
GRIEGO,GRIEGO,NIELSEN_EDP,INP_56985,UNMAPPED_COMPETITOR_OR_UNKNOWN,NO,,17,ACTION_REQUIRED
HUNT'S,HUNT'S,NIELSEN_EDP,INP_56985,UNMAPPED_COMPETITOR_OR_UNKNOWN,NO,,8,ACTION_REQUIRED
ISSANA,ISSANA,NIELSEN_EDP,INP_56985,UNMAPPED_COMPETITOR_OR_UNKNOWN,NO,,30,ACTION_REQUIRED
JERSEY,JERSEY,NIELSEN_EDP,INP_56985,UNMAPPED_COMPETITOR_OR_UNKNOWN,NO,,39,ACTION_REQUIRED
KASUL PLUS,KASUL PLUS,NIELSEN_EDP,INP_56985,UNMAPPED_COMPETITOR_OR_UNKNOWN,NO,,19,ACTION_REQUIRED
KIPURI,KIPURI,NIELSEN_EDP,INP_56985,UNMAPPED_COMPETITOR_OR_UNKNOWN,NO,,8,ACTION_REQUIRED
KOOL-AID,KOOL-AID,NIELSEN_EDP,INP_56985,UNMAPPED_COMPETITOR_OR_UNKNOWN,NO,,10,ACTION_REQUIRED
KOURELLAS,KOURELLAS,NIELSEN_EDP,INP_56985,UNMAPPED_COMPETITOR_OR_UNKNOWN,NO,,13,ACTION_REQUIRED
LA ABUELA,LA ABUELA,NIELSEN_EDP,INP_56985,UNMAPPED_COMPETITOR_OR_UNKNOWN,NO,,8,ACTION_REQUIRED
LA CASERA,LA CASERA,NIELSEN_EDP,INP_56985,UNMAPPED_COMPETITOR_OR_UNKNOWN,NO,,16,ACTION_REQUIRED
LA HACIENDA ANTIGUA,LA HACIENDA ANTIGUA,NIELSEN_EDP,INP_56985,UNMAPPED_COMPETITOR_OR_UNKNOWN,NO,,29,ACTION_REQUIRED
LA LECHERA,LA LECHERA,NIELSEN_EDP,INP_56985,UNMAPPED_COMPETITOR_OR_UNKNOWN,NO,,8,ACTION_REQUIRED
LA NENA,LA NENA,NIELSEN_EDP,INP_56985,UNMAPPED_COMPETITOR_OR_UNKNOWN,NO,,10,ACTION_REQUIRED
LA PASTORA,LA PASTORA,NIELSEN_EDP,INP_56985,UNMAPPED_COMPETITOR_OR_UNKNOWN,NO,,24,ACTION_REQUIRED
LA PILARICA,LA PILARICA,NIELSEN_EDP,INP_56985,UNMAPPED_COMPETITOR_OR_UNKNOWN,NO,,20,ACTION_REQUIRED
LA PRIMAVERA,LA PRIMAVERA,NIELSEN_EDP,INP_56985,UNMAPPED_COMPETITOR_OR_UNKNOWN,NO,,83,ACTION_REQUIRED
LA QUESERA DE SALAMANCA,LA QUESERA DE SALAMANCA,NIELSEN_EDP,INP_56985,UNMAPPED_COMPETITOR_OR_UNKNOWN,NO,,8,ACTION_REQUIRED
LA TIA SARA,LA TIA SARA,NIELSEN_EDP,INP_56985,UNMAPPED_COMPETITOR_OR_UNKNOWN,NO,,43,ACTION_REQUIRED
LACTEOS MOJICA,LACTEOS MOJICA,NIELSEN_EDP,INP_56985,UNMAPPED_COMPETITOR_OR_UNKNOWN,NO,,19,ACTION_REQUIRED
LACTIGURT,LACTIGURT,NIELSEN_EDP,INP_56985,UNMAPPED_COMPETITOR_OR_UNKNOWN,NO,,41,ACTION_REQUIRED
LAKEVIEW,LAKEVIEW,NIELSEN_EDP,INP_56985,UNMAPPED_COMPETITOR_OR_UNKNOWN,NO,,8,ACTION_REQUIRED
LALA CULT,LALA CULT,NIELSEN_EDP,INP_56985,UNMAPPED_COMPETITOR_OR_UNKNOWN,NO,,25,ACTION_REQUIRED
LALA SEMILLAS,LALA SEMILLAS,NIELSEN_EDP,INP_56985,UNMAPPED_COMPETITOR_OR_UNKNOWN,NO,,38,ACTION_REQUIRED
LAS MORAS,LAS MORAS,NIELSEN_EDP,INP_56985,UNMAPPED_COMPETITOR_OR_UNKNOWN,NO,,12,ACTION_REQUIRED
LEOLI,LEOLI,NIELSEN_EDP,INP_56985,UNMAPPED_COMPETITOR_OR_UNKNOWN,NO,,35,ACTION_REQUIRED
LEON,LEON,NIELSEN_EDP,INP_56985,UNMAPPED_COMPETITOR_OR_UNKNOWN,NO,,46,ACTION_REQUIRED
LEVIA,LEVIA,NIELSEN_EDP,INP_56985,UNMAPPED_COMPETITOR_OR_UNKNOWN,NO,,84,ACTION_REQUIRED
LICUADO NESTLE,LICUADO NESTLE,NIELSEN_EDP,INP_56985,UNMAPPED_COMPETITOR_OR_UNKNOWN,NO,,67,ACTION_REQUIRED
LIFEWAY,LIFEWAY,NIELSEN_EDP,INP_56985,UNMAPPED_COMPETITOR_OR_UNKNOWN,NO,,66,ACTION_REQUIRED
LIZETH,LIZETH,NIELSEN_EDP,INP_56985,UNMAPPED_COMPETITOR_OR_UNKNOWN,NO,,29,ACTION_REQUIRED
LONCH EXPRESS,LONCH EXPRESS,NIELSEN_EDP,INP_56985,UNMAPPED_COMPETITOR_OR_UNKNOWN,NO,,8,ACTION_REQUIRED
LOS 19 HERMANOS,LOS 19 HERMANOS,NIELSEN_EDP,INP_56985,UNMAPPED_COMPETITOR_OR_UNKNOWN,NO,,121,ACTION_REQUIRED
LOS AZAHARES,LOS AZAHARES,NIELSEN_EDP,INP_56985,UNMAPPED_COMPETITOR_OR_UNKNOWN,NO,,8,ACTION_REQUIRED
LOS CUATES,LOS CUATES,NIELSEN_EDP,INP_56985,UNMAPPED_COMPETITOR_OR_UNKNOWN,NO,,40,ACTION_REQUIRED
LUCERNA,LUCERNA,NIELSEN_EDP,INP_56985,UNMAPPED_COMPETITOR_OR_UNKNOWN,NO,,41,ACTION_REQUIRED
LUMA,LUMA,NIELSEN_EDP,INP_56985,UNMAPPED_COMPETITOR_OR_UNKNOWN,NO,,13,ACTION_REQUIRED
LYNCOTT,LYNCOTT,NIELSEN_EDP,INP_56985,UNMAPPED_COMPETITOR_OR_UNKNOWN,NO,,33,ACTION_REQUIRED
MARSELLA,MARSELLA,NIELSEN_EDP,INP_56985,UNMAPPED_COMPETITOR_OR_UNKNOWN,NO,,17,ACTION_REQUIRED
MARUSIA,MARUSIA,NIELSEN_EDP,INP_56985,UNMAPPED_COMPETITOR_OR_UNKNOWN,NO,,116,ACTION_REQUIRED
MUUU,MUUU,NIELSEN_EDP,INP_56985,UNMAPPED_COMPETITOR_OR_UNKNOWN,NO,,8,ACTION_REQUIRED
NATURLI,NATURLI,NIELSEN_EDP,INP_56985,UNMAPPED_COMPETITOR_OR_UNKNOWN,NO,,18,ACTION_REQUIRED
NATURLICH,NATURLICH,NIELSEN_EDP,INP_56985,UNMAPPED_COMPETITOR_OR_UNKNOWN,NO,,8,ACTION_REQUIRED
NESQUIK,NESQUIK,NIELSEN_EDP,INP_56985,UNMAPPED_COMPETITOR_OR_UNKNOWN,NO,,8,ACTION_REQUIRED
NESTLE,NESTLE,NIELSEN_EDP,INP_56985,UNMAPPED_COMPETITOR_OR_UNKNOWN,NO,,67,ACTION_REQUIRED
NIDO PETIT SUISSE,NIDO PETIT SUISSE,NIELSEN_EDP,INP_56985,UNMAPPED_COMPETITOR_OR_UNKNOWN,NO,,8,ACTION_REQUIRED
NUTRI VAKITA,NUTRI VAKITA,NIELSEN_EDP,INP_56985,UNMAPPED_COMPETITOR_OR_UNKNOWN,NO,,26,ACTION_REQUIRED
NUTRI YOGHURT,NUTRI YOGHURT,NIELSEN_EDP,INP_56985,UNMAPPED_COMPETITOR_OR_UNKNOWN,NO,,133,ACTION_REQUIRED
ONEI,ONEI,NIELSEN_EDP,INP_56985,UNMAPPED_COMPETITOR_OR_UNKNOWN,NO,,34,ACTION_REQUIRED
PALMALAC,PALMALAC,NIELSEN_EDP,INP_56985,UNMAPPED_COMPETITOR_OR_UNKNOWN,NO,,8,ACTION_REQUIRED
PASCUAL,PASCUAL,NIELSEN_EDP,INP_56985,UNMAPPED_COMPETITOR_OR_UNKNOWN,NO,,8,ACTION_REQUIRED
PETIZOO,PETIZOO,NIELSEN_EDP,INP_56985,UNMAPPED_COMPETITOR_OR_UNKNOWN,NO,,51,ACTION_REQUIRED
PINK,PINK,NIELSEN_EDP,INP_56985,UNMAPPED_COMPETITOR_OR_UNKNOWN,NO,,8,ACTION_REQUIRED
PL,PL,NIELSEN_EDP,INP_56985,UNMAPPED_COMPETITOR_OR_UNKNOWN,NO,,278,ACTION_REQUIRED
POSTRES GOLDI,POSTRES GOLDI,NIELSEN_EDP,INP_56985,UNMAPPED_COMPETITOR_OR_UNKNOWN,NO,,8,ACTION_REQUIRED
PROBIOTIC SOUL,PROBIOTIC SOUL,NIELSEN_EDP,INP_56985,UNMAPPED_COMPETITOR_OR_UNKNOWN,NO,,16,ACTION_REQUIRED
PRODUCTOS CHOYS,PRODUCTOS CHOYS,NIELSEN_EDP,INP_56985,UNMAPPED_COMPETITOR_OR_UNKNOWN,NO,,8,ACTION_REQUIRED
PRODUCTOS ROSITA,PRODUCTOS ROSITA,NIELSEN_EDP,INP_56985,UNMAPPED_COMPETITOR_OR_UNKNOWN,NO,,12,ACTION_REQUIRED
PROLEUKIN,PROLEUKIN,NIELSEN_EDP,INP_56985,UNMAPPED_COMPETITOR_OR_UNKNOWN,NO,,13,ACTION_REQUIRED
QUALITA FOODS,QUALITA FOODS,NIELSEN_EDP,INP_56985,UNMAPPED_COMPETITOR_OR_UNKNOWN,NO,,8,ACTION_REQUIRED
QUERETARO,QUERETARO,NIELSEN_EDP,INP_56985,UNMAPPED_COMPETITOR_OR_UNKNOWN,NO,,37,ACTION_REQUIRED
REINA,REINA,NIELSEN_EDP,INP_56985,UNMAPPED_COMPETITOR_OR_UNKNOWN,NO,,21,ACTION_REQUIRED
ROLY,ROLY,NIELSEN_EDP,INP_56985,UNMAPPED_COMPETITOR_OR_UNKNOWN,NO,,77,ACTION_REQUIRED
ROSITA,ROSITA,NIELSEN_EDP,INP_56985,UNMAPPED_COMPETITOR_OR_UNKNOWN,NO,,8,ACTION_REQUIRED
SABALITO,SABALITO,NIELSEN_EDP,INP_56985,UNMAPPED_COMPETITOR_OR_UNKNOWN,NO,,8,ACTION_REQUIRED
SABINO,SABINO,NIELSEN_EDP,INP_56985,UNMAPPED_COMPETITOR_OR_UNKNOWN,NO,,24,ACTION_REQUIRED
SABOR DEL HOGAR,SABOR DEL HOGAR,NIELSEN_EDP,INP_56985,UNMAPPED_COMPETITOR_OR_UNKNOWN,NO,,8,ACTION_REQUIRED
SALVA,SALVA,NIELSEN_EDP,INP_56985,UNMAPPED_COMPETITOR_OR_UNKNOWN,NO,,15,ACTION_REQUIRED
SAN JUAN,SAN JUAN,NIELSEN_EDP,INP_56985,UNMAPPED_COMPETITOR_OR_UNKNOWN,NO,,34,ACTION_REQUIRED
SAN MARCOS,SAN MARCOS,NIELSEN_EDP,INP_56985,UNMAPPED_COMPETITOR_OR_UNKNOWN,NO,,36,ACTION_REQUIRED
SANTE,SANTE,NIELSEN_EDP,INP_56985,UNMAPPED_COMPETITOR_OR_UNKNOWN,NO,,19,ACTION_REQUIRED
SELLO ROJO,SELLO ROJO,NIELSEN_EDP,INP_56985,UNMAPPED_COMPETITOR_OR_UNKNOWN,NO,,157,ACTION_REQUIRED
SENOR RICO,SENOR RICO,NIELSEN_EDP,INP_56985,UNMAPPED_COMPETITOR_OR_UNKNOWN,NO,,24,ACTION_REQUIRED
SIERRA VERDE,SIERRA VERDE,NIELSEN_EDP,INP_56985,UNMAPPED_COMPETITOR_OR_UNKNOWN,NO,,8,ACTION_REQUIRED
SILUETTE,SILUETTE,NIELSEN_EDP,INP_56985,UNMAPPED_COMPETITOR_OR_UNKNOWN,NO,,16,ACTION_REQUIRED
SIN MARCA,SIN MARCA,NIELSEN_EDP,INP_56985,UNMAPPED_COMPETITOR_OR_UNKNOWN,NO,,16,ACTION_REQUIRED
SLAVIANI,SLAVIANI,NIELSEN_EDP,INP_56985,UNMAPPED_COMPETITOR_OR_UNKNOWN,NO,,8,ACTION_REQUIRED
SNACKPACK,SNACKPACK,NIELSEN_EDP,INP_56985,UNMAPPED_COMPETITOR_OR_UNKNOWN,NO,,18,ACTION_REQUIRED
SOFUL,SOFUL,NIELSEN_EDP,INP_56985,UNMAPPED_COMPETITOR_OR_UNKNOWN,NO,,82,ACTION_REQUIRED
SOL DE MONTERREY,SOL DE MONTERREY,NIELSEN_EDP,INP_56985,UNMAPPED_COMPETITOR_OR_UNKNOWN,NO,,8,ACTION_REQUIRED
SORIANO,SORIANO,NIELSEN_EDP,INP_56985,UNMAPPED_COMPETITOR_OR_UNKNOWN,NO,,8,ACTION_REQUIRED
SVELTY,SVELTY,NIELSEN_EDP,INP_56985,UNMAPPED_COMPETITOR_OR_UNKNOWN,NO,,44,ACTION_REQUIRED
TEMAZCAL,TEMAZCAL,NIELSEN_EDP,INP_56985,UNMAPPED_COMPETITOR_OR_UNKNOWN,NO,,32,ACTION_REQUIRED
TIA VICKY,TIA VICKY,NIELSEN_EDP,INP_56985,UNMAPPED_COMPETITOR_OR_UNKNOWN,NO,,31,ACTION_REQUIRED
TIKITO,TIKITO,NIELSEN_EDP,INP_56985,UNMAPPED_COMPETITOR_OR_UNKNOWN,NO,,26,ACTION_REQUIRED
TROPI LEON,TROPI LEON,NIELSEN_EDP,INP_56985,UNMAPPED_COMPETITOR_OR_UNKNOWN,NO,,8,ACTION_REQUIRED
TUBAZO,TUBAZO,NIELSEN_EDP,INP_56985,UNMAPPED_COMPETITOR_OR_UNKNOWN,NO,,10,ACTION_REQUIRED
TUBIX,TUBIX,NIELSEN_EDP,INP_56985,UNMAPPED_COMPETITOR_OR_UNKNOWN,NO,,14,ACTION_REQUIRED
UNIGURT,UNIGURT,NIELSEN_EDP,INP_56985,UNMAPPED_COMPETITOR_OR_UNKNOWN,NO,,14,ACTION_REQUIRED
VEGGIE,VEGGIE,NIELSEN_EDP,INP_56985,UNMAPPED_COMPETITOR_OR_UNKNOWN,NO,,15,ACTION_REQUIRED
VENECIA,VENECIA,NIELSEN_EDP,INP_56985,UNMAPPED_COMPETITOR_OR_UNKNOWN,NO,,16,ACTION_REQUIRED
VENTRO,VENTRO,NIELSEN_EDP,INP_56985,UNMAPPED_COMPETITOR_OR_UNKNOWN,NO,,16,ACTION_REQUIRED
VIDAPLUS,VIDAPLUS,NIELSEN_EDP,INP_56985,UNMAPPED_COMPETITOR_OR_UNKNOWN,NO,,32,ACTION_REQUIRED
VILLA ALPINA,VILLA ALPINA,NIELSEN_EDP,INP_56985,UNMAPPED_COMPETITOR_OR_UNKNOWN,NO,,12,ACTION_REQUIRED
VILLA DE PATOS,VILLA DE PATOS,NIELSEN_EDP,INP_56985,UNMAPPED_COMPETITOR_OR_UNKNOWN,NO,,8,ACTION_REQUIRED
VILOE,VILOE,NIELSEN_EDP,INP_56985,UNMAPPED_COMPETITOR_OR_UNKNOWN,NO,,13,ACTION_REQUIRED
VIRY,VIRY,NIELSEN_EDP,INP_56985,UNMAPPED_COMPETITOR_OR_UNKNOWN,NO,,8,ACTION_REQUIRED
VITAGHURT,VITAGHURT,NIELSEN_EDP,INP_56985,UNMAPPED_COMPETITOR_OR_UNKNOWN,NO,,10,ACTION_REQUIRED
VITAL,VITAL,NIELSEN_EDP,INP_56985,UNMAPPED_COMPETITOR_OR_UNKNOWN,NO,,12,ACTION_REQUIRED
VIVE EN EQUILIBRIO,VIVE EN EQUILIBRIO,NIELSEN_EDP,INP_56985,UNMAPPED_COMPETITOR_OR_UNKNOWN,NO,,36,ACTION_REQUIRED
VIVENDI,VIVENDI,NIELSEN_EDP,INP_56985,UNMAPPED_COMPETITOR_OR_UNKNOWN,NO,,22,ACTION_REQUIRED
WAY FARE,WAY FARE,NIELSEN_EDP,INP_56985,UNMAPPED_COMPETITOR_OR_UNKNOWN,NO,,17,ACTION_REQUIRED
WAYFARE,WAYFARE,NIELSEN_EDP,INP_56985,UNMAPPED_COMPETITOR_OR_UNKNOWN,NO,,13,ACTION_REQUIRED
XCULT,XCULT,NIELSEN_EDP,INP_56985,UNMAPPED_COMPETITOR_OR_UNKNOWN,NO,,8,ACTION_REQUIRED
YAKULT,YAKULT,NIELSEN_EDP,INP_56985,UNMAPPED_COMPETITOR_OR_UNKNOWN,NO,,51,ACTION_REQUIRED
YAQUI,YAQUI,NIELSEN_EDP,INP_56985,UNMAPPED_COMPETITOR_OR_UNKNOWN,NO,,23,ACTION_REQUIRED
YO CRUNCH,YO CRUNCH,NIELSEN_EDP,INP_56985,UNMAPPED_COMPETITOR_OR_UNKNOWN,NO,,15,ACTION_REQUIRED
YOBELL,YOBELL,NIELSEN_EDP,INP_56985,UNMAPPED_COMPETITOR_OR_UNKNOWN,NO,,26,ACTION_REQUIRED
YOCREME,YOCREME,NIELSEN_EDP,INP_56985,UNMAPPED_COMPETITOR_OR_UNKNOWN,NO,,10,ACTION_REQUIRED
YOFRUT,YOFRUT,NIELSEN_EDP,INP_56985,UNMAPPED_COMPETITOR_OR_UNKNOWN,NO,,12,ACTION_REQUIRED
YOGU,YOGU,NIELSEN_EDP,INP_56985,UNMAPPED_COMPETITOR_OR_UNKNOWN,NO,,8,ACTION_REQUIRED
YOGU RICO,YOGU RICO,NIELSEN_EDP,INP_56985,UNMAPPED_COMPETITOR_OR_UNKNOWN,NO,,13,ACTION_REQUIRED
YOGURT DE COCO,YOGURT DE COCO,NIELSEN_EDP,INP_56985,UNMAPPED_COMPETITOR_OR_UNKNOWN,NO,,14,ACTION_REQUIRED
YOMI LALA,YOMI LALA,NIELSEN_EDP,INP_56985,UNMAPPED_COMPETITOR_OR_UNKNOWN,NO,,122,ACTION_REQUIRED
YOPLI,YOPLI,NIELSEN_EDP,INP_56985,UNMAPPED_COMPETITOR_OR_UNKNOWN,NO,,40,ACTION_REQUIRED
YOPLUS,YOPLUS,NIELSEN_EDP,INP_56985,UNMAPPED_COMPETITOR_OR_UNKNOWN,NO,,32,ACTION_REQUIRED
YOPSI,YOPSI,NIELSEN_EDP,INP_56985,UNMAPPED_COMPETITOR_OR_UNKNOWN,NO,,12,ACTION_REQUIRED
ZAHINI,ZAHINI,NIELSEN_EDP,INP_56985,UNMAPPED_COMPETITOR_OR_UNKNOWN,NO,,38,ACTION_REQUIRED
ZUMAR,ZUMAR,NIELSEN_EDP,INP_56985,UNMAPPED_COMPETITOR_OR_UNKNOWN,NO,,8,ACTION_REQUIRED
A DE COCO,A DE COCO,NIELSEN_PB,INP_56985,UNMAPPED_COMPETITOR_OR_UNKNOWN,NO,,10,ACTION_REQUIRED
ADES,ADES,NIELSEN_PB,INP_56985,UNMAPPED_COMPETITOR_OR_UNKNOWN,NO,,47,ACTION_REQUIRED
AMANDIN,AMANDIN,NIELSEN_PB,INP_56985,UNMAPPED_COMPETITOR_OR_UNKNOWN,NO,,1,ACTION_REQUIRED
AVELINA,AVELINA,NIELSEN_PB,INP_56985,UNMAPPED_COMPETITOR_OR_UNKNOWN,NO,,1,ACTION_REQUIRED
BANANOH,BANANOH,NIELSEN_PB,INP_56985,UNMAPPED_COMPETITOR_OR_UNKNOWN,NO,,3,ACTION_REQUIRED
BE CLEAR,BE CLEAR,NIELSEN_PB,INP_56985,UNMAPPED_COMPETITOR_OR_UNKNOWN,NO,,1,ACTION_REQUIRED
BIRDMAN,BIRDMAN,NIELSEN_PB,INP_56985,UNMAPPED_COMPETITOR_OR_UNKNOWN,NO,,4,ACTION_REQUIRED
BLUE DIAMOND,BLUE DIAMOND,NIELSEN_PB,INP_56985,UNMAPPED_COMPETITOR_OR_UNKNOWN,NO,,22,ACTION_REQUIRED
BOULDER,BOULDER,NIELSEN_PB,INP_56985,UNMAPPED_COMPETITOR_OR_UNKNOWN,NO,,2,ACTION_REQUIRED
CALAHUA,CALAHUA,NIELSEN_PB,INP_56985,UNMAPPED_COMPETITOR_OR_UNKNOWN,NO,,7,ACTION_REQUIRED
CALIFIA FARMS,CALIFIA FARMS,NIELSEN_PB,INP_56985,UNMAPPED_COMPETITOR_OR_UNKNOWN,NO,,24,ACTION_REQUIRED
CALIFORNIA SUNSHINE,CALIFORNIA SUNSHINE,NIELSEN_PB,INP_56985,UNMAPPED_COMPETITOR_OR_UNKNOWN,NO,,2,ACTION_REQUIRED
CALPIS,CALPIS,NIELSEN_PB,INP_56985,UNMAPPED_COMPETITOR_OR_UNKNOWN,NO,,1,ACTION_REQUIRED
CARNATION,CARNATION,NIELSEN_PB,INP_56985,UNMAPPED_COMPETITOR_OR_UNKNOWN,NO,,5,ACTION_REQUIRED
CHOBANI,CHOBANI,NIELSEN_PB,INP_56985,UNMAPPED_COMPETITOR_OR_UNKNOWN,NO,,10,ACTION_REQUIRED
CONDORELLI,CONDORELLI,NIELSEN_PB,INP_56985,UNMAPPED_COMPETITOR_OR_UNKNOWN,NO,,1,ACTION_REQUIRED
DEL VALLE,DEL VALLE,NIELSEN_PB,INP_56985,UNMAPPED_COMPETITOR_OR_UNKNOWN,NO,,1,ACTION_REQUIRED
ELMHURST,ELMHURST,NIELSEN_PB,INP_56985,UNMAPPED_COMPETITOR_OR_UNKNOWN,NO,,13,ACTION_REQUIRED
ESSENTIAL WAITROSE,ESSENTIAL WAITROSE,NIELSEN_PB,INP_56985,UNMAPPED_COMPETITOR_OR_UNKNOWN,NO,,2,ACTION_REQUIRED
GOOD KARMA,GOOD KARMA,NIELSEN_PB,INP_56985,UNMAPPED_COMPETITOR_OR_UNKNOWN,NO,,2,ACTION_REQUIRED
GRANVITA,GRANVITA,NIELSEN_PB,INP_56985,UNMAPPED_COMPETITOR_OR_UNKNOWN,NO,,2,ACTION_REQUIRED
GUD,GUD,NIELSEN_PB,INP_56985,UNMAPPED_COMPETITOR_OR_UNKNOWN,NO,,19,ACTION_REQUIRED
HAPPY DAY,HAPPY DAY,NIELSEN_PB,INP_56985,UNMAPPED_COMPETITOR_OR_UNKNOWN,NO,,2,ACTION_REQUIRED
HEARTBEST,HEARTBEST,NIELSEN_PB,INP_56985,UNMAPPED_COMPETITOR_OR_UNKNOWN,NO,,9,ACTION_REQUIRED
HERDEZ,HERDEZ,NIELSEN_PB,INP_56985,UNMAPPED_COMPETITOR_OR_UNKNOWN,NO,,1,ACTION_REQUIRED
ISOLA BIO,ISOLA BIO,NIELSEN_PB,INP_56985,UNMAPPED_COMPETITOR_OR_UNKNOWN,NO,,5,ACTION_REQUIRED
LA CASA DEL JUGO,LA CASA DEL JUGO,NIELSEN_PB,INP_56985,UNMAPPED_COMPETITOR_OR_UNKNOWN,NO,,1,ACTION_REQUIRED
LALA VITA,LALA VITA,NIELSEN_PB,INP_56985,UNMAPPED_COMPETITOR_OR_UNKNOWN,NO,,16,ACTION_REQUIRED
LEOLI,LEOLI,NIELSEN_PB,INP_56985,UNMAPPED_COMPETITOR_OR_UNKNOWN,NO,,2,ACTION_REQUIRED
MALK,MALK,NIELSEN_PB,INP_56985,UNMAPPED_COMPETITOR_OR_UNKNOWN,NO,,2,ACTION_REQUIRED
MAMMA CHIA,MAMMA CHIA,NIELSEN_PB,INP_56985,UNMAPPED_COMPETITOR_OR_UNKNOWN,NO,,2,ACTION_REQUIRED
MANDOR,MANDOR,NIELSEN_PB,INP_56985,UNMAPPED_COMPETITOR_OR_UNKNOWN,NO,,2,ACTION_REQUIRED
MARIANI,MARIANI,NIELSEN_PB,INP_56985,UNMAPPED_COMPETITOR_OR_UNKNOWN,NO,,3,ACTION_REQUIRED
MILKADAMIA,MILKADAMIA,NIELSEN_PB,INP_56985,UNMAPPED_COMPETITOR_OR_UNKNOWN,NO,,5,ACTION_REQUIRED
MOOALA,MOOALA,NIELSEN_PB,INP_56985,UNMAPPED_COMPETITOR_OR_UNKNOWN,NO,,10,ACTION_REQUIRED
MW POLAR,MW POLAR,NIELSEN_PB,INP_56985,UNMAPPED_COMPETITOR_OR_UNKNOWN,NO,,1,ACTION_REQUIRED
N JOY BRAND,N JOY BRAND,NIELSEN_PB,INP_56985,UNMAPPED_COMPETITOR_OR_UNKNOWN,NO,,2,ACTION_REQUIRED
NATUR ALL,NATUR ALL,NIELSEN_PB,INP_56985,UNMAPPED_COMPETITOR_OR_UNKNOWN,NO,,3,ACTION_REQUIRED
NATURAL GOOD SHAPE,NATURAL GOOD SHAPE,NIELSEN_PB,INP_56985,UNMAPPED_COMPETITOR_OR_UNKNOWN,NO,,1,ACTION_REQUIRED
NATURALS,NATURALS,NIELSEN_PB,INP_56985,UNMAPPED_COMPETITOR_OR_UNKNOWN,NO,,1,ACTION_REQUIRED
NATURES HEART,NATURES HEART,NIELSEN_PB,INP_56985,UNMAPPED_COMPETITOR_OR_UNKNOWN,NO,,43,ACTION_REQUIRED
NOTMILK,NOTMILK,NIELSEN_PB,INP_56985,UNMAPPED_COMPETITOR_OR_UNKNOWN,NO,,15,ACTION_REQUIRED
OAT WORLD,OAT WORLD,NIELSEN_PB,INP_56985,UNMAPPED_COMPETITOR_OR_UNKNOWN,NO,,4,ACTION_REQUIRED
OATLY,OATLY,NIELSEN_PB,INP_56985,UNMAPPED_COMPETITOR_OR_UNKNOWN,NO,,7,ACTION_REQUIRED
OKKO SUPER FOODS,OKKO SUPER FOODS,NIELSEN_PB,INP_56985,UNMAPPED_COMPETITOR_OR_UNKNOWN,NO,,1,ACTION_REQUIRED
PACIFIC,PACIFIC,NIELSEN_PB,INP_56985,UNMAPPED_COMPETITOR_OR_UNKNOWN,NO,,14,ACTION_REQUIRED
PEARL,PEARL,NIELSEN_PB,INP_56985,UNMAPPED_COMPETITOR_OR_UNKNOWN,NO,,2,ACTION_REQUIRED
PL,PL,NIELSEN_PB,INP_56985,UNMAPPED_COMPETITOR_OR_UNKNOWN,NO,,1,ACTION_REQUIRED
PLANT,PLANT,NIELSEN_PB,INP_56985,UNMAPPED_COMPETITOR_OR_UNKNOWN,NO,,4,ACTION_REQUIRED
PLANT FOLK,PLANT FOLK,NIELSEN_PB,INP_56985,UNMAPPED_COMPETITOR_OR_UNKNOWN,NO,,4,ACTION_REQUIRED
PROVAMEL,PROVAMEL,NIELSEN_PB,INP_56985,UNMAPPED_COMPETITOR_OR_UNKNOWN,NO,,1,ACTION_REQUIRED
PURE,PURE,NIELSEN_PB,INP_56985,UNMAPPED_COMPETITOR_OR_UNKNOWN,NO,,1,ACTION_REQUIRED
REAL NATURAL,REAL NATURAL,NIELSEN_PB,INP_56985,UNMAPPED_COMPETITOR_OR_UNKNOWN,NO,,6,ACTION_REQUIRED
RICE DREAM,RICE DREAM,NIELSEN_PB,INP_56985,UNMAPPED_COMPETITOR_OR_UNKNOWN,NO,,2,ACTION_REQUIRED
RIPPLE,RIPPLE,NIELSEN_PB,INP_56985,UNMAPPED_COMPETITOR_OR_UNKNOWN,NO,,7,ACTION_REQUIRED
ROCKVIEW,ROCKVIEW,NIELSEN_PB,INP_56985,UNMAPPED_COMPETITOR_OR_UNKNOWN,NO,,4,ACTION_REQUIRED
RUDE HEALTH,RUDE HEALTH,NIELSEN_PB,INP_56985,UNMAPPED_COMPETITOR_OR_UNKNOWN,NO,,3,ACTION_REQUIRED
SAN MIGUEL,SAN MIGUEL,NIELSEN_PB,INP_56985,UNMAPPED_COMPETITOR_OR_UNKNOWN,NO,,1,ACTION_REQUIRED
SIN MARCA,SIN MARCA,NIELSEN_PB,INP_56985,UNMAPPED_COMPETITOR_OR_UNKNOWN,NO,,2,ACTION_REQUIRED
SOLE,SOLE,NIELSEN_PB,INP_56985,UNMAPPED_COMPETITOR_OR_UNKNOWN,NO,,3,ACTION_REQUIRED
SOY,SOY,NIELSEN_PB,INP_56985,UNMAPPED_COMPETITOR_OR_UNKNOWN,NO,,5,ACTION_REQUIRED
SOYALAC,SOYALAC,NIELSEN_PB,INP_56985,UNMAPPED_COMPETITOR_OR_UNKNOWN,NO,,1,ACTION_REQUIRED
SOYAPAC,SOYAPAC,NIELSEN_PB,INP_56985,UNMAPPED_COMPETITOR_OR_UNKNOWN,NO,,1,ACTION_REQUIRED
THAI,THAI,NIELSEN_PB,INP_56985,UNMAPPED_COMPETITOR_OR_UNKNOWN,NO,,1,ACTION_REQUIRED
THAI COCO,THAI COCO,NIELSEN_PB,INP_56985,UNMAPPED_COMPETITOR_OR_UNKNOWN,NO,,4,ACTION_REQUIRED
THAI HERITAGE,THAI HERITAGE,NIELSEN_PB,INP_56985,UNMAPPED_COMPETITOR_OR_UNKNOWN,NO,,2,ACTION_REQUIRED
THAI KITCHEN,THAI KITCHEN,NIELSEN_PB,INP_56985,UNMAPPED_COMPETITOR_OR_UNKNOWN,NO,,1,ACTION_REQUIRED
TWO BEARS,TWO BEARS,NIELSEN_PB,INP_56985,UNMAPPED_COMPETITOR_OR_UNKNOWN,NO,,4,ACTION_REQUIRED
UTEKI,UTEKI,NIELSEN_PB,INP_56985,UNMAPPED_COMPETITOR_OR_UNKNOWN,NO,,1,ACTION_REQUIRED
VILLA DE PATOS,VILLA DE PATOS,NIELSEN_PB,INP_56985,UNMAPPED_COMPETITOR_OR_UNKNOWN,NO,,1,ACTION_REQUIRED
WEST SOY,WEST SOY,NIELSEN_PB,INP_56985,UNMAPPED_COMPETITOR_OR_UNKNOWN,NO,,1,ACTION_REQUIRED
WILD HARVEST,WILD HARVEST,NIELSEN_PB,INP_56985,UNMAPPED_COMPETITOR_OR_UNKNOWN,NO,,1,ACTION_REQUIRED
YUMMA AVOCADO,YUMMA AVOCADO,NIELSEN_PB,INP_56985,UNMAPPED_COMPETITOR_OR_UNKNOWN,NO,,1,ACTION_REQUIRED
A DE COCO,A DE COCO,NIELSEN_WATER_RT,CSTM_310589,UNMAPPED_COMPETITOR_OR_UNKNOWN,NO,,21,ACTION_REQUIRED
ACAPULCO,ACAPULCO,NIELSEN_WATER_RT,CSTM_310589,UNMAPPED_COMPETITOR_OR_UNKNOWN,NO,,15,ACTION_REQUIRED
ACAPULCOCO,ACAPULCOCO,NIELSEN_WATER_RT,CSTM_310589,UNMAPPED_COMPETITOR_OR_UNKNOWN,NO,,28,ACTION_REQUIRED
AGUA AZUL,AGUA AZUL,NIELSEN_WATER_RT,CSTM_310589,UNMAPPED_COMPETITOR_OR_UNKNOWN,NO,,14,ACTION_REQUIRED
AGUA PURA,AGUA PURA,NIELSEN_WATER_RT,CSTM_310589,UNMAPPED_COMPETITOR_OR_UNKNOWN,NO,,5,ACTION_REQUIRED
AGUAFIEL,AGUAFIEL,NIELSEN_WATER_RT,CSTM_310589,UNMAPPED_COMPETITOR_OR_UNKNOWN,NO,,87,ACTION_REQUIRED
AGUITAS,AGUITAS,NIELSEN_WATER_RT,CSTM_310589,UNMAPPED_COMPETITOR_OR_UNKNOWN,NO,,9,ACTION_REQUIRED
AL DIA,AL DIA,NIELSEN_WATER_RT,CSTM_310589,UNMAPPED_COMPETITOR_OR_UNKNOWN,NO,,24,ACTION_REQUIRED
ALPINA,ALPINA,NIELSEN_WATER_RT,CSTM_310589,UNMAPPED_COMPETITOR_OR_UNKNOWN,NO,,9,ACTION_REQUIRED
AQUA,AQUA,NIELSEN_WATER_RT,CSTM_310589,UNMAPPED_COMPETITOR_OR_UNKNOWN,NO,,31,ACTION_REQUIRED
AQUA PURA,AQUA PURA,NIELSEN_WATER_RT,CSTM_310589,UNMAPPED_COMPETITOR_OR_UNKNOWN,NO,,22,ACTION_REQUIRED
AQUA VITA,AQUA VITA,NIELSEN_WATER_RT,CSTM_310589,UNMAPPED_COMPETITOR_OR_UNKNOWN,NO,,6,ACTION_REQUIRED
ARCOIRIS,ARCOIRIS,NIELSEN_WATER_RT,CSTM_310589,UNMAPPED_COMPETITOR_OR_UNKNOWN,NO,,6,ACTION_REQUIRED
ARIZONA,ARIZONA,NIELSEN_WATER_RT,CSTM_310589,UNMAPPED_COMPETITOR_OR_UNKNOWN,NO,,56,ACTION_REQUIRED
ARROWHEAD,ARROWHEAD,NIELSEN_WATER_RT,CSTM_310589,UNMAPPED_COMPETITOR_OR_UNKNOWN,NO,,27,ACTION_REQUIRED
AURORA,AURORA,NIELSEN_WATER_RT,CSTM_310589,UNMAPPED_COMPETITOR_OR_UNKNOWN,NO,,25,ACTION_REQUIRED
AWA,AWA,NIELSEN_WATER_RT,CSTM_310589,UNMAPPED_COMPETITOR_OR_UNKNOWN,NO,,24,ACTION_REQUIRED
BAVIEN,BAVIEN,NIELSEN_WATER_RT,CSTM_310589,UNMAPPED_COMPETITOR_OR_UNKNOWN,NO,,16,ACTION_REQUIRED
BE LIGHT,BE LIGHT,NIELSEN_WATER_RT,CSTM_310589,UNMAPPED_COMPETITOR_OR_UNKNOWN,NO,,33,ACTION_REQUIRED
BEBERE FRUT,BEBERE FRUT,NIELSEN_WATER_RT,CSTM_310589,UNMAPPED_COMPETITOR_OR_UNKNOWN,NO,,24,ACTION_REQUIRED
BIG,BIG,NIELSEN_WATER_RT,CSTM_310589,UNMAPPED_COMPETITOR_OR_UNKNOWN,NO,,96,ACTION_REQUIRED
BIG AQUA VITAL,BIG AQUA VITAL,NIELSEN_WATER_RT,CSTM_310589,UNMAPPED_COMPETITOR_OR_UNKNOWN,NO,,39,ACTION_REQUIRED
BLANQUITA,BLANQUITA,NIELSEN_WATER_RT,CSTM_310589,UNMAPPED_COMPETITOR_OR_UNKNOWN,NO,,48,ACTION_REQUIRED
BOING,BOING,NIELSEN_WATER_RT,CSTM_310589,UNMAPPED_COMPETITOR_OR_UNKNOWN,NO,,50,ACTION_REQUIRED
BONAFINA,BONAFINA,NIELSEN_WATER_RT,CSTM_310589,UNMAPPED_COMPETITOR_OR_UNKNOWN,NO,,102,ACTION_REQUIRED
BONLATTI,BONLATTI,NIELSEN_WATER_RT,CSTM_310589,UNMAPPED_COMPETITOR_OR_UNKNOWN,NO,,6,ACTION_REQUIRED
BUONA,BUONA,NIELSEN_WATER_RT,CSTM_310589,UNMAPPED_COMPETITOR_OR_UNKNOWN,NO,,14,ACTION_REQUIRED
CACTUS,CACTUS,NIELSEN_WATER_RT,CSTM_310589,UNMAPPED_COMPETITOR_OR_UNKNOWN,NO,,36,ACTION_REQUIRED
CALAHUA,CALAHUA,NIELSEN_WATER_RT,CSTM_310589,UNMAPPED_COMPETITOR_OR_UNKNOWN,NO,,10,ACTION_REQUIRED
CAPRISUN,CAPRISUN,NIELSEN_WATER_RT,CSTM_310589,UNMAPPED_COMPETITOR_OR_UNKNOWN,NO,,46,ACTION_REQUIRED
CASCADA,CASCADA,NIELSEN_WATER_RT,CSTM_310589,UNMAPPED_COMPETITOR_OR_UNKNOWN,NO,,6,ACTION_REQUIRED
CHAPARRITA,CHAPARRITA,NIELSEN_WATER_RT,CSTM_310589,UNMAPPED_COMPETITOR_OR_UNKNOWN,NO,,14,ACTION_REQUIRED
CHECHI,CHECHI,NIELSEN_WATER_RT,CSTM_310589,UNMAPPED_COMPETITOR_OR_UNKNOWN,NO,,22,ACTION_REQUIRED
CLARA,CLARA,NIELSEN_WATER_RT,CSTM_310589,UNMAPPED_COMPETITOR_OR_UNKNOWN,NO,,19,ACTION_REQUIRED
CLIGHT,CLIGHT,NIELSEN_WATER_RT,CSTM_310589,UNMAPPED_COMPETITOR_OR_UNKNOWN,NO,,6,ACTION_REQUIRED
COCO NIAU,COCO NIAU,NIELSEN_WATER_RT,CSTM_310589,UNMAPPED_COMPETITOR_OR_UNKNOWN,NO,,12,ACTION_REQUIRED
COYUCA,COYUCA,NIELSEN_WATER_RT,CSTM_310589,UNMAPPED_COMPETITOR_OR_UNKNOWN,NO,,14,ACTION_REQUIRED
CRISTAL,CRISTAL,NIELSEN_WATER_RT,CSTM_310589,UNMAPPED_COMPETITOR_OR_UNKNOWN,NO,,75,ACTION_REQUIRED
CRYSPURA,CRYSPURA,NIELSEN_WATER_RT,CSTM_310589,UNMAPPED_COMPETITOR_OR_UNKNOWN,NO,,32,ACTION_REQUIRED
CRYSTAL,CRYSTAL,NIELSEN_WATER_RT,CSTM_310589,UNMAPPED_COMPETITOR_OR_UNKNOWN,NO,,28,ACTION_REQUIRED
D'SOLARES,D'SOLARES,NIELSEN_WATER_RT,CSTM_310589,UNMAPPED_COMPETITOR_OR_UNKNOWN,NO,,29,ACTION_REQUIRED
DASANI,DASANI,NIELSEN_WATER_RT,CSTM_310589,UNMAPPED_COMPETITOR_OR_UNKNOWN,NO,,12,ACTION_REQUIRED
DE LOS ANGELES,DE LOS ANGELES,NIELSEN_WATER_RT,CSTM_310589,UNMAPPED_COMPETITOR_OR_UNKNOWN,NO,,6,ACTION_REQUIRED
DEL VALLE,DEL VALLE,NIELSEN_WATER_RT,CSTM_310589,UNMAPPED_COMPETITOR_OR_UNKNOWN,NO,,106,ACTION_REQUIRED
DELAWARE PUNCH,DELAWARE PUNCH,NIELSEN_WATER_RT,CSTM_310589,UNMAPPED_COMPETITOR_OR_UNKNOWN,NO,,47,ACTION_REQUIRED
DELICIAS,DELICIAS,NIELSEN_WATER_RT,CSTM_310589,UNMAPPED_COMPETITOR_OR_UNKNOWN,NO,,6,ACTION_REQUIRED
E-PURA,E-PURA,NIELSEN_WATER_RT,CSTM_310589,UNMAPPED_COMPETITOR_OR_UNKNOWN,NO,,91,ACTION_REQUIRED
E-PURA BEBE,E-PURA BEBE,NIELSEN_WATER_RT,CSTM_310589,UNMAPPED_COMPETITOR_OR_UNKNOWN,NO,,12,ACTION_REQUIRED
E-PURITA,E-PURITA,NIELSEN_WATER_RT,CSTM_310589,UNMAPPED_COMPETITOR_OR_UNKNOWN,NO,,16,ACTION_REQUIRED
EL MEXICANO,EL MEXICANO,NIELSEN_WATER_RT,CSTM_310589,UNMAPPED_COMPETITOR_OR_UNKNOWN,NO,,12,ACTION_REQUIRED
ELECTROPURA,ELECTROPURA,NIELSEN_WATER_RT,CSTM_310589,UNMAPPED_COMPETITOR_OR_UNKNOWN,NO,,19,ACTION_REQUIRED
ENERGIE,ENERGIE,NIELSEN_WATER_RT,CSTM_310589,UNMAPPED_COMPETITOR_OR_UNKNOWN,NO,,10,ACTION_REQUIRED
FARAON,FARAON,NIELSEN_WATER_RT,CSTM_310589,UNMAPPED_COMPETITOR_OR_UNKNOWN,NO,,16,ACTION_REQUIRED
FESTIN,FESTIN,NIELSEN_WATER_RT,CSTM_310589,UNMAPPED_COMPETITOR_OR_UNKNOWN,NO,,6,ACTION_REQUIRED
FITLINE,FITLINE,NIELSEN_WATER_RT,CSTM_310589,UNMAPPED_COMPETITOR_OR_UNKNOWN,NO,,8,ACTION_REQUIRED
FLORIDA 7,FLORIDA 7,NIELSEN_WATER_RT,CSTM_310589,UNMAPPED_COMPETITOR_OR_UNKNOWN,NO,,23,ACTION_REQUIRED
FRIKO,FRIKO,NIELSEN_WATER_RT,CSTM_310589,UNMAPPED_COMPETITOR_OR_UNKNOWN,NO,,6,ACTION_REQUIRED
FRUT,FRUT,NIELSEN_WATER_RT,CSTM_310589,UNMAPPED_COMPETITOR_OR_UNKNOWN,NO,,2,ACTION_REQUIRED
FRUTI QUEKO,FRUTI QUEKO,NIELSEN_WATER_RT,CSTM_310589,UNMAPPED_COMPETITOR_OR_UNKNOWN,NO,,31,ACTION_REQUIRED
FRUTIER,FRUTIER,NIELSEN_WATER_RT,CSTM_310589,UNMAPPED_COMPETITOR_OR_UNKNOWN,NO,,9,ACTION_REQUIRED
FRUTOS DE VIDA,FRUTOS DE VIDA,NIELSEN_WATER_RT,CSTM_310589,UNMAPPED_COMPETITOR_OR_UNKNOWN,NO,,18,ACTION_REQUIRED
FRUTSI,FRUTSI,NIELSEN_WATER_RT,CSTM_310589,UNMAPPED_COMPETITOR_OR_UNKNOWN,NO,,35,ACTION_REQUIRED
FUENSANTA,FUENSANTA,NIELSEN_WATER_RT,CSTM_310589,UNMAPPED_COMPETITOR_OR_UNKNOWN,NO,,29,ACTION_REQUIRED
FUZE,FUZE,NIELSEN_WATER_RT,CSTM_310589,UNMAPPED_COMPETITOR_OR_UNKNOWN,NO,,6,ACTION_REQUIRED
GERBER,GERBER,NIELSEN_WATER_RT,CSTM_310589,UNMAPPED_COMPETITOR_OR_UNKNOWN,NO,,120,ACTION_REQUIRED
GLACEAU,GLACEAU,NIELSEN_WATER_RT,CSTM_310589,UNMAPPED_COMPETITOR_OR_UNKNOWN,NO,,25,ACTION_REQUIRED
GLACIAL,GLACIAL,NIELSEN_WATER_RT,CSTM_310589,UNMAPPED_COMPETITOR_OR_UNKNOWN,NO,,10,ACTION_REQUIRED
GUD,GUD,NIELSEN_WATER_RT,CSTM_310589,UNMAPPED_COMPETITOR_OR_UNKNOWN,NO,,12,ACTION_REQUIRED
GUGAR,GUGAR,NIELSEN_WATER_RT,CSTM_310589,UNMAPPED_COMPETITOR_OR_UNKNOWN,NO,,50,ACTION_REQUIRED
GUGARIN,GUGARIN,NIELSEN_WATER_RT,CSTM_310589,UNMAPPED_COMPETITOR_OR_UNKNOWN,NO,,9,ACTION_REQUIRED
GYM WATER,GYM WATER,NIELSEN_WATER_RT,CSTM_310589,UNMAPPED_COMPETITOR_OR_UNKNOWN,NO,,21,ACTION_REQUIRED
HARMONY BROOK,HARMONY BROOK,NIELSEN_WATER_RT,CSTM_310589,UNMAPPED_COMPETITOR_OR_UNKNOWN,NO,,16,ACTION_REQUIRED
HAWAIIAN PUNCH,HAWAIIAN PUNCH,NIELSEN_WATER_RT,CSTM_310589,UNMAPPED_COMPETITOR_OR_UNKNOWN,NO,,20,ACTION_REQUIRED
HIDROPURA,HIDROPURA,NIELSEN_WATER_RT,CSTM_310589,UNMAPPED_COMPETITOR_OR_UNKNOWN,NO,,20,ACTION_REQUIRED
JARRITA,JARRITA,NIELSEN_WATER_RT,CSTM_310589,UNMAPPED_COMPETITOR_OR_UNKNOWN,NO,,6,ACTION_REQUIRED
JERSEY,JERSEY,NIELSEN_WATER_RT,CSTM_310589,UNMAPPED_COMPETITOR_OR_UNKNOWN,NO,,24,ACTION_REQUIRED
JULIGHT,JULIGHT,NIELSEN_WATER_RT,CSTM_310589,UNMAPPED_COMPETITOR_OR_UNKNOWN,NO,,8,ACTION_REQUIRED
JUMEX FRESH,JUMEX FRESH,NIELSEN_WATER_RT,CSTM_310589,UNMAPPED_COMPETITOR_OR_UNKNOWN,NO,,40,ACTION_REQUIRED
JUMEX MIA,JUMEX MIA,NIELSEN_WATER_RT,CSTM_310589,UNMAPPED_COMPETITOR_OR_UNKNOWN,NO,,17,ACTION_REQUIRED
JUNGHANNS,JUNGHANNS,NIELSEN_WATER_RT,CSTM_310589,UNMAPPED_COMPETITOR_OR_UNKNOWN,NO,,10,ACTION_REQUIRED
KABALA,KABALA,NIELSEN_WATER_RT,CSTM_310589,UNMAPPED_COMPETITOR_OR_UNKNOWN,NO,,6,ACTION_REQUIRED
KING FRUT,KING FRUT,NIELSEN_WATER_RT,CSTM_310589,UNMAPPED_COMPETITOR_OR_UNKNOWN,NO,,11,ACTION_REQUIRED
KOOL-AID,KOOL-AID,NIELSEN_WATER_RT,CSTM_310589,UNMAPPED_COMPETITOR_OR_UNKNOWN,NO,,19,ACTION_REQUIRED
LA JOLLA,LA JOLLA,NIELSEN_WATER_RT,CSTM_310589,UNMAPPED_COMPETITOR_OR_UNKNOWN,NO,,19,ACTION_REQUIRED
LA NORIA,LA NORIA,NIELSEN_WATER_RT,CSTM_310589,UNMAPPED_COMPETITOR_OR_UNKNOWN,NO,,6,ACTION_REQUIRED
LAS BRISAS,LAS BRISAS,NIELSEN_WATER_RT,CSTM_310589,UNMAPPED_COMPETITOR_OR_UNKNOWN,NO,,20,ACTION_REQUIRED
LAS PUENTES,LAS PUENTES,NIELSEN_WATER_RT,CSTM_310589,UNMAPPED_COMPETITOR_OR_UNKNOWN,NO,,6,ACTION_REQUIRED
LEON,LEON,NIELSEN_WATER_RT,CSTM_310589,UNMAPPED_COMPETITOR_OR_UNKNOWN,NO,,7,ACTION_REQUIRED
LOS 19 HERMANOS,LOS 19 HERMANOS,NIELSEN_WATER_RT,CSTM_310589,UNMAPPED_COMPETITOR_OR_UNKNOWN,NO,,72,ACTION_REQUIRED
LOS ALPES,LOS ALPES,NIELSEN_WATER_RT,CSTM_310589,UNMAPPED_COMPETITOR_OR_UNKNOWN,NO,,10,ACTION_REQUIRED
LYDER,LYDER,NIELSEN_WATER_RT,CSTM_310589,UNMAPPED_COMPETITOR_OR_UNKNOWN,NO,,6,ACTION_REQUIRED
MANANTIAL,MANANTIAL,NIELSEN_WATER_RT,CSTM_310589,UNMAPPED_COMPETITOR_OR_UNKNOWN,NO,,6,ACTION_REQUIRED
MINUTE MAID,MINUTE MAID,NIELSEN_WATER_RT,CSTM_310589,UNMAPPED_COMPETITOR_OR_UNKNOWN,NO,,45,ACTION_REQUIRED
MISTER Q,MISTER Q,NIELSEN_WATER_RT,CSTM_310589,UNMAPPED_COMPETITOR_OR_UNKNOWN,NO,,15,ACTION_REQUIRED
MONDARIZ,MONDARIZ,NIELSEN_WATER_RT,CSTM_310589,UNMAPPED_COMPETITOR_OR_UNKNOWN,NO,,9,ACTION_REQUIRED
NATURES HEART,NATURES HEART,NIELSEN_WATER_RT,CSTM_310589,UNMAPPED_COMPETITOR_OR_UNKNOWN,NO,,16,ACTION_REQUIRED
NIAGARA,NIAGARA,NIELSEN_WATER_RT,CSTM_310589,UNMAPPED_COMPETITOR_OR_UNKNOWN,NO,,27,ACTION_REQUIRED
NOSSO COCO,NOSSO COCO,NIELSEN_WATER_RT,CSTM_310589,UNMAPPED_COMPETITOR_OR_UNKNOWN,NO,,21,ACTION_REQUIRED
NOVALIV,NOVALIV,NIELSEN_WATER_RT,CSTM_310589,UNMAPPED_COMPETITOR_OR_UNKNOWN,NO,,45,ACTION_REQUIRED
OASIS,OASIS,NIELSEN_WATER_RT,CSTM_310589,UNMAPPED_COMPETITOR_OR_UNKNOWN,NO,,41,ACTION_REQUIRED
OSO POKY,OSO POKY,NIELSEN_WATER_RT,CSTM_310589,UNMAPPED_COMPETITOR_OR_UNKNOWN,NO,,13,ACTION_REQUIRED
OTHERS MARCA,OTHERS MARCA,NIELSEN_WATER_RT,CSTM_310589,UNMAPPED_COMPETITOR_OR_UNKNOWN,NO,,3570,ACTION_REQUIRED
OYE,OYE,NIELSEN_WATER_RT,CSTM_310589,UNMAPPED_COMPETITOR_OR_UNKNOWN,NO,,9,ACTION_REQUIRED
PATO PASCUAL,PATO PASCUAL,NIELSEN_WATER_RT,CSTM_310589,UNMAPPED_COMPETITOR_OR_UNKNOWN,NO,,12,ACTION_REQUIRED
PENA PURA,PENA PURA,NIELSEN_WATER_RT,CSTM_310589,UNMAPPED_COMPETITOR_OR_UNKNOWN,NO,,15,ACTION_REQUIRED
PL,PL,NIELSEN_WATER_RT,CSTM_310589,UNMAPPED_COMPETITOR_OR_UNKNOWN,NO,,20,ACTION_REQUIRED
POWER PUNCH,POWER PUNCH,NIELSEN_WATER_RT,CSTM_310589,UNMAPPED_COMPETITOR_OR_UNKNOWN,NO,,27,ACTION_REQUIRED
POWERADE,POWERADE,NIELSEN_WATER_RT,CSTM_310589,UNMAPPED_COMPETITOR_OR_UNKNOWN,NO,,16,ACTION_REQUIRED
PREMIER,PREMIER,NIELSEN_WATER_RT,CSTM_310589,UNMAPPED_COMPETITOR_OR_UNKNOWN,NO,,32,ACTION_REQUIRED
PROPEL,PROPEL,NIELSEN_WATER_RT,CSTM_310589,UNMAPPED_COMPETITOR_OR_UNKNOWN,NO,,9,ACTION_REQUIRED
PULPY,PULPY,NIELSEN_WATER_RT,CSTM_310589,UNMAPPED_COMPETITOR_OR_UNKNOWN,NO,,8,ACTION_REQUIRED
PURA SOL,PURA SOL,NIELSEN_WATER_RT,CSTM_310589,UNMAPPED_COMPETITOR_OR_UNKNOWN,NO,,14,ACTION_REQUIRED
PURE LIFE,PURE LIFE,NIELSEN_WATER_RT,CSTM_310589,UNMAPPED_COMPETITOR_OR_UNKNOWN,NO,,10,ACTION_REQUIRED
PURISIMA,PURISIMA,NIELSEN_WATER_RT,CSTM_310589,UNMAPPED_COMPETITOR_OR_UNKNOWN,NO,,15,ACTION_REQUIRED
ROCIO,ROCIO,NIELSEN_WATER_RT,CSTM_310589,UNMAPPED_COMPETITOR_OR_UNKNOWN,NO,,13,ACTION_REQUIRED
SABOR X,SABOR X,NIELSEN_WATER_RT,CSTM_310589,UNMAPPED_COMPETITOR_OR_UNKNOWN,NO,,16,ACTION_REQUIRED
SABOREX,SABOREX,NIELSEN_WATER_RT,CSTM_310589,UNMAPPED_COMPETITOR_OR_UNKNOWN,NO,,6,ACTION_REQUIRED
SAFARI,SAFARI,NIELSEN_WATER_RT,CSTM_310589,UNMAPPED_COMPETITOR_OR_UNKNOWN,NO,,23,ACTION_REQUIRED
SAN JUDAS TADEO,SAN JUDAS TADEO,NIELSEN_WATER_RT,CSTM_310589,UNMAPPED_COMPETITOR_OR_UNKNOWN,NO,,25,ACTION_REQUIRED
SANTA MARIA COAHUILA,SANTA MARIA COAHUILA,NIELSEN_WATER_RT,CSTM_310589,UNMAPPED_COMPETITOR_OR_UNKNOWN,NO,,20,ACTION_REQUIRED
SANTA MONICA,SANTA MONICA,NIELSEN_WATER_RT,CSTM_310589,UNMAPPED_COMPETITOR_OR_UNKNOWN,NO,,10,ACTION_REQUIRED
SANTORINI,SANTORINI,NIELSEN_WATER_RT,CSTM_310589,UNMAPPED_COMPETITOR_OR_UNKNOWN,NO,,34,ACTION_REQUIRED
SELLO ROJO,SELLO ROJO,NIELSEN_WATER_RT,CSTM_310589,UNMAPPED_COMPETITOR_OR_UNKNOWN,NO,,48,ACTION_REQUIRED
SHANDY,SHANDY,NIELSEN_WATER_RT,CSTM_310589,UNMAPPED_COMPETITOR_OR_UNKNOWN,NO,,2,ACTION_REQUIRED
SIERRA AZUL,SIERRA AZUL,NIELSEN_WATER_RT,CSTM_310589,UNMAPPED_COMPETITOR_OR_UNKNOWN,NO,,41,ACTION_REQUIRED
SKARCH,SKARCH,NIELSEN_WATER_RT,CSTM_310589,UNMAPPED_COMPETITOR_OR_UNKNOWN,NO,,69,ACTION_REQUIRED
SNAPPLE,SNAPPLE,NIELSEN_WATER_RT,CSTM_310589,UNMAPPED_COMPETITOR_OR_UNKNOWN,NO,,19,ACTION_REQUIRED
SOLEM,SOLEM,NIELSEN_WATER_RT,CSTM_310589,UNMAPPED_COMPETITOR_OR_UNKNOWN,NO,,27,ACTION_REQUIRED
SONRISA,SONRISA,NIELSEN_WATER_RT,CSTM_310589,UNMAPPED_COMPETITOR_OR_UNKNOWN,NO,,6,ACTION_REQUIRED
SPARKLETTS,SPARKLETTS,NIELSEN_WATER_RT,CSTM_310589,UNMAPPED_COMPETITOR_OR_UNKNOWN,NO,,24,ACTION_REQUIRED
STA. MARIA -NESTLE-,STA. MARIA -NESTLE-,NIELSEN_WATER_RT,CSTM_310589,UNMAPPED_COMPETITOR_OR_UNKNOWN,NO,,71,ACTION_REQUIRED
SUN LIGHT,SUN LIGHT,NIELSEN_WATER_RT,CSTM_310589,UNMAPPED_COMPETITOR_OR_UNKNOWN,NO,,10,ACTION_REQUIRED
SUPER STAR,SUPER STAR,NIELSEN_WATER_RT,CSTM_310589,UNMAPPED_COMPETITOR_OR_UNKNOWN,NO,,19,ACTION_REQUIRED
TAMPICO,TAMPICO,NIELSEN_WATER_RT,CSTM_310589,UNMAPPED_COMPETITOR_OR_UNKNOWN,NO,,85,ACTION_REQUIRED
TROPIFRUT,TROPIFRUT,NIELSEN_WATER_RT,CSTM_310589,UNMAPPED_COMPETITOR_OR_UNKNOWN,NO,,32,ACTION_REQUIRED
VALLE FRUT,VALLE FRUT,NIELSEN_WATER_RT,CSTM_310589,UNMAPPED_COMPETITOR_OR_UNKNOWN,NO,,113,ACTION_REQUIRED
VICTORIA,VICTORIA,NIELSEN_WATER_RT,CSTM_310589,UNMAPPED_COMPETITOR_OR_UNKNOWN,NO,,30,ACTION_REQUIRED
VIKA 8.5,VIKA 8.5,NIELSEN_WATER_RT,CSTM_310589,UNMAPPED_COMPETITOR_OR_UNKNOWN,NO,,10,ACTION_REQUIRED
VILLA DE PATOS,VILLA DE PATOS,NIELSEN_WATER_RT,CSTM_310589,UNMAPPED_COMPETITOR_OR_UNKNOWN,NO,,10,ACTION_REQUIRED
VIRY,VIRY,NIELSEN_WATER_RT,CSTM_310589,UNMAPPED_COMPETITOR_OR_UNKNOWN,NO,,12,ACTION_REQUIRED
VOSS,VOSS,NIELSEN_WATER_RT,CSTM_310589,UNMAPPED_COMPETITOR_OR_UNKNOWN,NO,,27,ACTION_REQUIRED
WELCH'S,WELCH'S,NIELSEN_WATER_RT,CSTM_310589,UNMAPPED_COMPETITOR_OR_UNKNOWN,NO,,14,ACTION_REQUIRED
WINKY,WINKY,NIELSEN_WATER_RT,CSTM_310589,UNMAPPED_COMPETITOR_OR_UNKNOWN,NO,,18,ACTION_REQUIRED
XALLAPAN,XALLAPAN,NIELSEN_WATER_RT,CSTM_310589,UNMAPPED_COMPETITOR_OR_UNKNOWN,NO,,16,ACTION_REQUIRED
YUKAI,YUKAI,NIELSEN_WATER_RT,CSTM_310589,UNMAPPED_COMPETITOR_OR_UNKNOWN,NO,,9,ACTION_REQUIRED
ZAMBA,ZAMBA,NIELSEN_WATER_RT,CSTM_310589,UNMAPPED_COMPETITOR_OR_UNKNOWN,NO,,30,ACTION_REQUIRED
ZOE,ZOE,NIELSEN_WATER_RT,CSTM_310589,UNMAPPED_COMPETITOR_OR_UNKNOWN,NO,,47,ACTION_REQUIRED
ZUBBA,ZUBBA,NIELSEN_WATER_RT,CSTM_310589,UNMAPPED_COMPETITOR_OR_UNKNOWN,NO,,44,ACTION_REQUIRED
A DE COCO,A DE COCO,NIELSEN_WATER_ST,CSTM_310589,UNMAPPED_COMPETITOR_OR_UNKNOWN,NO,,34,ACTION_REQUIRED
ACAPULCO,ACAPULCO,NIELSEN_WATER_ST,CSTM_310589,UNMAPPED_COMPETITOR_OR_UNKNOWN,NO,,14,ACTION_REQUIRED
ACAPULCOCO,ACAPULCOCO,NIELSEN_WATER_ST,CSTM_310589,UNMAPPED_COMPETITOR_OR_UNKNOWN,NO,,42,ACTION_REQUIRED
AGUAFIEL,AGUAFIEL,NIELSEN_WATER_ST,CSTM_310589,UNMAPPED_COMPETITOR_OR_UNKNOWN,NO,,110,ACTION_REQUIRED
AGUITAS,AGUITAS,NIELSEN_WATER_ST,CSTM_310589,UNMAPPED_COMPETITOR_OR_UNKNOWN,NO,,58,ACTION_REQUIRED
AL DIA,AL DIA,NIELSEN_WATER_ST,CSTM_310589,UNMAPPED_COMPETITOR_OR_UNKNOWN,NO,,32,ACTION_REQUIRED
ALPINA,ALPINA,NIELSEN_WATER_ST,CSTM_310589,UNMAPPED_COMPETITOR_OR_UNKNOWN,NO,,13,ACTION_REQUIRED
AQUA,AQUA,NIELSEN_WATER_ST,CSTM_310589,UNMAPPED_COMPETITOR_OR_UNKNOWN,NO,,16,ACTION_REQUIRED
AQUA PURA,AQUA PURA,NIELSEN_WATER_ST,CSTM_310589,UNMAPPED_COMPETITOR_OR_UNKNOWN,NO,,8,ACTION_REQUIRED
ARIZONA,ARIZONA,NIELSEN_WATER_ST,CSTM_310589,UNMAPPED_COMPETITOR_OR_UNKNOWN,NO,,105,ACTION_REQUIRED
ARROWHEAD,ARROWHEAD,NIELSEN_WATER_ST,CSTM_310589,UNMAPPED_COMPETITOR_OR_UNKNOWN,NO,,40,ACTION_REQUIRED
AURORA,AURORA,NIELSEN_WATER_ST,CSTM_310589,UNMAPPED_COMPETITOR_OR_UNKNOWN,NO,,14,ACTION_REQUIRED
AWA,AWA,NIELSEN_WATER_ST,CSTM_310589,UNMAPPED_COMPETITOR_OR_UNKNOWN,NO,,26,ACTION_REQUIRED
BAVIEN,BAVIEN,NIELSEN_WATER_ST,CSTM_310589,UNMAPPED_COMPETITOR_OR_UNKNOWN,NO,,18,ACTION_REQUIRED
BE LIGHT,BE LIGHT,NIELSEN_WATER_ST,CSTM_310589,UNMAPPED_COMPETITOR_OR_UNKNOWN,NO,,97,ACTION_REQUIRED
BEAUTY DRINK,BEAUTY DRINK,NIELSEN_WATER_ST,CSTM_310589,UNMAPPED_COMPETITOR_OR_UNKNOWN,NO,,8,ACTION_REQUIRED
BEBERE FRUT,BEBERE FRUT,NIELSEN_WATER_ST,CSTM_310589,UNMAPPED_COMPETITOR_OR_UNKNOWN,NO,,52,ACTION_REQUIRED
BIG,BIG,NIELSEN_WATER_ST,CSTM_310589,UNMAPPED_COMPETITOR_OR_UNKNOWN,NO,,83,ACTION_REQUIRED
BIG AQUA VITAL,BIG AQUA VITAL,NIELSEN_WATER_ST,CSTM_310589,UNMAPPED_COMPETITOR_OR_UNKNOWN,NO,,41,ACTION_REQUIRED
BLANQUITA,BLANQUITA,NIELSEN_WATER_ST,CSTM_310589,UNMAPPED_COMPETITOR_OR_UNKNOWN,NO,,57,ACTION_REQUIRED
BOING,BOING,NIELSEN_WATER_ST,CSTM_310589,UNMAPPED_COMPETITOR_OR_UNKNOWN,NO,,235,ACTION_REQUIRED
BONAFINA,BONAFINA,NIELSEN_WATER_ST,CSTM_310589,UNMAPPED_COMPETITOR_OR_UNKNOWN,NO,,124,ACTION_REQUIRED
BONLATTI,BONLATTI,NIELSEN_WATER_ST,CSTM_310589,UNMAPPED_COMPETITOR_OR_UNKNOWN,NO,,8,ACTION_REQUIRED
CACTUS,CACTUS,NIELSEN_WATER_ST,CSTM_310589,UNMAPPED_COMPETITOR_OR_UNKNOWN,NO,,35,ACTION_REQUIRED
CALAHUA,CALAHUA,NIELSEN_WATER_ST,CSTM_310589,UNMAPPED_COMPETITOR_OR_UNKNOWN,NO,,18,ACTION_REQUIRED
CAPRISUN,CAPRISUN,NIELSEN_WATER_ST,CSTM_310589,UNMAPPED_COMPETITOR_OR_UNKNOWN,NO,,73,ACTION_REQUIRED
CASCADA,CASCADA,NIELSEN_WATER_ST,CSTM_310589,UNMAPPED_COMPETITOR_OR_UNKNOWN,NO,,10,ACTION_REQUIRED
CHAPARRITA,CHAPARRITA,NIELSEN_WATER_ST,CSTM_310589,UNMAPPED_COMPETITOR_OR_UNKNOWN,NO,,18,ACTION_REQUIRED
CHECHI,CHECHI,NIELSEN_WATER_ST,CSTM_310589,UNMAPPED_COMPETITOR_OR_UNKNOWN,NO,,21,ACTION_REQUIRED
CHIQUITA,CHIQUITA,NIELSEN_WATER_ST,CSTM_310589,UNMAPPED_COMPETITOR_OR_UNKNOWN,NO,,8,ACTION_REQUIRED
CLIGHT,CLIGHT,NIELSEN_WATER_ST,CSTM_310589,UNMAPPED_COMPETITOR_OR_UNKNOWN,NO,,8,ACTION_REQUIRED
COCO NIAU,COCO NIAU,NIELSEN_WATER_ST,CSTM_310589,UNMAPPED_COMPETITOR_OR_UNKNOWN,NO,,16,ACTION_REQUIRED
CRISTAL,CRISTAL,NIELSEN_WATER_ST,CSTM_310589,UNMAPPED_COMPETITOR_OR_UNKNOWN,NO,,93,ACTION_REQUIRED
CRYSPURA,CRYSPURA,NIELSEN_WATER_ST,CSTM_310589,UNMAPPED_COMPETITOR_OR_UNKNOWN,NO,,34,ACTION_REQUIRED
CRYSTAL,CRYSTAL,NIELSEN_WATER_ST,CSTM_310589,UNMAPPED_COMPETITOR_OR_UNKNOWN,NO,,20,ACTION_REQUIRED
DE LOS ANGELES,DE LOS ANGELES,NIELSEN_WATER_ST,CSTM_310589,UNMAPPED_COMPETITOR_OR_UNKNOWN,NO,,8,ACTION_REQUIRED
DEL VALLE,DEL VALLE,NIELSEN_WATER_ST,CSTM_310589,UNMAPPED_COMPETITOR_OR_UNKNOWN,NO,,109,ACTION_REQUIRED
DELAWARE PUNCH,DELAWARE PUNCH,NIELSEN_WATER_ST,CSTM_310589,UNMAPPED_COMPETITOR_OR_UNKNOWN,NO,,43,ACTION_REQUIRED
DUCOCO,DUCOCO,NIELSEN_WATER_ST,CSTM_310589,UNMAPPED_COMPETITOR_OR_UNKNOWN,NO,,14,ACTION_REQUIRED
E-PURA,E-PURA,NIELSEN_WATER_ST,CSTM_310589,UNMAPPED_COMPETITOR_OR_UNKNOWN,NO,,152,ACTION_REQUIRED
E-PURA BEBE,E-PURA BEBE,NIELSEN_WATER_ST,CSTM_310589,UNMAPPED_COMPETITOR_OR_UNKNOWN,NO,,14,ACTION_REQUIRED
E-PURITA,E-PURITA,NIELSEN_WATER_ST,CSTM_310589,UNMAPPED_COMPETITOR_OR_UNKNOWN,NO,,46,ACTION_REQUIRED
EL MEXICANO,EL MEXICANO,NIELSEN_WATER_ST,CSTM_310589,UNMAPPED_COMPETITOR_OR_UNKNOWN,NO,,20,ACTION_REQUIRED
ELECTROPURA,ELECTROPURA,NIELSEN_WATER_ST,CSTM_310589,UNMAPPED_COMPETITOR_OR_UNKNOWN,NO,,37,ACTION_REQUIRED
ENERGIE,ENERGIE,NIELSEN_WATER_ST,CSTM_310589,UNMAPPED_COMPETITOR_OR_UNKNOWN,NO,,8,ACTION_REQUIRED
FARAON,FARAON,NIELSEN_WATER_ST,CSTM_310589,UNMAPPED_COMPETITOR_OR_UNKNOWN,NO,,24,ACTION_REQUIRED
FESTIN,FESTIN,NIELSEN_WATER_ST,CSTM_310589,UNMAPPED_COMPETITOR_OR_UNKNOWN,NO,,8,ACTION_REQUIRED
FITLINE,FITLINE,NIELSEN_WATER_ST,CSTM_310589,UNMAPPED_COMPETITOR_OR_UNKNOWN,NO,,8,ACTION_REQUIRED
FLORIDA 7,FLORIDA 7,NIELSEN_WATER_ST,CSTM_310589,UNMAPPED_COMPETITOR_OR_UNKNOWN,NO,,55,ACTION_REQUIRED
FOCO,FOCO,NIELSEN_WATER_ST,CSTM_310589,UNMAPPED_COMPETITOR_OR_UNKNOWN,NO,,16,ACTION_REQUIRED
FRIKO,FRIKO,NIELSEN_WATER_ST,CSTM_310589,UNMAPPED_COMPETITOR_OR_UNKNOWN,NO,,16,ACTION_REQUIRED
FRUTI QUEKO,FRUTI QUEKO,NIELSEN_WATER_ST,CSTM_310589,UNMAPPED_COMPETITOR_OR_UNKNOWN,NO,,49,ACTION_REQUIRED
FRUTIER,FRUTIER,NIELSEN_WATER_ST,CSTM_310589,UNMAPPED_COMPETITOR_OR_UNKNOWN,NO,,31,ACTION_REQUIRED
FRUTOS DE VIDA,FRUTOS DE VIDA,NIELSEN_WATER_ST,CSTM_310589,UNMAPPED_COMPETITOR_OR_UNKNOWN,NO,,16,ACTION_REQUIRED
FRUTSI,FRUTSI,NIELSEN_WATER_ST,CSTM_310589,UNMAPPED_COMPETITOR_OR_UNKNOWN,NO,,63,ACTION_REQUIRED
FUENSANTA,FUENSANTA,NIELSEN_WATER_ST,CSTM_310589,UNMAPPED_COMPETITOR_OR_UNKNOWN,NO,,45,ACTION_REQUIRED
GERBER,GERBER,NIELSEN_WATER_ST,CSTM_310589,UNMAPPED_COMPETITOR_OR_UNKNOWN,NO,,218,ACTION_REQUIRED
GLACEAU,GLACEAU,NIELSEN_WATER_ST,CSTM_310589,UNMAPPED_COMPETITOR_OR_UNKNOWN,NO,,70,ACTION_REQUIRED
GLACIAL,GLACIAL,NIELSEN_WATER_ST,CSTM_310589,UNMAPPED_COMPETITOR_OR_UNKNOWN,NO,,14,ACTION_REQUIRED
GUD,GUD,NIELSEN_WATER_ST,CSTM_310589,UNMAPPED_COMPETITOR_OR_UNKNOWN,NO,,16,ACTION_REQUIRED
GUGAR,GUGAR,NIELSEN_WATER_ST,CSTM_310589,UNMAPPED_COMPETITOR_OR_UNKNOWN,NO,,14,ACTION_REQUIRED
GYM WATER,GYM WATER,NIELSEN_WATER_ST,CSTM_310589,UNMAPPED_COMPETITOR_OR_UNKNOWN,NO,,10,ACTION_REQUIRED
HARMONY BROOK,HARMONY BROOK,NIELSEN_WATER_ST,CSTM_310589,UNMAPPED_COMPETITOR_OR_UNKNOWN,NO,,28,ACTION_REQUIRED
HAWAIIAN PUNCH,HAWAIIAN PUNCH,NIELSEN_WATER_ST,CSTM_310589,UNMAPPED_COMPETITOR_OR_UNKNOWN,NO,,18,ACTION_REQUIRED
JERSEY,JERSEY,NIELSEN_WATER_ST,CSTM_310589,UNMAPPED_COMPETITOR_OR_UNKNOWN,NO,,36,ACTION_REQUIRED
JULIGHT,JULIGHT,NIELSEN_WATER_ST,CSTM_310589,UNMAPPED_COMPETITOR_OR_UNKNOWN,NO,,10,ACTION_REQUIRED
JUMEX FRESH,JUMEX FRESH,NIELSEN_WATER_ST,CSTM_310589,UNMAPPED_COMPETITOR_OR_UNKNOWN,NO,,69,ACTION_REQUIRED
JUMEX MIA,JUMEX MIA,NIELSEN_WATER_ST,CSTM_310589,UNMAPPED_COMPETITOR_OR_UNKNOWN,NO,,22,ACTION_REQUIRED
JUNGHANNS,JUNGHANNS,NIELSEN_WATER_ST,CSTM_310589,UNMAPPED_COMPETITOR_OR_UNKNOWN,NO,,16,ACTION_REQUIRED
KING FRUT,KING FRUT,NIELSEN_WATER_ST,CSTM_310589,UNMAPPED_COMPETITOR_OR_UNKNOWN,NO,,14,ACTION_REQUIRED
KOOL-AID,KOOL-AID,NIELSEN_WATER_ST,CSTM_310589,UNMAPPED_COMPETITOR_OR_UNKNOWN,NO,,35,ACTION_REQUIRED
LA JOLLA,LA JOLLA,NIELSEN_WATER_ST,CSTM_310589,UNMAPPED_COMPETITOR_OR_UNKNOWN,NO,,20,ACTION_REQUIRED
LAS BRISAS,LAS BRISAS,NIELSEN_WATER_ST,CSTM_310589,UNMAPPED_COMPETITOR_OR_UNKNOWN,NO,,16,ACTION_REQUIRED
LEON,LEON,NIELSEN_WATER_ST,CSTM_310589,UNMAPPED_COMPETITOR_OR_UNKNOWN,NO,,10,ACTION_REQUIRED
LOS 19 HERMANOS,LOS 19 HERMANOS,NIELSEN_WATER_ST,CSTM_310589,UNMAPPED_COMPETITOR_OR_UNKNOWN,NO,,37,ACTION_REQUIRED
LOS ALPES,LOS ALPES,NIELSEN_WATER_ST,CSTM_310589,UNMAPPED_COMPETITOR_OR_UNKNOWN,NO,,16,ACTION_REQUIRED
MINUTE MAID,MINUTE MAID,NIELSEN_WATER_ST,CSTM_310589,UNMAPPED_COMPETITOR_OR_UNKNOWN,NO,,65,ACTION_REQUIRED
MISTER Q,MISTER Q,NIELSEN_WATER_ST,CSTM_310589,UNMAPPED_COMPETITOR_OR_UNKNOWN,NO,,14,ACTION_REQUIRED
MONDARIZ,MONDARIZ,NIELSEN_WATER_ST,CSTM_310589,UNMAPPED_COMPETITOR_OR_UNKNOWN,NO,,8,ACTION_REQUIRED
NATURES HEART,NATURES HEART,NIELSEN_WATER_ST,CSTM_310589,UNMAPPED_COMPETITOR_OR_UNKNOWN,NO,,22,ACTION_REQUIRED
NIAGARA,NIAGARA,NIELSEN_WATER_ST,CSTM_310589,UNMAPPED_COMPETITOR_OR_UNKNOWN,NO,,44,ACTION_REQUIRED
NOSSO COCO,NOSSO COCO,NIELSEN_WATER_ST,CSTM_310589,UNMAPPED_COMPETITOR_OR_UNKNOWN,NO,,27,ACTION_REQUIRED
NOVALIV,NOVALIV,NIELSEN_WATER_ST,CSTM_310589,UNMAPPED_COMPETITOR_OR_UNKNOWN,NO,,66,ACTION_REQUIRED
OASIS,OASIS,NIELSEN_WATER_ST,CSTM_310589,UNMAPPED_COMPETITOR_OR_UNKNOWN,NO,,8,ACTION_REQUIRED
OSO POKY,OSO POKY,NIELSEN_WATER_ST,CSTM_310589,UNMAPPED_COMPETITOR_OR_UNKNOWN,NO,,27,ACTION_REQUIRED
OTHERS MARCA,OTHERS MARCA,NIELSEN_WATER_ST,CSTM_310589,UNMAPPED_COMPETITOR_OR_UNKNOWN,NO,,4216,ACTION_REQUIRED
OYE,OYE,NIELSEN_WATER_ST,CSTM_310589,UNMAPPED_COMPETITOR_OR_UNKNOWN,NO,,21,ACTION_REQUIRED
PENA PURA,PENA PURA,NIELSEN_WATER_ST,CSTM_310589,UNMAPPED_COMPETITOR_OR_UNKNOWN,NO,,20,ACTION_REQUIRED
PL,PL,NIELSEN_WATER_ST,CSTM_310589,UNMAPPED_COMPETITOR_OR_UNKNOWN,NO,,27,ACTION_REQUIRED
POWER PUNCH,POWER PUNCH,NIELSEN_WATER_ST,CSTM_310589,UNMAPPED_COMPETITOR_OR_UNKNOWN,NO,,10,ACTION_REQUIRED
POWERADE,POWERADE,NIELSEN_WATER_ST,CSTM_310589,UNMAPPED_COMPETITOR_OR_UNKNOWN,NO,,18,ACTION_REQUIRED
PREMIER,PREMIER,NIELSEN_WATER_ST,CSTM_310589,UNMAPPED_COMPETITOR_OR_UNKNOWN,NO,,29,ACTION_REQUIRED
PULPY,PULPY,NIELSEN_WATER_ST,CSTM_310589,UNMAPPED_COMPETITOR_OR_UNKNOWN,NO,,19,ACTION_REQUIRED
PURA SOL,PURA SOL,NIELSEN_WATER_ST,CSTM_310589,UNMAPPED_COMPETITOR_OR_UNKNOWN,NO,,8,ACTION_REQUIRED
PURE LIFE,PURE LIFE,NIELSEN_WATER_ST,CSTM_310589,UNMAPPED_COMPETITOR_OR_UNKNOWN,NO,,8,ACTION_REQUIRED
PURISIMA,PURISIMA,NIELSEN_WATER_ST,CSTM_310589,UNMAPPED_COMPETITOR_OR_UNKNOWN,NO,,14,ACTION_REQUIRED
ROCIO,ROCIO,NIELSEN_WATER_ST,CSTM_310589,UNMAPPED_COMPETITOR_OR_UNKNOWN,NO,,8,ACTION_REQUIRED
SABOR X,SABOR X,NIELSEN_WATER_ST,CSTM_310589,UNMAPPED_COMPETITOR_OR_UNKNOWN,NO,,24,ACTION_REQUIRED
SABOREX,SABOREX,NIELSEN_WATER_ST,CSTM_310589,UNMAPPED_COMPETITOR_OR_UNKNOWN,NO,,8,ACTION_REQUIRED
SAN JUDAS TADEO,SAN JUDAS TADEO,NIELSEN_WATER_ST,CSTM_310589,UNMAPPED_COMPETITOR_OR_UNKNOWN,NO,,26,ACTION_REQUIRED
SANTA MARIA COAHUILA,SANTA MARIA COAHUILA,NIELSEN_WATER_ST,CSTM_310589,UNMAPPED_COMPETITOR_OR_UNKNOWN,NO,,14,ACTION_REQUIRED
SANTA MONICA,SANTA MONICA,NIELSEN_WATER_ST,CSTM_310589,UNMAPPED_COMPETITOR_OR_UNKNOWN,NO,,22,ACTION_REQUIRED
SANTORINI,SANTORINI,NIELSEN_WATER_ST,CSTM_310589,UNMAPPED_COMPETITOR_OR_UNKNOWN,NO,,32,ACTION_REQUIRED
SELLO ROJO,SELLO ROJO,NIELSEN_WATER_ST,CSTM_310589,UNMAPPED_COMPETITOR_OR_UNKNOWN,NO,,124,ACTION_REQUIRED
SHANDY,SHANDY,NIELSEN_WATER_ST,CSTM_310589,UNMAPPED_COMPETITOR_OR_UNKNOWN,NO,,8,ACTION_REQUIRED
SIERRA AZUL,SIERRA AZUL,NIELSEN_WATER_ST,CSTM_310589,UNMAPPED_COMPETITOR_OR_UNKNOWN,NO,,36,ACTION_REQUIRED
SKARCH,SKARCH,NIELSEN_WATER_ST,CSTM_310589,UNMAPPED_COMPETITOR_OR_UNKNOWN,NO,,87,ACTION_REQUIRED
SNAPPLE,SNAPPLE,NIELSEN_WATER_ST,CSTM_310589,UNMAPPED_COMPETITOR_OR_UNKNOWN,NO,,16,ACTION_REQUIRED
SOLEM,SOLEM,NIELSEN_WATER_ST,CSTM_310589,UNMAPPED_COMPETITOR_OR_UNKNOWN,NO,,67,ACTION_REQUIRED
SONRISA,SONRISA,NIELSEN_WATER_ST,CSTM_310589,UNMAPPED_COMPETITOR_OR_UNKNOWN,NO,,12,ACTION_REQUIRED
SPARKLETTS,SPARKLETTS,NIELSEN_WATER_ST,CSTM_310589,UNMAPPED_COMPETITOR_OR_UNKNOWN,NO,,42,ACTION_REQUIRED
STA. MARIA -NESTLE-,STA. MARIA -NESTLE-,NIELSEN_WATER_ST,CSTM_310589,UNMAPPED_COMPETITOR_OR_UNKNOWN,NO,,114,ACTION_REQUIRED
SUN LIGHT,SUN LIGHT,NIELSEN_WATER_ST,CSTM_310589,UNMAPPED_COMPETITOR_OR_UNKNOWN,NO,,8,ACTION_REQUIRED
SUPER STAR,SUPER STAR,NIELSEN_WATER_ST,CSTM_310589,UNMAPPED_COMPETITOR_OR_UNKNOWN,NO,,8,ACTION_REQUIRED
TAMPICO,TAMPICO,NIELSEN_WATER_ST,CSTM_310589,UNMAPPED_COMPETITOR_OR_UNKNOWN,NO,,126,ACTION_REQUIRED
TROPIFRUT,TROPIFRUT,NIELSEN_WATER_ST,CSTM_310589,UNMAPPED_COMPETITOR_OR_UNKNOWN,NO,,27,ACTION_REQUIRED
VALLE FRUT,VALLE FRUT,NIELSEN_WATER_ST,CSTM_310589,UNMAPPED_COMPETITOR_OR_UNKNOWN,NO,,183,ACTION_REQUIRED
VICTORIA,VICTORIA,NIELSEN_WATER_ST,CSTM_310589,UNMAPPED_COMPETITOR_OR_UNKNOWN,NO,,20,ACTION_REQUIRED
VIKA 8.5,VIKA 8.5,NIELSEN_WATER_ST,CSTM_310589,UNMAPPED_COMPETITOR_OR_UNKNOWN,NO,,22,ACTION_REQUIRED
VILLA DE PATOS,VILLA DE PATOS,NIELSEN_WATER_ST,CSTM_310589,UNMAPPED_COMPETITOR_OR_UNKNOWN,NO,,20,ACTION_REQUIRED
VIRY,VIRY,NIELSEN_WATER_ST,CSTM_310589,UNMAPPED_COMPETITOR_OR_UNKNOWN,NO,,10,ACTION_REQUIRED
VOSS,VOSS,NIELSEN_WATER_ST,CSTM_310589,UNMAPPED_COMPETITOR_OR_UNKNOWN,NO,,38,ACTION_REQUIRED
WELCH'S,WELCH'S,NIELSEN_WATER_ST,CSTM_310589,UNMAPPED_COMPETITOR_OR_UNKNOWN,NO,,20,ACTION_REQUIRED
WINKY,WINKY,NIELSEN_WATER_ST,CSTM_310589,UNMAPPED_COMPETITOR_OR_UNKNOWN,NO,,20,ACTION_REQUIRED
XALLAPAN,XALLAPAN,NIELSEN_WATER_ST,CSTM_310589,UNMAPPED_COMPETITOR_OR_UNKNOWN,NO,,14,ACTION_REQUIRED
YUKAI,YUKAI,NIELSEN_WATER_ST,CSTM_310589,UNMAPPED_COMPETITOR_OR_UNKNOWN,NO,,16,ACTION_REQUIRED
ZAMBA,ZAMBA,NIELSEN_WATER_ST,CSTM_310589,UNMAPPED_COMPETITOR_OR_UNKNOWN,NO,,16,ACTION_REQUIRED
ZOE,ZOE,NIELSEN_WATER_ST,CSTM_310589,UNMAPPED_COMPETITOR_OR_UNKNOWN,NO,,80,ACTION_REQUIRED
ZUBBA,ZUBBA,NIELSEN_WATER_ST,CSTM_310589,UNMAPPED_COMPETITOR_OR_UNKNOWN,NO,,33,ACTION_REQUIRED
AIRIS,Airis,SELL_IN,LV2_UMB_BRD_DSC,UNMAPPED_COMPETITOR_OR_UNKNOWN,NO,,1,ACTION_REQUIRED
ARCOIRIS,Arcoiris,SELL_IN,LV2_UMB_BRD_DSC,UNMAPPED_COMPETITOR_OR_UNKNOWN,NO,,1,ACTION_REQUIRED
BUTTER,BUTTER,SELL_IN,LV2_UMB_BRD_DSC,UNMAPPED_COMPETITOR_OR_UNKNOWN,NO,,1,ACTION_REQUIRED
CAFE,Cafe,SELL_IN,LV2_UMB_BRD_DSC,UNMAPPED_COMPETITOR_OR_UNKNOWN,NO,,2,ACTION_REQUIRED
DESTILADA,Destilada,SELL_IN,LV2_UMB_BRD_DSC,UNMAPPED_COMPETITOR_OR_UNKNOWN,NO,,2,ACTION_REQUIRED
FONTAINE,Fontaine,SELL_IN,LV2_UMB_BRD_DSC,UNMAPPED_COMPETITOR_OR_UNKNOWN,NO,,2,ACTION_REQUIRED
FRESH,Fresh,SELL_IN,LV2_UMB_BRD_DSC,UNMAPPED_COMPETITOR_OR_UNKNOWN,NO,,1,ACTION_REQUIRED
FRIDA,Frida,SELL_IN,LV2_UMB_BRD_DSC,UNMAPPED_COMPETITOR_OR_UNKNOWN,NO,,2,ACTION_REQUIRED
FRIJOLES,Frijoles,SELL_IN,LV2_UMB_BRD_DSC,UNMAPPED_COMPETITOR_OR_UNKNOWN,NO,,3,ACTION_REQUIRED
GRANEL,Granel,SELL_IN,LV2_UMB_BRD_DSC,UNMAPPED_COMPETITOR_OR_UNKNOWN,NO,,3,ACTION_REQUIRED
NATURILLAS,Naturillas,SELL_IN,LV2_UMB_BRD_DSC,UNMAPPED_COMPETITOR_OR_UNKNOWN,NO,,1,ACTION_REQUIRED
PATRIO,Patrio,SELL_IN,LV2_UMB_BRD_DSC,UNMAPPED_COMPETITOR_OR_UNKNOWN,NO,,1,ACTION_REQUIRED
POLAR,Polar,SELL_IN,LV2_UMB_BRD_DSC,UNMAPPED_COMPETITOR_OR_UNKNOWN,NO,,2,ACTION_REQUIRED
PRIMAVERA,Primavera,SELL_IN,LV2_UMB_BRD_DSC,UNMAPPED_COMPETITOR_OR_UNKNOWN,NO,,1,ACTION_REQUIRED
VOLVIC,VOLVIC,SELL_IN,LV2_UMB_BRD_DSC,UNMAPPED_COMPETITOR_OR_UNKNOWN,NO,,9,ACTION_REQUIRED
WMW,Wmw,SELL_IN,LV2_UMB_BRD_DSC,UNMAPPED_COMPETITOR_OR_UNKNOWN,NO,,1,ACTION_REQUIRED
ADES,ADES,SELL_OUT,BRAND,UNMAPPED_COMPETITOR_OR_UNKNOWN,NO,,2,ACTION_REQUIRED
BEC,BEC,SELL_OUT,BRAND,UNMAPPED_COMPETITOR_OR_UNKNOWN,NO,,44,ACTION_REQUIRED
CHILCHOTA,CHILCHOTA,SELL_OUT,BRAND,UNMAPPED_COMPETITOR_OR_UNKNOWN,NO,,19,ACTION_REQUIRED
DANFRUT,DANFRUT,SELL_OUT,BRAND,UNMAPPED_COMPETITOR_OR_UNKNOWN,NO,,4,ACTION_REQUIRED
INACTIVO,INACTIVO,SELL_OUT,BRAND,UNMAPPED_COMPETITOR_OR_UNKNOWN,NO,,2,ACTION_REQUIRED
LIGERI,LIGERI,SELL_OUT,BRAND,UNMAPPED_COMPETITOR_OR_UNKNOWN,NO,,2,ACTION_REQUIRED
MEMBERS MARK,MEMBERS MARK,SELL_OUT,BRAND,UNMAPPED_COMPETITOR_OR_UNKNOWN,NO,,3,ACTION_REQUIRED
NA,NA,SELL_OUT,BRAND,UNMAPPED_COMPETITOR_OR_UNKNOWN,NO,,2,ACTION_REQUIRED
OTROS,OTROS,SELL_OUT,BRAND,UNMAPPED_COMPETITOR_OR_UNKNOWN,NO,,11,ACTION_REQUIRED
