run_at,column_name,business_name,definition,calculation_logic,unit,owner,dimension,is_business_key,datasets,sf_type,null_pct_avg,distinct_count,documentation_status
2026-06-05 16:17 UTC,MEDIO,[TO BE DEFINED],[TO BE DEFINED],[TO BE DEFINED],[TO BE DEFINED],[TO BE DEFINED],[TO BE CLASSIFIED],False,"DATA_MKT_OFF, DATA_MKT_ON",TEXT,0.0,8,TO BE DEFINED
2026-06-05 16:17 UTC,SOPORTE_PLATAFORMA,[TO BE DEFINED],[TO BE DEFINED],[TO BE DEFINED],[TO BE DEFINED],[TO BE DEFINED],[TO BE CLASSIFIED],False,"DATA_MKT_OFF, DATA_MKT_ON",TEXT,22.95,99,TO BE DEFINED
2026-06-05 16:17 UTC,CATEGORIA,[TO BE DEFINED],[TO BE DEFINED],[TO BE DEFINED],[TO BE DEFINED],[TO BE DEFINED],[TO BE CLASSIFIED],False,"DATA_MKT_OFF, DATA_MKT_ON",TEXT,0.0,14,TO BE DEFINED
2026-06-05 16:17 UTC,MARCA,[TO BE DEFINED],[TO BE DEFINED],[TO BE DEFINED],[TO BE DEFINED],[TO BE DEFINED],[TO BE CLASSIFIED],False,"DATA_MKT_OFF, DATA_MKT_ON, DATA_WASTE",TEXT,0.0,32,TO BE DEFINED
2026-06-05 16:17 UTC,ANUNCIANTE,[TO BE DEFINED],[TO BE DEFINED],[TO BE DEFINED],[TO BE DEFINED],[TO BE DEFINED],[TO BE CLASSIFIED],False,"DATA_MKT_OFF, DATA_MKT_ON",TEXT,67.53,12,TO BE DEFINED
2026-06-05 16:17 UTC,TARGET,[TO BE DEFINED],[TO BE DEFINED],[TO BE DEFINED],[TO BE DEFINED],[TO BE DEFINED],[TO BE CLASSIFIED],False,DATA_MKT_ON,TEXT,67.53,3,TO BE DEFINED
2026-06-05 16:17 UTC,DIVISA,[TO BE DEFINED],[TO BE DEFINED],[TO BE DEFINED],[TO BE DEFINED],[TO BE DEFINED],[TO BE CLASSIFIED],False,"DATA_MKT_OFF, DATA_MKT_ON",TEXT,10.79,2,TO BE DEFINED
2026-06-05 16:17 UTC,TRIBU,[TO BE DEFINED],[TO BE DEFINED],[TO BE DEFINED],[TO BE DEFINED],[TO BE DEFINED],[TO BE CLASSIFIED],False,DATA_MKT_ON,TEXT,100.0,1,TO BE DEFINED
2026-06-05 16:17 UTC,FUENTE,[TO BE DEFINED],[TO BE DEFINED],[TO BE DEFINED],[TO BE DEFINED],[TO BE DEFINED],[TO BE CLASSIFIED],False,"DATA_MKT_OFF, DATA_MKT_ON, DATA_WASTE",TEXT,36.8,3,TO BE DEFINED
2026-06-05 16:17 UTC,ECOMM,[TO BE DEFINED],[TO BE DEFINED],[TO BE DEFINED],[TO BE DEFINED],[TO BE DEFINED],[TO BE CLASSIFIED],False,"DATA_MKT_OFF, DATA_MKT_ON",TEXT,67.29,2,TO BE DEFINED
2026-06-05 16:17 UTC,CAMPANA,[TO BE DEFINED],[TO BE DEFINED],[TO BE DEFINED],[TO BE DEFINED],[TO BE DEFINED],[TO BE CLASSIFIED],False,"DATA_MKT_OFF, DATA_MKT_ON",TEXT,0.14,133,TO BE DEFINED
2026-06-05 16:17 UTC,ANIO,[TO BE DEFINED],[TO BE DEFINED],[TO BE DEFINED],[TO BE DEFINED],[TO BE DEFINED],[TO BE CLASSIFIED],False,"DATA_MKT_OFF, DATA_MKT_ON, DATA_WASTE",FLOAT,0.0,3,TO BE DEFINED
2026-06-05 16:17 UTC,FECHA,[TO BE DEFINED],[TO BE DEFINED],[TO BE DEFINED],[TO BE DEFINED],[TO BE DEFINED],[TO BE CLASSIFIED],False,"DATA_MKT_OFF, DATA_MKT_ON, DATA_WASTE",DATE,0.0,562,TO BE DEFINED
2026-06-05 16:17 UTC,NUM_MES,[TO BE DEFINED],[TO BE DEFINED],[TO BE DEFINED],[TO BE DEFINED],[TO BE DEFINED],[TO BE CLASSIFIED],False,"DATA_MKT_OFF, DATA_MKT_ON",FLOAT,0.0,12,TO BE DEFINED
2026-06-05 16:17 UTC,PERIODO,[TO BE DEFINED],[TO BE DEFINED],[TO BE DEFINED],[TO BE DEFINED],[TO BE DEFINED],[TO BE CLASSIFIED],False,"DATA_MKT_OFF, DATA_MKT_ON",TEXT,60.1,210,TO BE DEFINED
2026-06-05 16:17 UTC,LINE_ITEM,[TO BE DEFINED],[TO BE DEFINED],[TO BE DEFINED],[TO BE DEFINED],[TO BE DEFINED],[TO BE CLASSIFIED],False,DATA_MKT_ON,TEXT,67.53,610,TO BE DEFINED
2026-06-05 16:17 UTC,FECHA_LINE_ITEM,[TO BE DEFINED],[TO BE DEFINED],[TO BE DEFINED],[TO BE DEFINED],[TO BE DEFINED],[TO BE CLASSIFIED],False,DATA_MKT_ON,TEXT,78.68,140,TO BE DEFINED
2026-06-05 16:17 UTC,LINE_ITEM_TYPE,[TO BE DEFINED],[TO BE DEFINED],[TO BE DEFINED],[TO BE DEFINED],[TO BE DEFINED],[TO BE CLASSIFIED],False,DATA_MKT_ON,TEXT,67.53,8,TO BE DEFINED
2026-06-05 16:17 UTC,IMPRESIONES,[TO BE DEFINED],[TO BE DEFINED],[TO BE DEFINED],[TO BE DEFINED],[TO BE DEFINED],[TO BE CLASSIFIED],False,"DATA_MKT_OFF, DATA_MKT_ON",FLOAT,0.48,27253,TO BE DEFINED
2026-06-05 16:17 UTC,ACTIVE_VIEW,[TO BE DEFINED],[TO BE DEFINED],[TO BE DEFINED],[TO BE DEFINED],[TO BE DEFINED],[TO BE CLASSIFIED],False,DATA_MKT_ON,NUMBER,67.53,2934,TO BE DEFINED
2026-06-05 16:17 UTC,CLICS,[TO BE DEFINED],[TO BE DEFINED],[TO BE DEFINED],[TO BE DEFINED],[TO BE DEFINED],[TO BE CLASSIFIED],False,"DATA_MKT_OFF, DATA_MKT_ON",FLOAT,0.51,5770,TO BE DEFINED
2026-06-05 16:17 UTC,VIDEO_50,[TO BE DEFINED],[TO BE DEFINED],[TO BE DEFINED],[TO BE DEFINED],[TO BE DEFINED],[TO BE CLASSIFIED],False,DATA_MKT_ON,FLOAT,21.82,9131,TO BE DEFINED
2026-06-05 16:17 UTC,VIDEO_100,[TO BE DEFINED],[TO BE DEFINED],[TO BE DEFINED],[TO BE DEFINED],[TO BE DEFINED],[TO BE CLASSIFIED],False,DATA_MKT_ON,FLOAT,21.82,9082,TO BE DEFINED
2026-06-05 16:17 UTC,VISTAS,[TO BE DEFINED],[TO BE DEFINED],[TO BE DEFINED],[TO BE DEFINED],[TO BE DEFINED],[TO BE CLASSIFIED],False,"DATA_MKT_OFF, DATA_MKT_ON",FLOAT,16.29,3267,TO BE DEFINED
2026-06-05 16:17 UTC,INVERSION_REAL,[TO BE DEFINED],[TO BE DEFINED],[TO BE DEFINED],[TO BE DEFINED],[TO BE DEFINED],[TO BE CLASSIFIED],False,"DATA_MKT_OFF, DATA_MKT_ON",FLOAT,3.16,38446,TO BE DEFINED
2026-06-05 16:17 UTC,ALCANCE,[TO BE DEFINED],[TO BE DEFINED],[TO BE DEFINED],[TO BE DEFINED],[TO BE DEFINED],[TO BE CLASSIFIED],False,"DATA_MKT_OFF, DATA_MKT_ON",NUMBER,19.46,12459,TO BE DEFINED
2026-06-05 16:17 UTC,IDENTIFICADOR,[TO BE DEFINED],[TO BE DEFINED],[TO BE DEFINED],[TO BE DEFINED],[TO BE DEFINED],[TO BE CLASSIFIED],False,"DATA_MKT_OFF, DATA_MKT_ON",TEXT,0.0,6,TO BE DEFINED
2026-06-05 16:17 UTC,OBJETIVO,[TO BE DEFINED],[TO BE DEFINED],[TO BE DEFINED],[TO BE DEFINED],[TO BE DEFINED],[TO BE CLASSIFIED],False,"DATA_MKT_OFF, DATA_MKT_ON",TEXT,61.31,6,TO BE DEFINED
2026-06-05 16:17 UTC,TIPO_COMPRA,[TO BE DEFINED],[TO BE DEFINED],[TO BE DEFINED],[TO BE DEFINED],[TO BE DEFINED],[TO BE CLASSIFIED],False,"DATA_MKT_OFF, DATA_MKT_ON",TEXT,61.31,6,TO BE DEFINED
2026-06-05 16:17 UTC,OBJETIVO_FUNNEL,[TO BE DEFINED],[TO BE DEFINED],[TO BE DEFINED],[TO BE DEFINED],[TO BE DEFINED],[TO BE CLASSIFIED],False,"DATA_MKT_OFF, DATA_MKT_ON",TEXT,61.31,6,TO BE DEFINED
2026-06-05 16:17 UTC,PROSPECTING_REMARKETING,[TO BE DEFINED],[TO BE DEFINED],[TO BE DEFINED],[TO BE DEFINED],[TO BE DEFINED],[TO BE CLASSIFIED],False,DATA_MKT_ON,TEXT,100.0,1,TO BE DEFINED
2026-06-05 16:17 UTC,FORMATO,[TO BE DEFINED],[TO BE DEFINED],[TO BE DEFINED],[TO BE DEFINED],[TO BE DEFINED],[TO BE CLASSIFIED],False,"DATA_MKT_OFF, DATA_MKT_ON, DATA_WASTE",TEXT,57.26,48,TO BE DEFINED
2026-06-05 16:17 UTC,INICIO_INFORME,[TO BE DEFINED],[TO BE DEFINED],[TO BE DEFINED],[TO BE DEFINED],[TO BE DEFINED],[TO BE CLASSIFIED],False,"DATA_MKT_OFF, DATA_MKT_ON",TEXT,57.44,271,TO BE DEFINED
2026-06-05 16:17 UTC,FIN_INFORME,[TO BE DEFINED],[TO BE DEFINED],[TO BE DEFINED],[TO BE DEFINED],[TO BE DEFINED],[TO BE CLASSIFIED],False,"DATA_MKT_OFF, DATA_MKT_ON",TEXT,57.44,268,TO BE DEFINED
2026-06-05 16:17 UTC,NOMBRE_CUENTA,[TO BE DEFINED],[TO BE DEFINED],[TO BE DEFINED],[TO BE DEFINED],[TO BE DEFINED],[TO BE CLASSIFIED],False,"DATA_MKT_OFF, DATA_MKT_ON",TEXT,43.26,36,TO BE DEFINED
2026-06-05 16:17 UTC,NOMBRE_ANUNCIO,[TO BE DEFINED],[TO BE DEFINED],[TO BE DEFINED],[TO BE DEFINED],[TO BE DEFINED],[TO BE CLASSIFIED],False,"DATA_MKT_OFF, DATA_MKT_ON",TEXT,61.31,759,TO BE DEFINED
2026-06-05 16:17 UTC,GRUPO_ANUNCIOS,[TO BE DEFINED],[TO BE DEFINED],[TO BE DEFINED],[TO BE DEFINED],[TO BE DEFINED],[TO BE CLASSIFIED],False,"DATA_MKT_OFF, DATA_MKT_ON",TEXT,41.48,574,TO BE DEFINED
2026-06-05 16:17 UTC,VIDEO_3SEG,[TO BE DEFINED],[TO BE DEFINED],[TO BE DEFINED],[TO BE DEFINED],[TO BE DEFINED],[TO BE CLASSIFIED],False,"DATA_MKT_OFF, DATA_MKT_ON",FLOAT,61.92,3003,TO BE DEFINED
2026-06-05 16:17 UTC,CLICS_ENLACE,[TO BE DEFINED],[TO BE DEFINED],[TO BE DEFINED],[TO BE DEFINED],[TO BE DEFINED],[TO BE CLASSIFIED],False,"DATA_MKT_OFF, DATA_MKT_ON",FLOAT,61.59,3448,TO BE DEFINED
2026-06-05 16:17 UTC,THRUPLAY,[TO BE DEFINED],[TO BE DEFINED],[TO BE DEFINED],[TO BE DEFINED],[TO BE DEFINED],[TO BE CLASSIFIED],False,"DATA_MKT_OFF, DATA_MKT_ON",NUMBER,61.97,2390,TO BE DEFINED
2026-06-05 16:17 UTC,INTERACCION,[TO BE DEFINED],[TO BE DEFINED],[TO BE DEFINED],[TO BE DEFINED],[TO BE DEFINED],[TO BE CLASSIFIED],False,"DATA_MKT_OFF, DATA_MKT_ON",NUMBER,30.68,5319,TO BE DEFINED
2026-06-05 16:17 UTC,CONVERSIONES,[TO BE DEFINED],[TO BE DEFINED],[TO BE DEFINED],[TO BE DEFINED],[TO BE DEFINED],[TO BE CLASSIFIED],False,DATA_MKT_ON,FLOAT,34.31,537,TO BE DEFINED
2026-06-05 16:17 UTC,ID_CLIENTE,[TO BE DEFINED],[TO BE DEFINED],[TO BE DEFINED],[TO BE DEFINED],[TO BE DEFINED],[TO BE CLASSIFIED],False,DATA_MKT_ON,TEXT,81.95,13,TO BE DEFINED
2026-06-05 16:17 UTC,PALABRA_CLAVE,[TO BE DEFINED],[TO BE DEFINED],[TO BE DEFINED],[TO BE DEFINED],[TO BE DEFINED],[TO BE CLASSIFIED],False,DATA_MKT_ON,TEXT,81.96,1806,TO BE DEFINED
2026-06-05 16:17 UTC,CONCORDANCIA,[TO BE DEFINED],[TO BE DEFINED],[TO BE DEFINED],[TO BE DEFINED],[TO BE DEFINED],[TO BE CLASSIFIED],False,DATA_MKT_ON,TEXT,85.88,8,TO BE DEFINED
2026-06-05 16:17 UTC,CTR,[TO BE DEFINED],[TO BE DEFINED],[TO BE DEFINED],[TO BE DEFINED],[TO BE DEFINED],[TO BE CLASSIFIED],False,DATA_MKT_ON,FLOAT,75.35,6244,TO BE DEFINED
2026-06-05 16:17 UTC,CPC,[TO BE DEFINED],[TO BE DEFINED],[TO BE DEFINED],[TO BE DEFINED],[TO BE DEFINED],[TO BE CLASSIFIED],False,DATA_MKT_ON,FLOAT,75.71,8004,TO BE DEFINED
2026-06-05 16:17 UTC,CPM,[TO BE DEFINED],[TO BE DEFINED],[TO BE DEFINED],[TO BE DEFINED],[TO BE DEFINED],[TO BE CLASSIFIED],False,DATA_MKT_ON,FLOAT,81.95,8270,TO BE DEFINED
2026-06-05 16:17 UTC,IMPR_ABS_TOP,[TO BE DEFINED],[TO BE DEFINED],[TO BE DEFINED],[TO BE DEFINED],[TO BE DEFINED],[TO BE CLASSIFIED],False,DATA_MKT_ON,FLOAT,90.72,1426,TO BE DEFINED
2026-06-05 16:17 UTC,IMPR_TOP,[TO BE DEFINED],[TO BE DEFINED],[TO BE DEFINED],[TO BE DEFINED],[TO BE DEFINED],[TO BE CLASSIFIED],False,DATA_MKT_ON,FLOAT,90.72,1468,TO BE DEFINED
2026-06-05 16:17 UTC,CONVERSION_PERCENT,[TO BE DEFINED],[TO BE DEFINED],[TO BE DEFINED],[TO BE DEFINED],[TO BE DEFINED],[TO BE CLASSIFIED],False,DATA_MKT_ON,FLOAT,82.83,2,TO BE DEFINED
2026-06-05 16:17 UTC,VIEW_CONVERSION,[TO BE DEFINED],[TO BE DEFINED],[TO BE DEFINED],[TO BE DEFINED],[TO BE DEFINED],[TO BE CLASSIFIED],False,DATA_MKT_ON,FLOAT,97.86,2,TO BE DEFINED
2026-06-05 16:17 UTC,COST_CONV,[TO BE DEFINED],[TO BE DEFINED],[TO BE DEFINED],[TO BE DEFINED],[TO BE DEFINED],[TO BE CLASSIFIED],False,DATA_MKT_ON,FLOAT,97.86,2,TO BE DEFINED
2026-06-05 16:17 UTC,CONV_RATE,[TO BE DEFINED],[TO BE DEFINED],[TO BE DEFINED],[TO BE DEFINED],[TO BE DEFINED],[TO BE CLASSIFIED],False,DATA_MKT_ON,FLOAT,97.86,2,TO BE DEFINED
2026-06-05 16:17 UTC,VIDEO_25,[TO BE DEFINED],[TO BE DEFINED],[TO BE DEFINED],[TO BE DEFINED],[TO BE DEFINED],[TO BE CLASSIFIED],False,DATA_MKT_ON,FLOAT,85.06,817,TO BE DEFINED
2026-06-05 16:17 UTC,VIDEO_75,[TO BE DEFINED],[TO BE DEFINED],[TO BE DEFINED],[TO BE DEFINED],[TO BE DEFINED],[TO BE CLASSIFIED],False,DATA_MKT_ON,FLOAT,85.06,818,TO BE DEFINED
2026-06-05 16:17 UTC,RETAIL,[TO BE DEFINED],[TO BE DEFINED],[TO BE DEFINED],[TO BE DEFINED],[TO BE DEFINED],[TO BE CLASSIFIED],False,DATA_MKT_ON,TEXT,100.0,1,TO BE DEFINED
2026-06-05 16:17 UTC,NUM_SEMANA,[TO BE DEFINED],[TO BE DEFINED],[TO BE DEFINED],[TO BE DEFINED],[TO BE DEFINED],[TO BE CLASSIFIED],False,"DATA_MKT_OFF, DATA_MKT_ON",NUMBER,6.74,53,TO BE DEFINED
2026-06-05 16:17 UTC,MES,[TO BE DEFINED],[TO BE DEFINED],[TO BE DEFINED],[TO BE DEFINED],[TO BE DEFINED],[TO BE CLASSIFIED],False,"DATA_MKT_OFF, DATA_MKT_ON, DATA_WASTE",TEXT,6.74,25,TO BE DEFINED
2026-06-05 16:17 UTC,CLASIFICACION,[TO BE DEFINED],[TO BE DEFINED],[TO BE DEFINED],[TO BE DEFINED],[TO BE DEFINED],[TO BE CLASSIFIED],False,"DATA_MKT_OFF, DATA_MKT_ON",TEXT,0.0,3,TO BE DEFINED
2026-06-05 16:17 UTC,CLUSTER,[TO BE DEFINED],[TO BE DEFINED],[TO BE DEFINED],[TO BE DEFINED],[TO BE DEFINED],[TO BE CLASSIFIED],False,DATA_MKT_ON,TEXT,93.26,5,TO BE DEFINED
2026-06-05 16:17 UTC,CADENA,[TO BE DEFINED],[TO BE DEFINED],[TO BE DEFINED],[TO BE DEFINED],[TO BE DEFINED],[TO BE CLASSIFIED],False,"DATA_MKT_ON, DATA_WASTE",TEXT,93.26,15,TO BE DEFINED
2026-06-05 16:17 UTC,PLACEMENT_1,[TO BE DEFINED],[TO BE DEFINED],[TO BE DEFINED],[TO BE DEFINED],[TO BE DEFINED],[TO BE CLASSIFIED],False,DATA_MKT_ON,TEXT,93.26,5,TO BE DEFINED
2026-06-05 16:17 UTC,PLACEMENT_2,[TO BE DEFINED],[TO BE DEFINED],[TO BE DEFINED],[TO BE DEFINED],[TO BE DEFINED],[TO BE CLASSIFIED],False,DATA_MKT_ON,TEXT,93.26,45,TO BE DEFINED
2026-06-05 16:17 UTC,DETALLE_CATEGORIA_PRENDIDA_KW_PRENDIDAS,[TO BE DEFINED],[TO BE DEFINED],[TO BE DEFINED],[TO BE DEFINED],[TO BE DEFINED],[TO BE CLASSIFIED],False,DATA_MKT_ON,TEXT,93.53,230,TO BE DEFINED
2026-06-05 16:17 UTC,MENSAJE,[TO BE DEFINED],[TO BE DEFINED],[TO BE DEFINED],[TO BE DEFINED],[TO BE DEFINED],[TO BE CLASSIFIED],False,DATA_MKT_ON,TEXT,93.31,5,TO BE DEFINED
2026-06-05 16:17 UTC,CLAIM_CTA,[TO BE DEFINED],[TO BE DEFINED],[TO BE DEFINED],[TO BE DEFINED],[TO BE DEFINED],[TO BE CLASSIFIED],False,DATA_MKT_ON,TEXT,97.09,336,TO BE DEFINED
2026-06-05 16:17 UTC,PRODUCTOS,[TO BE DEFINED],[TO BE DEFINED],[TO BE DEFINED],[TO BE DEFINED],[TO BE DEFINED],[TO BE CLASSIFIED],False,DATA_MKT_ON,TEXT,94.46,726,TO BE DEFINED
2026-06-05 16:17 UTC,HERO_PRODUCTO,[TO BE DEFINED],[TO BE DEFINED],[TO BE DEFINED],[TO BE DEFINED],[TO BE DEFINED],[TO BE CLASSIFIED],False,DATA_MKT_ON,TEXT,94.53,405,TO BE DEFINED
2026-06-05 16:17 UTC,UPC,[TO BE DEFINED],[TO BE DEFINED],[TO BE DEFINED],[TO BE DEFINED],[TO BE DEFINED],[TO BE CLASSIFIED],False,DATA_MKT_ON,TEXT,94.66,49,TO BE DEFINED
2026-06-05 16:17 UTC,DBAS_Y_N,[TO BE DEFINED],[TO BE DEFINED],[TO BE DEFINED],[TO BE DEFINED],[TO BE DEFINED],[TO BE CLASSIFIED],False,DATA_MKT_ON,TEXT,97.1,3,TO BE DEFINED
2026-06-05 16:17 UTC,VALUE_ATTRIBUTE,[TO BE DEFINED],[TO BE DEFINED],[TO BE DEFINED],[TO BE DEFINED],[TO BE DEFINED],[TO BE CLASSIFIED],False,DATA_MKT_ON,TEXT,99.26,105,TO BE DEFINED
2026-06-05 16:17 UTC,VALUE_TYPE,[TO BE DEFINED],[TO BE DEFINED],[TO BE DEFINED],[TO BE DEFINED],[TO BE DEFINED],[TO BE CLASSIFIED],False,DATA_MKT_ON,TEXT,99.32,26,TO BE DEFINED
2026-06-05 16:17 UTC,CVR,[TO BE DEFINED],[TO BE DEFINED],[TO BE DEFINED],[TO BE DEFINED],[TO BE DEFINED],[TO BE CLASSIFIED],False,DATA_MKT_ON,FLOAT,98.37,51,TO BE DEFINED
2026-06-05 16:17 UTC,CPI,[TO BE DEFINED],[TO BE DEFINED],[TO BE DEFINED],[TO BE DEFINED],[TO BE DEFINED],[TO BE CLASSIFIED],False,DATA_MKT_ON,FLOAT,93.62,565,TO BE DEFINED
2026-06-05 16:17 UTC,"""IMPR_(ABS.TOP)_%""",[TO BE DEFINED],[TO BE DEFINED],[TO BE DEFINED],[TO BE DEFINED],[TO BE DEFINED],[TO BE CLASSIFIED],False,DATA_MKT_ON,FLOAT,100.0,1,TO BE DEFINED
2026-06-05 16:17 UTC,"""IMPR_(TOP)""",[TO BE DEFINED],[TO BE DEFINED],[TO BE DEFINED],[TO BE DEFINED],[TO BE DEFINED],[TO BE CLASSIFIED],False,DATA_MKT_ON,FLOAT,100.0,1,TO BE DEFINED
2026-06-05 16:17 UTC,SKU,[TO BE DEFINED],[TO BE DEFINED],[TO BE DEFINED],[TO BE DEFINED],[TO BE DEFINED],[TO BE CLASSIFIED],False,DATA_WASTE,TEXT,0.0,1421,TO BE DEFINED
2026-06-05 16:17 UTC,DESCRIPCION,[TO BE DEFINED],[TO BE DEFINED],[TO BE DEFINED],[TO BE DEFINED],[TO BE DEFINED],[TO BE CLASSIFIED],False,DATA_WASTE,TEXT,0.0,2287,TO BE DEFINED
2026-06-05 16:17 UTC,TIPO_PRODUCTO,[TO BE DEFINED],[TO BE DEFINED],[TO BE DEFINED],[TO BE DEFINED],[TO BE DEFINED],[TO BE CLASSIFIED],False,DATA_WASTE,TEXT,0.06,16,TO BE DEFINED
2026-06-05 16:17 UTC,PROYECTO,[TO BE DEFINED],[TO BE DEFINED],[TO BE DEFINED],[TO BE DEFINED],[TO BE DEFINED],[TO BE CLASSIFIED],False,DATA_WASTE,TEXT,0.52,585,TO BE DEFINED
2026-06-05 16:17 UTC,CANAL,[TO BE DEFINED],[TO BE DEFINED],[TO BE DEFINED],[TO BE DEFINED],[TO BE DEFINED],[TO BE CLASSIFIED],False,DATA_WASTE,TEXT,0.0,4,TO BE DEFINED
2026-06-05 16:17 UTC,"""Waste ($)""",[TO BE DEFINED],[TO BE DEFINED],[TO BE DEFINED],[TO BE DEFINED],[TO BE DEFINED],[TO BE CLASSIFIED],False,DATA_WASTE,DoubleType(),19.49,508463,TO BE DEFINED
2026-06-05 16:17 UTC,"""Waste (KG)""",[TO BE DEFINED],[TO BE DEFINED],[TO BE DEFINED],[TO BE DEFINED],[TO BE DEFINED],[TO BE CLASSIFIED],False,DATA_WASTE,DoubleType(),19.51,86333,TO BE DEFINED
2026-06-05 16:17 UTC,START_TIME,[TO BE DEFINED],[TO BE DEFINED],[TO BE DEFINED],[TO BE DEFINED],[TO BE DEFINED],[TO BE CLASSIFIED],False,DATA_MKT_OFF,StringType(),45.31,124851,TO BE DEFINED
2026-06-05 16:17 UTC,END_TIME,[TO BE DEFINED],[TO BE DEFINED],[TO BE DEFINED],[TO BE DEFINED],[TO BE DEFINED],[TO BE CLASSIFIED],False,DATA_MKT_OFF,StringType(),45.33,127051,TO BE DEFINED
2026-06-05 16:17 UTC,SECTOR,[TO BE DEFINED],[TO BE DEFINED],[TO BE DEFINED],[TO BE DEFINED],[TO BE DEFINED],[TO BE CLASSIFIED],False,DATA_MKT_OFF,StringType(),0.33,5,TO BE DEFINED
2026-06-05 16:17 UTC,CLASE,[TO BE DEFINED],[TO BE DEFINED],[TO BE DEFINED],[TO BE DEFINED],[TO BE DEFINED],[TO BE CLASSIFIED],False,DATA_MKT_OFF,StringType(),0.33,35,TO BE DEFINED
2026-06-05 16:17 UTC,AGENCIA,[TO BE DEFINED],[TO BE DEFINED],[TO BE DEFINED],[TO BE DEFINED],[TO BE DEFINED],[TO BE CLASSIFIED],False,DATA_MKT_OFF,StringType(),9.61,16,TO BE DEFINED
2026-06-05 16:17 UTC,SUBMARCA,[TO BE DEFINED],[TO BE DEFINED],[TO BE DEFINED],[TO BE DEFINED],[TO BE DEFINED],[TO BE CLASSIFIED],False,DATA_MKT_OFF,StringType(),0.26,294,TO BE DEFINED
2026-06-05 16:17 UTC,TIPO_SPOT,[TO BE DEFINED],[TO BE DEFINED],[TO BE DEFINED],[TO BE DEFINED],[TO BE DEFINED],[TO BE CLASSIFIED],False,DATA_MKT_OFF,StringType(),0.09,34,TO BE DEFINED
2026-06-05 16:17 UTC,VERSION,[TO BE DEFINED],[TO BE DEFINED],[TO BE DEFINED],[TO BE DEFINED],[TO BE DEFINED],[TO BE CLASSIFIED],False,DATA_MKT_OFF,StringType(),0.28,1216,TO BE DEFINED
2026-06-05 16:17 UTC,FRANJA_HORARIA,[TO BE DEFINED],[TO BE DEFINED],[TO BE DEFINED],[TO BE DEFINED],[TO BE DEFINED],[TO BE CLASSIFIED],False,DATA_MKT_OFF,StringType(),61.13,7,TO BE DEFINED
2026-06-05 16:17 UTC,PROGRAMA,[TO BE DEFINED],[TO BE DEFINED],[TO BE DEFINED],[TO BE DEFINED],[TO BE DEFINED],[TO BE CLASSIFIED],False,DATA_MKT_OFF,StringType(),45.32,10711,TO BE DEFINED
2026-06-05 16:17 UTC,TIPOLOGIA,[TO BE DEFINED],[TO BE DEFINED],[TO BE DEFINED],[TO BE DEFINED],[TO BE DEFINED],[TO BE CLASSIFIED],False,DATA_MKT_OFF,StringType(),82.97,19,TO BE DEFINED
2026-06-05 16:17 UTC,POSICION,[TO BE DEFINED],[TO BE DEFINED],[TO BE DEFINED],[TO BE DEFINED],[TO BE DEFINED],[TO BE CLASSIFIED],False,DATA_MKT_OFF,StringType(),82.96,8,TO BE DEFINED
2026-06-05 16:17 UTC,DURACION,[TO BE DEFINED],[TO BE DEFINED],[TO BE DEFINED],[TO BE DEFINED],[TO BE DEFINED],[TO BE CLASSIFIED],False,DATA_MKT_OFF,StringType(),0.1,199,TO BE DEFINED
2026-06-05 16:17 UTC,INSERCION,[TO BE DEFINED],[TO BE DEFINED],[TO BE DEFINED],[TO BE DEFINED],[TO BE DEFINED],[TO BE CLASSIFIED],False,DATA_MKT_OFF,DoubleType(),12.89,5,TO BE DEFINED
2026-06-05 16:17 UTC,INV_PUBLICADA,[TO BE DEFINED],[TO BE DEFINED],[TO BE DEFINED],[TO BE DEFINED],[TO BE DEFINED],[TO BE CLASSIFIED],False,DATA_MKT_OFF,DoubleType(),0.36,46390,TO BE DEFINED
2026-06-05 16:17 UTC,DESCUENTO,[TO BE DEFINED],[TO BE DEFINED],[TO BE DEFINED],[TO BE DEFINED],[TO BE DEFINED],[TO BE CLASSIFIED],False,DATA_MKT_OFF,DoubleType(),15.17,32,TO BE DEFINED
2026-06-05 16:17 UTC,INV_DEFLACTADA,[TO BE DEFINED],[TO BE DEFINED],[TO BE DEFINED],[TO BE DEFINED],[TO BE DEFINED],[TO BE CLASSIFIED],False,DATA_MKT_OFF,DoubleType(),32.19,45457,TO BE DEFINED
2026-06-05 16:17 UTC,IMPACTOS_HT,[TO BE DEFINED],[TO BE DEFINED],[TO BE DEFINED],[TO BE DEFINED],[TO BE DEFINED],[TO BE CLASSIFIED],False,DATA_MKT_OFF,DoubleType(),18.99,111779,TO BE DEFINED
2026-06-05 16:17 UTC,GRPS_HT,[TO BE DEFINED],[TO BE DEFINED],[TO BE DEFINED],[TO BE DEFINED],[TO BE DEFINED],[TO BE CLASSIFIED],False,DATA_MKT_OFF,DoubleType(),6.11,1736,TO BE DEFINED
2026-06-05 16:17 UTC,GRPS_HG_MEXICO_PONDERADOS,[TO BE DEFINED],[TO BE DEFINED],[TO BE DEFINED],[TO BE DEFINED],[TO BE DEFINED],[TO BE CLASSIFIED],False,DATA_MKT_OFF,DoubleType(),100.0,1,TO BE DEFINED
2026-06-05 16:17 UTC,IMPACTOS_AMAS,[TO BE DEFINED],[TO BE DEFINED],[TO BE DEFINED],[TO BE DEFINED],[TO BE DEFINED],[TO BE CLASSIFIED],False,DATA_MKT_OFF,DoubleType(),18.99,98022,TO BE DEFINED
2026-06-05 16:17 UTC,GRPS_AMAS,[TO BE DEFINED],[TO BE DEFINED],[TO BE DEFINED],[TO BE DEFINED],[TO BE DEFINED],[TO BE CLASSIFIED],False,DATA_MKT_OFF,DoubleType(),18.99,1238,TO BE DEFINED
2026-06-05 16:17 UTC,IMPACTOS_HG_CDMX,[TO BE DEFINED],[TO BE DEFINED],[TO BE DEFINED],[TO BE DEFINED],[TO BE DEFINED],[TO BE CLASSIFIED],False,DATA_MKT_OFF,DoubleType(),58.21,71479,TO BE DEFINED
2026-06-05 16:17 UTC,GRPS_HG_CDMX,[TO BE DEFINED],[TO BE DEFINED],[TO BE DEFINED],[TO BE DEFINED],[TO BE DEFINED],[TO BE CLASSIFIED],False,DATA_MKT_OFF,DoubleType(),58.21,1328,TO BE DEFINED
2026-06-05 16:17 UTC,GRPS_HG_CDMX_PONDERADOS,[TO BE DEFINED],[TO BE DEFINED],[TO BE DEFINED],[TO BE DEFINED],[TO BE DEFINED],[TO BE CLASSIFIED],False,DATA_MKT_OFF,DoubleType(),58.21,7278,TO BE DEFINED
2026-06-05 16:17 UTC,IMPACTOS_AMAS_CDMX,[TO BE DEFINED],[TO BE DEFINED],[TO BE DEFINED],[TO BE DEFINED],[TO BE DEFINED],[TO BE CLASSIFIED],False,DATA_MKT_OFF,DoubleType(),58.21,56788,TO BE DEFINED
2026-06-05 16:17 UTC,GRPS_AMAS_CDMX,[TO BE DEFINED],[TO BE DEFINED],[TO BE DEFINED],[TO BE DEFINED],[TO BE DEFINED],[TO BE CLASSIFIED],False,DATA_MKT_OFF,DoubleType(),58.21,1107,TO BE DEFINED
2026-06-05 16:17 UTC,IMPACTOS_HG_GDL,[TO BE DEFINED],[TO BE DEFINED],[TO BE DEFINED],[TO BE DEFINED],[TO BE DEFINED],[TO BE CLASSIFIED],False,DATA_MKT_OFF,DoubleType(),58.21,21505,TO BE DEFINED
2026-06-05 16:17 UTC,GRPS_HG_GDL,[TO BE DEFINED],[TO BE DEFINED],[TO BE DEFINED],[TO BE DEFINED],[TO BE DEFINED],[TO BE CLASSIFIED],False,DATA_MKT_OFF,DoubleType(),58.21,1369,TO BE DEFINED
2026-06-05 16:17 UTC,GRPS_HG_GDL_PONDERADOS,[TO BE DEFINED],[TO BE DEFINED],[TO BE DEFINED],[TO BE DEFINED],[TO BE DEFINED],[TO BE CLASSIFIED],False,DATA_MKT_OFF,DoubleType(),58.21,7064,TO BE DEFINED
2026-06-05 16:17 UTC,IMPACTOS_AMAS_GDL,[TO BE DEFINED],[TO BE DEFINED],[TO BE DEFINED],[TO BE DEFINED],[TO BE DEFINED],[TO BE CLASSIFIED],False,DATA_MKT_OFF,DoubleType(),58.21,15890,TO BE DEFINED
2026-06-05 16:17 UTC,GRPS_AMAS_GDL,[TO BE DEFINED],[TO BE DEFINED],[TO BE DEFINED],[TO BE DEFINED],[TO BE DEFINED],[TO BE CLASSIFIED],False,DATA_MKT_OFF,DoubleType(),58.21,1043,TO BE DEFINED
2026-06-05 16:17 UTC,IMPACTOS_HG_MTY,[TO BE DEFINED],[TO BE DEFINED],[TO BE DEFINED],[TO BE DEFINED],[TO BE DEFINED],[TO BE CLASSIFIED],False,DATA_MKT_OFF,DoubleType(),58.21,22465,TO BE DEFINED
2026-06-05 16:17 UTC,GRPS_HG_MTY,[TO BE DEFINED],[TO BE DEFINED],[TO BE DEFINED],[TO BE DEFINED],[TO BE DEFINED],[TO BE CLASSIFIED],False,DATA_MKT_OFF,DoubleType(),58.21,1342,TO BE DEFINED
2026-06-05 16:17 UTC,GRPS_HG_MTY_PONDERADOS,[TO BE DEFINED],[TO BE DEFINED],[TO BE DEFINED],[TO BE DEFINED],[TO BE DEFINED],[TO BE CLASSIFIED],False,DATA_MKT_OFF,DoubleType(),58.21,6541,TO BE DEFINED
2026-06-05 16:17 UTC,IMPACTOS_AMAS_MTY,[TO BE DEFINED],[TO BE DEFINED],[TO BE DEFINED],[TO BE DEFINED],[TO BE DEFINED],[TO BE CLASSIFIED],False,DATA_MKT_OFF,DoubleType(),58.21,16180,TO BE DEFINED
2026-06-05 16:17 UTC,GRPS_AMAS_MTY,[TO BE DEFINED],[TO BE DEFINED],[TO BE DEFINED],[TO BE DEFINED],[TO BE DEFINED],[TO BE CLASSIFIED],False,DATA_MKT_OFF,DoubleType(),58.21,1147,TO BE DEFINED
2026-06-05 16:17 UTC,IDENTIFICADOR_FDP,[TO BE DEFINED],[TO BE DEFINED],[TO BE DEFINED],[TO BE DEFINED],[TO BE DEFINED],[TO BE CLASSIFIED],False,DATA_MKT_OFF,"DecimalType(38,0)",58.41,3,TO BE DEFINED
2026-06-05 16:17 UTC,IDENTIFICADOR_AGUA_NATURAL,[TO BE DEFINED],[TO BE DEFINED],[TO BE DEFINED],[TO BE DEFINED],[TO BE DEFINED],[TO BE CLASSIFIED],False,DATA_MKT_OFF,"DecimalType(38,0)",58.41,3,TO BE DEFINED
2026-06-05 16:17 UTC,IDENTIFICADOR_AQUADRINKS,[TO BE DEFINED],[TO BE DEFINED],[TO BE DEFINED],[TO BE DEFINED],[TO BE DEFINED],[TO BE CLASSIFIED],False,DATA_MKT_OFF,"DecimalType(38,0)",58.19,3,TO BE DEFINED
2026-06-05 16:17 UTC,IDENTIFICADOR_PLANT_BASED,[TO BE DEFINED],[TO BE DEFINED],[TO BE DEFINED],[TO BE DEFINED],[TO BE DEFINED],[TO BE CLASSIFIED],False,DATA_MKT_OFF,"DecimalType(38,0)",58.19,3,TO BE DEFINED
2026-06-05 16:17 UTC,CATEGORIA_NUEVA,[TO BE DEFINED],[TO BE DEFINED],[TO BE DEFINED],[TO BE DEFINED],[TO BE DEFINED],[TO BE CLASSIFIED],False,DATA_MKT_OFF,StringType(),87.12,3,TO BE DEFINED
2026-06-05 16:17 UTC,GRPS_HT_20,[TO BE DEFINED],[TO BE DEFINED],[TO BE DEFINED],[TO BE DEFINED],[TO BE DEFINED],[TO BE CLASSIFIED],False,DATA_MKT_OFF,DoubleType(),45.33,12956,TO BE DEFINED
2026-06-05 16:17 UTC,NETWORK_PROVEEDOR,[TO BE DEFINED],[TO BE DEFINED],[TO BE DEFINED],[TO BE DEFINED],[TO BE DEFINED],[TO BE CLASSIFIED],False,DATA_MKT_OFF,StringType(),99.9,4,TO BE DEFINED
2026-06-05 16:17 UTC,PLATAFORMA_TRANSMITIDO,[TO BE DEFINED],[TO BE DEFINED],[TO BE DEFINED],[TO BE DEFINED],[TO BE DEFINED],[TO BE CLASSIFIED],False,DATA_MKT_OFF,StringType(),99.76,13,TO BE DEFINED
2026-06-05 16:17 UTC,IMPORTE_BONIF,[TO BE DEFINED],[TO BE DEFINED],[TO BE DEFINED],[TO BE DEFINED],[TO BE DEFINED],[TO BE CLASSIFIED],False,DATA_MKT_OFF,DoubleType(),99.91,21,TO BE DEFINED
2026-06-05 16:17 UTC,UBICACION,[TO BE DEFINED],[TO BE DEFINED],[TO BE DEFINED],[TO BE DEFINED],[TO BE DEFINED],[TO BE CLASSIFIED],False,DATA_MKT_OFF,StringType(),99.78,58,TO BE DEFINED
2026-06-05 16:17 UTC,REGION_MP,[TO BE DEFINED],[TO BE DEFINED],[TO BE DEFINED],[TO BE DEFINED],[TO BE DEFINED],[TO BE CLASSIFIED],False,DATA_MKT_OFF,StringType(),99.78,18,TO BE DEFINED
2026-06-05 16:17 UTC,PRODUCCION_FACTURABLE,[TO BE DEFINED],[TO BE DEFINED],[TO BE DEFINED],[TO BE DEFINED],[TO BE DEFINED],[TO BE CLASSIFIED],False,DATA_MKT_OFF,DoubleType(),99.97,2,TO BE DEFINED
2026-06-05 16:17 UTC,PRODUCCION_BONIFICABLE,[TO BE DEFINED],[TO BE DEFINED],[TO BE DEFINED],[TO BE DEFINED],[TO BE DEFINED],[TO BE CLASSIFIED],False,DATA_MKT_OFF,DoubleType(),99.97,2,TO BE DEFINED
2026-06-05 16:17 UTC,PLATAFORMA_COMPRA,[TO BE DEFINED],[TO BE DEFINED],[TO BE DEFINED],[TO BE DEFINED],[TO BE DEFINED],[TO BE CLASSIFIED],False,DATA_MKT_OFF,StringType(),99.91,3,TO BE DEFINED
2026-06-05 16:17 UTC,GRPS_AMAS_20,[TO BE DEFINED],[TO BE DEFINED],[TO BE DEFINED],[TO BE DEFINED],[TO BE DEFINED],[TO BE CLASSIFIED],False,DATA_MKT_OFF,DoubleType(),70.71,6078,TO BE DEFINED
2026-06-05 16:17 UTC,GRPS_INDIV19,[TO BE DEFINED],[TO BE DEFINED],[TO BE DEFINED],[TO BE DEFINED],[TO BE DEFINED],[TO BE CLASSIFIED],False,DATA_MKT_OFF,DoubleType(),6.11,1126,TO BE DEFINED
2026-06-05 16:17 UTC,IMPACTOS_INDIV19,[TO BE DEFINED],[TO BE DEFINED],[TO BE DEFINED],[TO BE DEFINED],[TO BE DEFINED],[TO BE CLASSIFIED],False,DATA_MKT_OFF,StringType(),87.97,18645,TO BE DEFINED
2026-06-05 16:17 UTC,GRPS_INDIV19_20,[TO BE DEFINED],[TO BE DEFINED],[TO BE DEFINED],[TO BE DEFINED],[TO BE DEFINED],[TO BE CLASSIFIED],False,DATA_MKT_OFF,StringType(),50.13,6106,TO BE DEFINED
2026-06-05 16:17 UTC,GRPS_INDIV19_CDMX,[TO BE DEFINED],[TO BE DEFINED],[TO BE DEFINED],[TO BE DEFINED],[TO BE DEFINED],[TO BE CLASSIFIED],False,DATA_MKT_OFF,DoubleType(),45.33,1184,TO BE DEFINED
2026-06-05 16:17 UTC,IMPACTOS_INDIV19_CDMX,[TO BE DEFINED],[TO BE DEFINED],[TO BE DEFINED],[TO BE DEFINED],[TO BE DEFINED],[TO BE CLASSIFIED],False,DATA_MKT_OFF,StringType(),70.71,70623,TO BE DEFINED
2026-06-05 16:17 UTC,GRPS_INDIV19_CDMX_20,[TO BE DEFINED],[TO BE DEFINED],[TO BE DEFINED],[TO BE DEFINED],[TO BE DEFINED],[TO BE CLASSIFIED],False,DATA_MKT_OFF,DoubleType(),45.34,49180,TO BE DEFINED
2026-06-05 16:17 UTC,GRPS_INDIV19_GDL,[TO BE DEFINED],[TO BE DEFINED],[TO BE DEFINED],[TO BE DEFINED],[TO BE DEFINED],[TO BE CLASSIFIED],False,DATA_MKT_OFF,DoubleType(),45.33,1158,TO BE DEFINED
2026-06-05 16:17 UTC,IMPACTOS_INDIV19_GDL,[TO BE DEFINED],[TO BE DEFINED],[TO BE DEFINED],[TO BE DEFINED],[TO BE DEFINED],[TO BE CLASSIFIED],False,DATA_MKT_OFF,StringType(),70.71,22834,TO BE DEFINED
2026-06-05 16:17 UTC,GRPS_INDIV19_GDL_20,[TO BE DEFINED],[TO BE DEFINED],[TO BE DEFINED],[TO BE DEFINED],[TO BE DEFINED],[TO BE CLASSIFIED],False,DATA_MKT_OFF,DoubleType(),45.34,25637,TO BE DEFINED
2026-06-05 16:17 UTC,GRPS_INDIV19_MTY,[TO BE DEFINED],[TO BE DEFINED],[TO BE DEFINED],[TO BE DEFINED],[TO BE DEFINED],[TO BE CLASSIFIED],False,DATA_MKT_OFF,DoubleType(),45.33,11323,TO BE DEFINED
2026-06-05 16:17 UTC,IMPACTOS_INDIV19_MTY,[TO BE DEFINED],[TO BE DEFINED],[TO BE DEFINED],[TO BE DEFINED],[TO BE DEFINED],[TO BE CLASSIFIED],False,DATA_MKT_OFF,StringType(),70.71,19480,TO BE DEFINED
2026-06-05 16:17 UTC,GRPS_INDIV19_MTY_20,[TO BE DEFINED],[TO BE DEFINED],[TO BE DEFINED],[TO BE DEFINED],[TO BE DEFINED],[TO BE CLASSIFIED],False,DATA_MKT_OFF,DoubleType(),45.34,27477,TO BE DEFINED
2026-06-05 16:17 UTC,GRPS_HT_20_BADQUOTE,[TO BE DEFINED],[TO BE DEFINED],[TO BE DEFINED],[TO BE DEFINED],[TO BE DEFINED],[TO BE CLASSIFIED],False,DATA_MKT_OFF,DoubleType(),100.0,1,TO BE DEFINED
2026-06-05 16:17 UTC,GRPS_AMAS_20_BADQUOTE,[TO BE DEFINED],[TO BE DEFINED],[TO BE DEFINED],[TO BE DEFINED],[TO BE DEFINED],[TO BE CLASSIFIED],False,DATA_MKT_OFF,DoubleType(),100.0,1,TO BE DEFINED
2026-06-05 16:17 UTC,IMPACTOS_INDIV_19,[TO BE DEFINED],[TO BE DEFINED],[TO BE DEFINED],[TO BE DEFINED],[TO BE DEFINED],[TO BE CLASSIFIED],False,DATA_MKT_OFF,DoubleType(),70.71,92475,TO BE DEFINED
