MRKT_DSC_SHRT,NIELSEN_SOURCE_TABLE,REVIEW_STATUS,AGG_LEVEL,CANAL_LVL1,CANAL_LVL2,REGION_TYPE,REGION_STD,REGION_DETAIL,canal_std,region_std
Total Autos San Luis Rio Colorado,PB_NIELSEN,CONFIRMED,TOTAL,MODERNO,AUTOSERVICIO,CITY,SAN LUIS RIO COLORADO,,AUTOSERVICIO,SAN LUIS RIO COLORADO
Total Autos Tecate,PB_NIELSEN,CONFIRMED,TOTAL,MODERNO,AUTOSERVICIO,CITY,TECATE,,AUTOSERVICIO,TECATE
Autoservicios Durango,EDP_NIELSEN,CONFIRMED,DETAIL,MODERNO,AUTOSERVICIO,CITY,DURANGO,,AUTOSERVICIO,DURANGO
Autoservicios Scanning Guadalajara,PB_NIELSEN,CONFIRMED,DETAIL,MODERNO,AUTOSERVICIO_SCANNING,CITY,GUADALAJARA,,AUTOSERVICIO_SCANNING,GUADALAJARA
Autoservicios Scanning Tecate,PB_NIELSEN,CONFIRMED,DETAIL,MODERNO,AUTOSERVICIO_SCANNING,CITY,TECATE,,AUTOSERVICIO_SCANNING,TECATE
Total Autos Poza Rica_MT,PB_NIELSEN,CONFIRMED,TOTAL,MODERNO,AUTOSERVICIO,CITY,POZA RICA,,AUTOSERVICIO,POZA RICA
Autoservicios Baja California,EDP_NIELSEN,CONFIRMED,DETAIL,MODERNO,AUTOSERVICIO,CITY,BAJA CALIFORNIA,,AUTOSERVICIO,BAJA CALIFORNIA
Autoservicios Scanning Cd. Valles,PB_NIELSEN,CONFIRMED,DETAIL,MODERNO,AUTOSERVICIO_SCANNING,CITY,CD VALLES,,AUTOSERVICIO_SCANNING,CD VALLES
Autoservicios Surt. Extendido Area 1,EDP_NIELSEN,CONFIRMED,DETAIL,MODERNO,AUTOSERVICIO_SURTIDO_EXTENDIDO,AREA,AREA_1,,AUTOSERVICIO_SURTIDO_EXTENDIDO,AREA_1
Canal Moderno Monterrey,EDP_NIELSEN,CONFIRMED,DETAIL,MODERNO,MODERNO_TOTAL,CITY,MONTERREY,,MODERNO_TOTAL,MONTERREY
Canal Tradicional _Juarez,EDP_NIELSEN,CONFIRMED,DETAIL,TRADICIONAL,TRADICIONAL,CITY,JUAREZ,,TRADICIONAL,JUAREZ
TRADICIONAL VDM ZONA I,WATER_NIELSEN_RIE,CONFIRMED,DETAIL,TRADICIONAL,TRADICIONAL,VDM,VDM,VDM_ZONA_1,TRADICIONAL,VDM
Autoservicios Scanning Culiacan,PB_NIELSEN,CONFIRMED,DETAIL,MODERNO,AUTOSERVICIO_SCANNING,CITY,CULIACAN,,AUTOSERVICIO_SCANNING,CULIACAN
Autoservicios Orizaba,EDP_NIELSEN,CONFIRMED,DETAIL,MODERNO,AUTOSERVICIO,CITY,ORIZABA,,AUTOSERVICIO,ORIZABA
Grandes Cadenas De Autoservicio Area 5_MT,WATER_NIELSEN_RIE,CONFIRMED,DETAIL,MODERNO,GRANDES_CADENAS_AUTOSERVICIO,AREA,AREA_5,,GRANDES_CADENAS_AUTOSERVICIO,AREA_5
TRADICIONAL MEXICALI,WATER_NIELSEN_RIE,CONFIRMED,DETAIL,TRADICIONAL,TRADICIONAL,CITY,MEXICALI,,TRADICIONAL,MEXICALI
Total Autos Parral + Camargo_MT,PB_NIELSEN,CONFIRMED,TOTAL,MODERNO,AUTOSERVICIO,CITY,PARRAL + CAMARGO,,AUTOSERVICIO,PARRAL + CAMARGO
Autos Scanning Area 4,EDP_NIELSEN,CONFIRMED,DETAIL,MODERNO,AUTOSERVICIO_SCANNING,AREA,AREA_4,,AUTOSERVICIO_SCANNING,AREA_4
Total Autos Cd. Cuauhtemoc,PB_NIELSEN,CONFIRMED,TOTAL,MODERNO,AUTOSERVICIO,CITY,CD CUAUHTEMOC,,AUTOSERVICIO,CD CUAUHTEMOC
Total _Area 6.2 Sur,EDP_NIELSEN,CONFIRMED,TOTAL,TOTAL_MERCADO,TOTAL_MERCADO,AREA,AREA_6,AREA_6_2_SUR,TOTAL_MERCADO,AREA_6
Total Autos Guaymas,PB_NIELSEN,CONFIRMED,TOTAL,MODERNO,AUTOSERVICIO,CITY,GUAYMAS,,AUTOSERVICIO,GUAYMAS
Autoservicios Scanning Irapuato,PB_NIELSEN,CONFIRMED,DETAIL,MODERNO,AUTOSERVICIO_SCANNING,CITY,IRAPUATO,,AUTOSERVICIO_SCANNING,IRAPUATO
Autoservicios Scanning La Paz,PB_NIELSEN,CONFIRMED,DETAIL,MODERNO,AUTOSERVICIO_SCANNING,CITY,LA PAZ,,AUTOSERVICIO_SCANNING,LA PAZ
TRADICIONAL AREA III,WATER_NIELSEN_RIE,CONFIRMED,DETAIL,TRADICIONAL,TRADICIONAL,AREA,AREA_3,,TRADICIONAL,AREA_3
TRADICIONAL VDM ZONA III,WATER_NIELSEN_RIE,CONFIRMED,DETAIL,TRADICIONAL,TRADICIONAL,VDM,VDM,VDM_ZONA_1,TRADICIONAL,VDM
Autoservicios Surt. Esencial Area 5,EDP_NIELSEN,CONFIRMED,DETAIL,MODERNO,AUTOSERVICIO_SURTIDO_ESENCIAL,AREA,AREA_5,,AUTOSERVICIO_SURTIDO_ESENCIAL,AREA_5
Autoservicios Surtido Extendido Area 3_MT,WATER_NIELSEN_RIE,CONFIRMED,DETAIL,MODERNO,AUTOSERVICIO_SURTIDO_EXTENDIDO,AREA,AREA_3,,AUTOSERVICIO_SURTIDO_EXTENDIDO,AREA_3
Canal Tradicional _Area 6.1 Peninsula,EDP_NIELSEN,CONFIRMED,DETAIL,TRADICIONAL,TRADICIONAL,AREA,AREA_6,AREA_6_1_PENINSULA,TRADICIONAL,AREA_6
Canal Tradicional _Monterrey Zona 2,EDP_NIELSEN,CONFIRMED,DETAIL,TRADICIONAL,TRADICIONAL,CITY,MONTERREY ZONA 2,,TRADICIONAL,MONTERREY ZONA 2
Grandes Cadenas De Autoservicio Guadalajara_MT,WATER_NIELSEN_RIE,CONFIRMED,DETAIL,MODERNO,GRANDES_CADENAS_AUTOSERVICIO,CITY,GUADALAJARA,,GRANDES_CADENAS_AUTOSERVICIO,GUADALAJARA
TRADICIONAL MEXICO GRANDES,WATER_NIELSEN_RIE,CONFIRMED,DETAIL,TRADICIONAL,TRADICIONAL_GRANDES_MINISUPERS,CITY,MEXICO GRANDES,,TRADICIONAL_GRANDES_MINISUPERS,MEXICO GRANDES
Autoservicios Irapuato,EDP_NIELSEN,CONFIRMED,DETAIL,MODERNO,AUTOSERVICIO,CITY,IRAPUATO,,AUTOSERVICIO,IRAPUATO
Canal Moderno Guadalajara,EDP_NIELSEN,CONFIRMED,DETAIL,MODERNO,MODERNO_TOTAL,CITY,GUADALAJARA,,MODERNO_TOTAL,GUADALAJARA
Autoservicios Surt. Completo Area 2,EDP_NIELSEN,CONFIRMED,DETAIL,MODERNO,AUTOSERVICIO_SURTIDO_COMPLETO,AREA,AREA_2,,AUTOSERVICIO_SURTIDO_COMPLETO,AREA_2
Autoservicios Surt. Esencial Area 6,EDP_NIELSEN,CONFIRMED,DETAIL,MODERNO,AUTOSERVICIO_SURTIDO_ESENCIAL,AREA,AREA_6,,AUTOSERVICIO_SURTIDO_ESENCIAL,AREA_6
Canal Tradicional _Monterrey Zona 3,EDP_NIELSEN,CONFIRMED,DETAIL,TRADICIONAL,TRADICIONAL,CITY,MONTERREY ZONA 3,,TRADICIONAL,MONTERREY ZONA 3
Autoservicios Surtido Extendido Area 2_MT,WATER_NIELSEN_RIE,CONFIRMED,DETAIL,MODERNO,AUTOSERVICIO_SURTIDO_EXTENDIDO,AREA,AREA_2,,AUTOSERVICIO_SURTIDO_EXTENDIDO,AREA_2
Autoservicios Surt. Extendido Area 2,EDP_NIELSEN,CONFIRMED,DETAIL,MODERNO,AUTOSERVICIO_SURTIDO_EXTENDIDO,AREA,AREA_2,,AUTOSERVICIO_SURTIDO_EXTENDIDO,AREA_2
TDC + Farmacias Cad + Hard Discounters Area 6,EDP_NIELSEN,CONFIRMED,DETAIL,MODERNO,TDC_FARMACIAS_HARD_DISCOUNTERS,AREA,AREA_6,,TDC_FARMACIAS_HARD_DISCOUNTERS,AREA_6
Autoservicios Aguascalientes,EDP_NIELSEN,CONFIRMED,DETAIL,MODERNO,AUTOSERVICIO,CITY,AGUASCALIENTES,,AUTOSERVICIO,AGUASCALIENTES
Total Autos Aguascalientes,PB_NIELSEN,CONFIRMED,TOTAL,MODERNO,AUTOSERVICIO,CITY,AGUASCALIENTES,,AUTOSERVICIO,AGUASCALIENTES
Autos Scanning Area 1,EDP_NIELSEN,CONFIRMED,DETAIL,MODERNO,AUTOSERVICIO_SCANNING,AREA,AREA_1,,AUTOSERVICIO_SCANNING,AREA_1
Autoservicios La Paz,EDP_NIELSEN,CONFIRMED,DETAIL,MODERNO,AUTOSERVICIO,CITY,LA PAZ,,AUTOSERVICIO,LA PAZ
TRADICIONAL VERACRUZ.,WATER_NIELSEN_RIE,CONFIRMED,DETAIL,TRADICIONAL,TRADICIONAL,CITY,VERACRUZ,,TRADICIONAL,VERACRUZ
Proximidad Monterrey_MT,WATER_NIELSEN_RIE,CONFIRMED,DETAIL,MODERNO,PROXIMIDAD,CITY,MONTERREY,,PROXIMIDAD,MONTERREY
TRADICIONAL AREA II,WATER_NIELSEN_RIE,CONFIRMED,DETAIL,TRADICIONAL,TRADICIONAL,AREA,AREA_2,,TRADICIONAL,AREA_2
Autoservicios Cd. Obregon,EDP_NIELSEN,CONFIRMED,DETAIL,MODERNO,AUTOSERVICIO,CITY,CD OBREGON,,AUTOSERVICIO,CD OBREGON
Canal Tradicional _Toluca,EDP_NIELSEN,CONFIRMED,DETAIL,TRADICIONAL,TRADICIONAL,CITY,TOLUCA,,TRADICIONAL,TOLUCA
Total Autos Area 6,PB_NIELSEN,CONFIRMED,TOTAL,MODERNO,AUTOSERVICIO,AREA,AREA_6,,AUTOSERVICIO,AREA_6
Autoservicios Scanning Matamoros,PB_NIELSEN,CONFIRMED,DETAIL,MODERNO,AUTOSERVICIO_SCANNING,CITY,MATAMOROS,,AUTOSERVICIO_SCANNING,MATAMOROS
Total Autos Monterrey,PB_NIELSEN,CONFIRMED,TOTAL,MODERNO,AUTOSERVICIO,CITY,MONTERREY,,AUTOSERVICIO,MONTERREY
Canal Tradicional _Area 6.2 Sur,EDP_NIELSEN,CONFIRMED,DETAIL,TRADICIONAL,TRADICIONAL,AREA,AREA_6,AREA_6_2_SUR,TRADICIONAL,AREA_6
Autoservicios Scanning Campeche,PB_NIELSEN,CONFIRMED,DETAIL,MODERNO,AUTOSERVICIO_SCANNING,CITY,CAMPECHE,,AUTOSERVICIO_SCANNING,CAMPECHE
Canal Tradicional _Area 6,EDP_NIELSEN,CONFIRMED,DETAIL,TRADICIONAL,TRADICIONAL,AREA,AREA_6,,TRADICIONAL,AREA_6
Autoservicios Mayoristas Monterrey,EDP_NIELSEN,CONFIRMED,DETAIL,MODERNO,AUTOSERVICIOS_MAYORISTAS,CITY,MONTERREY,,AUTOSERVICIOS_MAYORISTAS,MONTERREY
Canal Tradicional _Leon,EDP_NIELSEN,CONFIRMED,DETAIL,TRADICIONAL,TRADICIONAL,CITY,LEON,,TRADICIONAL,LEON
C. Proximidad Area 5_MT,WATER_NIELSEN_RIE,CONFIRMED,DETAIL,MODERNO,PROXIMIDAD,AREA,AREA_5,,PROXIMIDAD,AREA_5
TDC + Farmacias Cad + Hard Discounters Area 4,EDP_NIELSEN,CONFIRMED,DETAIL,MODERNO,TDC_FARMACIAS_HARD_DISCOUNTERS,AREA,AREA_4,,TDC_FARMACIAS_HARD_DISCOUNTERS,AREA_4
Autoservicios Mazatlan,EDP_NIELSEN,CONFIRMED,DETAIL,MODERNO,AUTOSERVICIO,CITY,MAZATLAN,,AUTOSERVICIO,MAZATLAN
Autoservicios Mexicali,EDP_NIELSEN,CONFIRMED,DETAIL,MODERNO,AUTOSERVICIO,CITY,MEXICALI,,AUTOSERVICIO,MEXICALI
Total _Area 6.1 Peninsula,EDP_NIELSEN,CONFIRMED,TOTAL,TOTAL_MERCADO,TOTAL_MERCADO,AREA,AREA_6,AREA_6_1_PENINSULA,TOTAL_MERCADO,AREA_6
Autoservicios Scanning Saltillo,PB_NIELSEN,CONFIRMED,DETAIL,MODERNO,AUTOSERVICIO_SCANNING,CITY,SALTILLO,,AUTOSERVICIO_SCANNING,SALTILLO
Canal Tradicional _Puebla,EDP_NIELSEN,CONFIRMED,DETAIL,TRADICIONAL,TRADICIONAL,CITY,PUEBLA,,TRADICIONAL,PUEBLA
Total Area I_MT,WATER_NIELSEN_RIE,CONFIRMED,TOTAL,TOTAL_MERCADO,TOTAL_MERCADO,AREA,AREA_1,,TOTAL_MERCADO,AREA_1
Total Area V_MT,WATER_NIELSEN_RIE,CONFIRMED,TOTAL,TOTAL_MERCADO,TOTAL_MERCADO,AREA,AREA_5,,TOTAL_MERCADO,AREA_5
Autos Scanning Areas 3 + 4 + 5 +6,PB_NIELSEN,CONFIRMED,TOTAL,MODERNO,AUTOSERVICIO_SCANNING,AREA,AREA_3_6,,AUTOSERVICIO_SCANNING,AREA_3_6
Autoservicios Scanning Valle de Mexico,PB_NIELSEN,CONFIRMED,DETAIL,MODERNO,AUTOSERVICIO_SCANNING,VDM,VDM,,AUTOSERVICIO_SCANNING,VDM
Canal Tradicional _Area 2,EDP_NIELSEN,CONFIRMED,DETAIL,TRADICIONAL,TRADICIONAL,AREA,AREA_2,,TRADICIONAL,AREA_2
Total Autos Veracruz,PB_NIELSEN,CONFIRMED,TOTAL,MODERNO,AUTOSERVICIO,CITY,VERACRUZ,,AUTOSERVICIO,VERACRUZ
Total Autos Cuernavaca,PB_NIELSEN,CONFIRMED,TOTAL,MODERNO,AUTOSERVICIO,CITY,CUERNAVACA,,AUTOSERVICIO,CUERNAVACA
C. Proximidad Area 3_MT,WATER_NIELSEN_RIE,CONFIRMED,DETAIL,MODERNO,PROXIMIDAD,AREA,AREA_3,,PROXIMIDAD,AREA_3
Total Autos Poza Rica,PB_NIELSEN,CONFIRMED,TOTAL,MODERNO,AUTOSERVICIO,CITY,POZA RICA,,AUTOSERVICIO,POZA RICA
Autoservicios Leon,EDP_NIELSEN,CONFIRMED,DETAIL,MODERNO,AUTOSERVICIO,CITY,LEON,,AUTOSERVICIO,LEON
Canal Tradicional _Guadalajara,EDP_NIELSEN,CONFIRMED,DETAIL,TRADICIONAL,TRADICIONAL,CITY,GUADALAJARA,,TRADICIONAL,GUADALAJARA
Autoservicios Hermosillo,EDP_NIELSEN,CONFIRMED,DETAIL,MODERNO,AUTOSERVICIO,CITY,HERMOSILLO,,AUTOSERVICIO,HERMOSILLO
Autoservicios Surtido Completo Area 2_MT,WATER_NIELSEN_RIE,CONFIRMED,DETAIL,MODERNO,AUTOSERVICIO_SURTIDO_COMPLETO,AREA,AREA_2,,AUTOSERVICIO_SURTIDO_COMPLETO,AREA_2
Total _Area 1,EDP_NIELSEN,CONFIRMED,TOTAL,TOTAL_MERCADO,TOTAL_MERCADO,AREA,AREA_1,,TOTAL_MERCADO,AREA_1
Autoservicios Culiacan,EDP_NIELSEN,CONFIRMED,DETAIL,MODERNO,AUTOSERVICIO,CITY,CULIACAN,,AUTOSERVICIO,CULIACAN
Autoservicios Scanning Cd. Obregon,PB_NIELSEN,CONFIRMED,DETAIL,MODERNO,AUTOSERVICIO_SCANNING,CITY,CD OBREGON,,AUTOSERVICIO_SCANNING,CD OBREGON
Autoservicios Scanning Delicias,PB_NIELSEN,CONFIRMED,DETAIL,MODERNO,AUTOSERVICIO_SCANNING,CITY,DELICIAS,,AUTOSERVICIO_SCANNING,DELICIAS
Autoservicios Scanning Veracruz,PB_NIELSEN,CONFIRMED,DETAIL,MODERNO,AUTOSERVICIO_SCANNING,CITY,VERACRUZ,,AUTOSERVICIO_SCANNING,VERACRUZ
Autoservicios Surt. Completo Area 6,EDP_NIELSEN,CONFIRMED,DETAIL,MODERNO,AUTOSERVICIO_SURTIDO_COMPLETO,AREA,AREA_6,,AUTOSERVICIO_SURTIDO_COMPLETO,AREA_6
Canal Moderno Area 2.2 Golfo,EDP_NIELSEN,CONFIRMED,DETAIL,MODERNO,MODERNO_TOTAL,AREA,AREA_2,AREA_2_2_GOLFO,MODERNO_TOTAL,AREA_2
Canal Moderno Area 5,EDP_NIELSEN,CONFIRMED,DETAIL,MODERNO,MODERNO_TOTAL,AREA,AREA_5,,MODERNO_TOTAL,AREA_5
Canal Tradicional _Area 2.2 Golfo,EDP_NIELSEN,CONFIRMED,DETAIL,TRADICIONAL,TRADICIONAL,AREA,AREA_2,AREA_2_2_GOLFO,TRADICIONAL,AREA_2
TRADICIONALES GRANDES Y MINISUPERS TOTAL MEXICO,WATER_NIELSEN_RIE,CONFIRMED,TOTAL,TRADICIONAL,TRADICIONAL_GRANDES_MINISUPERS,NATIONAL,TOTAL_MEXICO,,TRADICIONAL_GRANDES_MINISUPERS,TOTAL_MEXICO
Autoservicios Queretaro,EDP_NIELSEN,CONFIRMED,DETAIL,MODERNO,AUTOSERVICIO,CITY,QUERETARO,,AUTOSERVICIO,QUERETARO
C. Moderno Area 5_MT,WATER_NIELSEN_RIE,CONFIRMED,DETAIL,MODERNO,MODERNO_TOTAL,AREA,AREA_5,,MODERNO_TOTAL,AREA_5
Total Autos Oaxaca,PB_NIELSEN,CONFIRMED,TOTAL,MODERNO,AUTOSERVICIO,CITY,OAXACA,,AUTOSERVICIO,OAXACA
Total Autos Puerto Vallarta,PB_NIELSEN,CONFIRMED,TOTAL,MODERNO,AUTOSERVICIO,CITY,PUERTO VALLARTA,,AUTOSERVICIO,PUERTO VALLARTA
Autoservicios Scanning Acapulco,PB_NIELSEN,CONFIRMED,DETAIL,MODERNO,AUTOSERVICIO_SCANNING,CITY,ACAPULCO,,AUTOSERVICIO_SCANNING,ACAPULCO
Autoservicios Scanning Los Cabos,PB_NIELSEN,CONFIRMED,DETAIL,MODERNO,AUTOSERVICIO_SCANNING,CITY,LOS CABOS,,AUTOSERVICIO_SCANNING,LOS CABOS
Canal Moderno Area 3,EDP_NIELSEN,CONFIRMED,DETAIL,MODERNO,MODERNO_TOTAL,AREA,AREA_3,,MODERNO_TOTAL,AREA_3
MX TOTAL TRADICIONAL,WATER_NIELSEN_RIE,CONFIRMED,TOTAL,TRADICIONAL,TRADICIONAL,NATIONAL,TOTAL_MEXICO,,TRADICIONAL,TOTAL_MEXICO
TRADICIONAL TORREON,WATER_NIELSEN_RIE,CONFIRMED,DETAIL,TRADICIONAL,TRADICIONAL,CITY,TORREON,,TRADICIONAL,TORREON
TRADICIONAL VILLAHERMOSA,WATER_NIELSEN_RIE,CONFIRMED,DETAIL,TRADICIONAL,TRADICIONAL,CITY,VILLAHERMOSA,,TRADICIONAL,VILLAHERMOSA
Autoservicios Surt. Completo Area 4,EDP_NIELSEN,CONFIRMED,DETAIL,MODERNO,AUTOSERVICIO_SURTIDO_COMPLETO,AREA,AREA_4,,AUTOSERVICIO_SURTIDO_COMPLETO,AREA_4
Canal Tradicional _Guadalajara Zona 1,EDP_NIELSEN,CONFIRMED,DETAIL,TRADICIONAL,TRADICIONAL,CITY,GUADALAJARA ZONA 1,,TRADICIONAL,GUADALAJARA ZONA 1
Total Autos Tampico,PB_NIELSEN,CONFIRMED,TOTAL,MODERNO,AUTOSERVICIO,CITY,TAMPICO,,AUTOSERVICIO,TAMPICO
Autoservicios Scanning Mazatlan,PB_NIELSEN,CONFIRMED,DETAIL,MODERNO,AUTOSERVICIO_SCANNING,CITY,MAZATLAN,,AUTOSERVICIO_SCANNING,MAZATLAN
Canal Moderno Area 1,EDP_NIELSEN,CONFIRMED,DETAIL,MODERNO,MODERNO_TOTAL,AREA,AREA_1,,MODERNO_TOTAL,AREA_1
Autoservicios Scanning Villahermosa,PB_NIELSEN,CONFIRMED,DETAIL,MODERNO,AUTOSERVICIO_SCANNING,CITY,VILLAHERMOSA,,AUTOSERVICIO_SCANNING,VILLAHERMOSA
Autoservicios Surt. Extendido Area 4,EDP_NIELSEN,CONFIRMED,DETAIL,MODERNO,AUTOSERVICIO_SURTIDO_EXTENDIDO,AREA,AREA_4,,AUTOSERVICIO_SURTIDO_EXTENDIDO,AREA_4
Autoservicios Surt. Extendido Area 6,EDP_NIELSEN,CONFIRMED,DETAIL,MODERNO,AUTOSERVICIO_SURTIDO_EXTENDIDO,AREA,AREA_6,,AUTOSERVICIO_SURTIDO_EXTENDIDO,AREA_6
Canal Moderno Area 2.1 Continental,EDP_NIELSEN,CONFIRMED,DETAIL,MODERNO,MODERNO_TOTAL,AREA,AREA_2,AREA_2_1_CONTINENTAL,MODERNO_TOTAL,AREA_2
Canal Tradicional _Morelia,EDP_NIELSEN,CONFIRMED,DETAIL,TRADICIONAL,TRADICIONAL,CITY,MORELIA,,TRADICIONAL,MORELIA
Total _Area 5,EDP_NIELSEN,CONFIRMED,TOTAL,TOTAL_MERCADO,TOTAL_MERCADO,AREA,AREA_5,,TOTAL_MERCADO,AREA_5
Grandes Cadenas De Autoservicio Area 3_MT,WATER_NIELSEN_RIE,CONFIRMED,DETAIL,MODERNO,GRANDES_CADENAS_AUTOSERVICIO,AREA,AREA_3,,GRANDES_CADENAS_AUTOSERVICIO,AREA_3
Autoservicios Surt. Esencial Area 2,EDP_NIELSEN,CONFIRMED,DETAIL,MODERNO,AUTOSERVICIO_SURTIDO_ESENCIAL,AREA,AREA_2,,AUTOSERVICIO_SURTIDO_ESENCIAL,AREA_2
Canal Tradicional _Queretaro,EDP_NIELSEN,CONFIRMED,DETAIL,TRADICIONAL,TRADICIONAL,CITY,QUERETARO,,TRADICIONAL,QUERETARO
Total Autos Playa Del Carmen,PB_NIELSEN,CONFIRMED,TOTAL,MODERNO,AUTOSERVICIO,CITY,PLAYA DEL CARMEN,,AUTOSERVICIO,PLAYA DEL CARMEN
Autoservicios Ensenada,EDP_NIELSEN,CONFIRMED,DETAIL,MODERNO,AUTOSERVICIO,CITY,ENSENADA,,AUTOSERVICIO,ENSENADA
Autoservicios Scanning Toluca,PB_NIELSEN,CONFIRMED,DETAIL,MODERNO,AUTOSERVICIO_SCANNING,CITY,TOLUCA,,AUTOSERVICIO_SCANNING,TOLUCA
Total Autos Saltillo,PB_NIELSEN,CONFIRMED,TOTAL,MODERNO,AUTOSERVICIO,CITY,SALTILLO,,AUTOSERVICIO,SALTILLO
Total _Area 3,EDP_NIELSEN,CONFIRMED,TOTAL,TOTAL_MERCADO,TOTAL_MERCADO,AREA,AREA_3,,TOTAL_MERCADO,AREA_3
Moderno Monterrey_MT,WATER_NIELSEN_RIE,CONFIRMED,DETAIL,MODERNO,MODERNO_TOTAL,CITY,MONTERREY,,MODERNO_TOTAL,MONTERREY
Total Autos Parral + Camargo,PB_NIELSEN,CONFIRMED,TOTAL,MODERNO,AUTOSERVICIO,CITY,PARRAL + CAMARGO,,AUTOSERVICIO,PARRAL + CAMARGO
Canal Tradicional _Area 2.1 Continental,EDP_NIELSEN,CONFIRMED,DETAIL,TRADICIONAL,TRADICIONAL,AREA,AREA_2,AREA_2_1_CONTINENTAL,TRADICIONAL,AREA_2
TRADICIONAL AREA I,WATER_NIELSEN_RIE,CONFIRMED,DETAIL,TRADICIONAL,TRADICIONAL,AREA,AREA_1,,TRADICIONAL,AREA_1
Total Autos San Luis Rio Colorado_MT,PB_NIELSEN,CONFIRMED,TOTAL,MODERNO,AUTOSERVICIO,CITY,SAN LUIS RIO COLORADO,,AUTOSERVICIO,SAN LUIS RIO COLORADO
TRADICONAL MEXICO GDE,WATER_NIELSEN_RIE,CONFIRMED,DETAIL,TRADICIONAL,TRADICIONAL_GRANDES_MINISUPERS,CITY,MEXICO GDE,,TRADICIONAL_GRANDES_MINISUPERS,MEXICO GDE
Total Autos Orizaba,PB_NIELSEN,CONFIRMED,TOTAL,MODERNO,AUTOSERVICIO,CITY,ORIZABA,,AUTOSERVICIO,ORIZABA
Autos Scanning Area 3,EDP_NIELSEN,CONFIRMED,DETAIL,MODERNO,AUTOSERVICIO_SCANNING,AREA,AREA_3,,AUTOSERVICIO_SCANNING,AREA_3
Autoservicios Surt. Completo Area 1,EDP_NIELSEN,CONFIRMED,DETAIL,MODERNO,AUTOSERVICIO_SURTIDO_COMPLETO,AREA,AREA_1,,AUTOSERVICIO_SURTIDO_COMPLETO,AREA_1
Total Autos Guaymas_MT,PB_NIELSEN,CONFIRMED,TOTAL,MODERNO,AUTOSERVICIO,CITY,GUAYMAS,,AUTOSERVICIO,GUAYMAS
Total Autos Villahermosa,PB_NIELSEN,CONFIRMED,TOTAL,MODERNO,AUTOSERVICIO,CITY,VILLAHERMOSA,,AUTOSERVICIO,VILLAHERMOSA
Autos Scanning Area 6,EDP_NIELSEN,CONFIRMED,DETAIL,MODERNO,AUTOSERVICIO_SCANNING,AREA,AREA_6,,AUTOSERVICIO_SCANNING,AREA_6
Canal Tradicional _Area 1,EDP_NIELSEN,CONFIRMED,DETAIL,TRADICIONAL,TRADICIONAL,AREA,AREA_1,,TRADICIONAL,AREA_1
Canal Tradicional _Vdm Zona 3,EDP_NIELSEN,CONFIRMED,DETAIL,TRADICIONAL,TRADICIONAL,VDM,VDM,VDM_ZONA_3,TRADICIONAL,VDM
Grandes Cadenas De Autoservicio Monterrey_MT,WATER_NIELSEN_RIE,CONFIRMED,DETAIL,MODERNO,GRANDES_CADENAS_AUTOSERVICIO,CITY,MONTERREY,,GRANDES_CADENAS_AUTOSERVICIO,MONTERREY
TRADICIONAL TIJUANA,WATER_NIELSEN_RIE,CONFIRMED,DETAIL,TRADICIONAL,TRADICIONAL,CITY,TIJUANA,,TRADICIONAL,TIJUANA
Autoservicios Oaxaca,EDP_NIELSEN,CONFIRMED,DETAIL,MODERNO,AUTOSERVICIO,CITY,OAXACA,,AUTOSERVICIO,OAXACA
Canal Tradicional _Monterrey Zona 1,EDP_NIELSEN,CONFIRMED,DETAIL,TRADICIONAL,TRADICIONAL,CITY,MONTERREY ZONA 1,,TRADICIONAL,MONTERREY ZONA 1
Total Autos Matamoros,PB_NIELSEN,CONFIRMED,TOTAL,MODERNO,AUTOSERVICIO,CITY,MATAMOROS,,AUTOSERVICIO,MATAMOROS
Autoservicios Playa Del Carmen,EDP_NIELSEN,CONFIRMED,DETAIL,MODERNO,AUTOSERVICIO,CITY,PLAYA DEL CARMEN,,AUTOSERVICIO,PLAYA DEL CARMEN
Autoservicios Scanning Cd. Cuauhtemoc,PB_NIELSEN,CONFIRMED,DETAIL,MODERNO,AUTOSERVICIO_SCANNING,CITY,CD CUAUHTEMOC,,AUTOSERVICIO_SCANNING,CD CUAUHTEMOC
Total Area IV_MT,WATER_NIELSEN_RIE,CONFIRMED,TOTAL,TOTAL_MERCADO,TOTAL_MERCADO,AREA,AREA_4,,TOTAL_MERCADO,AREA_4
Autoservicios Poza Rica,EDP_NIELSEN,CONFIRMED,DETAIL,MODERNO,AUTOSERVICIO,CITY,POZA RICA,,AUTOSERVICIO,POZA RICA
Autoservicios Scanning Puebla,PB_NIELSEN,CONFIRMED,DETAIL,MODERNO,AUTOSERVICIO_SCANNING,CITY,PUEBLA,,AUTOSERVICIO_SCANNING,PUEBLA
Autoservicios Surt. Completo Area 5,EDP_NIELSEN,CONFIRMED,DETAIL,MODERNO,AUTOSERVICIO_SURTIDO_COMPLETO,AREA,AREA_5,,AUTOSERVICIO_SURTIDO_COMPLETO,AREA_5
Total Autos Merida,PB_NIELSEN,CONFIRMED,TOTAL,MODERNO,AUTOSERVICIO,CITY,MERIDA,,AUTOSERVICIO,MERIDA
Autos Scanning Area 2,EDP_NIELSEN,CONFIRMED,DETAIL,MODERNO,AUTOSERVICIO_SCANNING,AREA,AREA_2,,AUTOSERVICIO_SCANNING,AREA_2
Autoservicios Scanning Tijuana,EDP_NIELSEN,CONFIRMED,DETAIL,MODERNO,AUTOSERVICIO_SCANNING,CITY,TIJUANA,,AUTOSERVICIO_SCANNING,TIJUANA
Autoservicios Surt. Extendido Area 3,EDP_NIELSEN,CONFIRMED,DETAIL,MODERNO,AUTOSERVICIO_SURTIDO_EXTENDIDO,AREA,AREA_3,,AUTOSERVICIO_SURTIDO_EXTENDIDO,AREA_3
Autoservicios Surtido Completo_MT,WATER_NIELSEN_RIE,CONFIRMED,DETAIL,MODERNO,AUTOSERVICIO_SURTIDO_COMPLETO,CITY,SURTIDO COMPLETO,,AUTOSERVICIO_SURTIDO_COMPLETO,SURTIDO COMPLETO
Autoservicios Nuevo Laredo,EDP_NIELSEN,CONFIRMED,DETAIL,MODERNO,AUTOSERVICIO,CITY,NUEVO LAREDO,,AUTOSERVICIO,NUEVO LAREDO
Canal Tradicional _Tijuana,EDP_NIELSEN,CONFIRMED,DETAIL,TRADICIONAL,TRADICIONAL,CITY,TIJUANA,,TRADICIONAL,TIJUANA
Tradicionales Pequenas _Total Mexico,EDP_NIELSEN,CONFIRMED,TOTAL,TRADICIONAL,TRADICIONAL_PEQUENAS_ESTANQUILLOS,NATIONAL,TOTAL_MEXICO,,TRADICIONAL_PEQUENAS_ESTANQUILLOS,TOTAL_MEXICO
Canal Tradicional _San Luis Potosi,EDP_NIELSEN,CONFIRMED,DETAIL,TRADICIONAL,TRADICIONAL,CITY,SAN LUIS POTOSI,,TRADICIONAL,SAN LUIS POTOSI
Autoservicios Scanning Mexicali,PB_NIELSEN,CONFIRMED,DETAIL,MODERNO,AUTOSERVICIO_SCANNING,CITY,MEXICALI,,AUTOSERVICIO_SCANNING,MEXICALI
TRADICIONAL AREA VI,WATER_NIELSEN_RIE,CONFIRMED,DETAIL,TRADICIONAL,TRADICIONAL,AREA,AREA_6,,TRADICIONAL,AREA_6
Total Autos Coatzacoalcos,PB_NIELSEN,CONFIRMED,TOTAL,MODERNO,AUTOSERVICIO,CITY,COATZACOALCOS,,AUTOSERVICIO,COATZACOALCOS
Autoservicios Monterrey,EDP_NIELSEN,CONFIRMED,DETAIL,MODERNO,AUTOSERVICIO,CITY,MONTERREY,,AUTOSERVICIO,MONTERREY
Autoservicios Morelia,EDP_NIELSEN,CONFIRMED,DETAIL,MODERNO,AUTOSERVICIO,CITY,MORELIA,,AUTOSERVICIO,MORELIA
Total Autos Chihuahua,PB_NIELSEN,CONFIRMED,TOTAL,MODERNO,AUTOSERVICIO,CITY,CHIHUAHUA,,AUTOSERVICIO,CHIHUAHUA
Autoservicios Scanning San Luis Potosi,PB_NIELSEN,CONFIRMED,DETAIL,MODERNO,AUTOSERVICIO_SCANNING,CITY,SAN LUIS POTOSI,,AUTOSERVICIO_SCANNING,SAN LUIS POTOSI
TDC + Farmacias Cad + Hard Discounters Area 3,EDP_NIELSEN,CONFIRMED,DETAIL,MODERNO,TDC_FARMACIAS_HARD_DISCOUNTERS,AREA,AREA_3,,TDC_FARMACIAS_HARD_DISCOUNTERS,AREA_3
TRADICIONAL TOLUCA.,WATER_NIELSEN_RIE,CONFIRMED,DETAIL,TRADICIONAL,TRADICIONAL,CITY,TOLUCA,,TRADICIONAL,TOLUCA
TRADICIONALES PEQUENAS Y ESTANQUILLOS TOTAL MEXICO,WATER_NIELSEN_RIE,CONFIRMED,TOTAL,TRADICIONAL,TRADICIONAL_PEQUENAS_ESTANQUILLOS,NATIONAL,TOTAL_MEXICO,,TRADICIONAL_PEQUENAS_ESTANQUILLOS,TOTAL_MEXICO
Total Autos Cd. Obregon_MT,PB_NIELSEN,CONFIRMED,TOTAL,MODERNO,AUTOSERVICIO,CITY,CD OBREGON,,AUTOSERVICIO,CD OBREGON
Total Autos San Andres Tuxtla,PB_NIELSEN,CONFIRMED,TOTAL,MODERNO,AUTOSERVICIO,CITY,SAN ANDRES TUXTLA,,AUTOSERVICIO,SAN ANDRES TUXTLA
Autoservicios Scanning Guaymas,PB_NIELSEN,CONFIRMED,DETAIL,MODERNO,AUTOSERVICIO_SCANNING,CITY,GUAYMAS,,AUTOSERVICIO_SCANNING,GUAYMAS
Autoservicios Scanning Monclova,PB_NIELSEN,CONFIRMED,DETAIL,MODERNO,AUTOSERVICIO_SCANNING,CITY,MONCLOVA,,AUTOSERVICIO_SCANNING,MONCLOVA
Autoservicios Tepic,EDP_NIELSEN,CONFIRMED,DETAIL,MODERNO,AUTOSERVICIO,CITY,TEPIC,,AUTOSERVICIO,TEPIC
Autoservicios Piedras Negras,EDP_NIELSEN,CONFIRMED,DETAIL,MODERNO,AUTOSERVICIO,CITY,PIEDRAS NEGRAS,,AUTOSERVICIO,PIEDRAS NEGRAS
Total Autos Culiacan,PB_NIELSEN,CONFIRMED,TOTAL,MODERNO,AUTOSERVICIO,CITY,CULIACAN,,AUTOSERVICIO,CULIACAN
Autoservicios Surt. Extendido Total Mexico,EDP_NIELSEN,CONFIRMED,TOTAL,MODERNO,AUTOSERVICIO_SURTIDO_EXTENDIDO,NATIONAL,TOTAL_MEXICO,,AUTOSERVICIO_SURTIDO_EXTENDIDO,TOTAL_MEXICO
Total Autos Area 5,PB_NIELSEN,CONFIRMED,TOTAL,MODERNO,AUTOSERVICIO,AREA,AREA_5,,AUTOSERVICIO,AREA_5
Total Autos Queretaro,PB_NIELSEN,CONFIRMED,TOTAL,MODERNO,AUTOSERVICIO,CITY,QUERETARO,,AUTOSERVICIO,QUERETARO
Autoservicios Scanning Torreon,PB_NIELSEN,CONFIRMED,DETAIL,MODERNO,AUTOSERVICIO_SCANNING,CITY,TORREON,,AUTOSERVICIO_SCANNING,TORREON
Total Autos Cd. Del Carmen_MT,PB_NIELSEN,CONFIRMED,TOTAL,MODERNO,AUTOSERVICIO,CITY,CD DEL CARMEN,,AUTOSERVICIO,CD DEL CARMEN
Moderno Guadalajara_MT,WATER_NIELSEN_RIE,CONFIRMED,DETAIL,MODERNO,MODERNO_TOTAL,CITY,GUADALAJARA,,MODERNO_TOTAL,GUADALAJARA
TRADICIONAL MONTERREY,WATER_NIELSEN_RIE,CONFIRMED,DETAIL,TRADICIONAL,TRADICIONAL,CITY,MONTERREY,,TRADICIONAL,MONTERREY
Autoservicios Scanning Leon,PB_NIELSEN,CONFIRMED,DETAIL,MODERNO,AUTOSERVICIO_SCANNING,CITY,LEON,,AUTOSERVICIO_SCANNING,LEON
Autoservicios Scanning Poza Rica,PB_NIELSEN,CONFIRMED,DETAIL,MODERNO,AUTOSERVICIO_SCANNING,CITY,POZA RICA,,AUTOSERVICIO_SCANNING,POZA RICA
TRADICIONAL VDM,WATER_NIELSEN_RIE,CONFIRMED,DETAIL,TRADICIONAL,TRADICIONAL,VDM,VDM,,TRADICIONAL,VDM
Total Area III_MT,WATER_NIELSEN_RIE,CONFIRMED,TOTAL,TOTAL_MERCADO,TOTAL_MERCADO,AREA,AREA_3,,TOTAL_MERCADO,AREA_3
Total Autos Tuxtla Gutierrez,PB_NIELSEN,CONFIRMED,TOTAL,MODERNO,AUTOSERVICIO,CITY,TUXTLA GUTIERREZ,,AUTOSERVICIO,TUXTLA GUTIERREZ
Autoservicios Guadalajara,EDP_NIELSEN,CONFIRMED,DETAIL,MODERNO,AUTOSERVICIO,CITY,GUADALAJARA,,AUTOSERVICIO,GUADALAJARA
Total _Area 2,EDP_NIELSEN,CONFIRMED,TOTAL,TOTAL_MERCADO,TOTAL_MERCADO,AREA,AREA_2,,TOTAL_MERCADO,AREA_2
Total Autos Irapuato,PB_NIELSEN,CONFIRMED,TOTAL,MODERNO,AUTOSERVICIO,CITY,IRAPUATO,,AUTOSERVICIO,IRAPUATO
Total Autos Leon,PB_NIELSEN,CONFIRMED,TOTAL,MODERNO,AUTOSERVICIO,CITY,LEON,,AUTOSERVICIO,LEON
Autoservicios Surtido Completo Area 6_MT,WATER_NIELSEN_RIE,CONFIRMED,DETAIL,MODERNO,AUTOSERVICIO_SURTIDO_COMPLETO,AREA,AREA_6,,AUTOSERVICIO_SURTIDO_COMPLETO,AREA_6
Total Autos Tijuana,PB_NIELSEN,CONFIRMED,TOTAL,MODERNO,AUTOSERVICIO,CITY,TIJUANA,,AUTOSERVICIO,TIJUANA
Autoservicios Reynosa,EDP_NIELSEN,CONFIRMED,DETAIL,MODERNO,AUTOSERVICIO,CITY,REYNOSA,,AUTOSERVICIO,REYNOSA
Autoservicios Scanning Merida,PB_NIELSEN,CONFIRMED,DETAIL,MODERNO,AUTOSERVICIO_SCANNING,CITY,MERIDA,,AUTOSERVICIO_SCANNING,MERIDA
Autoservicios Surt. Esencial Area 4,EDP_NIELSEN,CONFIRMED,DETAIL,MODERNO,AUTOSERVICIO_SURTIDO_ESENCIAL,AREA,AREA_4,,AUTOSERVICIO_SURTIDO_ESENCIAL,AREA_4
Canal Tradicional _Area 5,EDP_NIELSEN,CONFIRMED,DETAIL,TRADICIONAL,TRADICIONAL,AREA,AREA_5,,TRADICIONAL,AREA_5
Autoservicios Scanning Queretaro,PB_NIELSEN,CONFIRMED,DETAIL,MODERNO,AUTOSERVICIO_SCANNING,CITY,QUERETARO,,AUTOSERVICIO_SCANNING,QUERETARO
Total Autos La Paz,PB_NIELSEN,CONFIRMED,TOTAL,MODERNO,AUTOSERVICIO,CITY,LA PAZ,,AUTOSERVICIO,LA PAZ
Autoservicios Scanning Minatitlan,PB_NIELSEN,CONFIRMED,DETAIL,MODERNO,AUTOSERVICIO_SCANNING,CITY,MINATITLAN,,AUTOSERVICIO_SCANNING,MINATITLAN
Total Autos Tapachula,PB_NIELSEN,CONFIRMED,TOTAL,MODERNO,AUTOSERVICIO,CITY,TAPACHULA,,AUTOSERVICIO,TAPACHULA
Autoservicios Veracruz,EDP_NIELSEN,CONFIRMED,DETAIL,MODERNO,AUTOSERVICIO,CITY,VERACRUZ,,AUTOSERVICIO,VERACRUZ
Total Autos Puebla,PB_NIELSEN,CONFIRMED,TOTAL,MODERNO,AUTOSERVICIO,CITY,PUEBLA,,AUTOSERVICIO,PUEBLA
Total Autos Mazatlan,PB_NIELSEN,CONFIRMED,TOTAL,MODERNO,AUTOSERVICIO,CITY,MAZATLAN,,AUTOSERVICIO,MAZATLAN
Autoservicios Scanning Orizaba,PB_NIELSEN,CONFIRMED,DETAIL,MODERNO,AUTOSERVICIO_SCANNING,CITY,ORIZABA,,AUTOSERVICIO_SCANNING,ORIZABA
TRADICIONAL AREA IV,WATER_NIELSEN_RIE,CONFIRMED,DETAIL,TRADICIONAL,TRADICIONAL,AREA,AREA_4,,TRADICIONAL,AREA_4
Proximidad Guadalajara_MT,WATER_NIELSEN_RIE,CONFIRMED,DETAIL,MODERNO,PROXIMIDAD,CITY,GUADALAJARA,,PROXIMIDAD,GUADALAJARA
TRADICIONAL JUAREZ,WATER_NIELSEN_RIE,CONFIRMED,DETAIL,TRADICIONAL,TRADICIONAL,CITY,JUAREZ,,TRADICIONAL,JUAREZ
Autoservicios Scanning Monterrey,PB_NIELSEN,CONFIRMED,DETAIL,MODERNO,AUTOSERVICIO_SCANNING,CITY,MONTERREY,,AUTOSERVICIO_SCANNING,MONTERREY
Autoservicios Scanning Piedras Negras,PB_NIELSEN,CONFIRMED,DETAIL,MODERNO,AUTOSERVICIO_SCANNING,CITY,PIEDRAS NEGRAS,,AUTOSERVICIO_SCANNING,PIEDRAS NEGRAS
Total _Area 6,EDP_NIELSEN,CONFIRMED,TOTAL,TOTAL_MERCADO,TOTAL_MERCADO,AREA,AREA_6,,TOTAL_MERCADO,AREA_6
Autoservicios Minatitlan,EDP_NIELSEN,CONFIRMED,DETAIL,MODERNO,AUTOSERVICIO,CITY,MINATITLAN,,AUTOSERVICIO,MINATITLAN
Total Autos Area 1,PB_NIELSEN,CONFIRMED,TOTAL,MODERNO,AUTOSERVICIO,AREA,AREA_1,,AUTOSERVICIO,AREA_1
Total Autos Area 2,PB_NIELSEN,CONFIRMED,TOTAL,MODERNO,AUTOSERVICIO,AREA,AREA_2,,AUTOSERVICIO,AREA_2
Autoservicios San Luis Potosi,EDP_NIELSEN,CONFIRMED,DETAIL,MODERNO,AUTOSERVICIO,CITY,SAN LUIS POTOSI,,AUTOSERVICIO,SAN LUIS POTOSI
C. Moderno Area 1_MT,WATER_NIELSEN_RIE,CONFIRMED,DETAIL,MODERNO,MODERNO_TOTAL,AREA,AREA_1,,MODERNO_TOTAL,AREA_1
TOTAL AUTOS SCANNING MEXICO,PB_NIELSEN,CONFIRMED,TOTAL,MODERNO,AUTOSERVICIO_SCANNING,CITY,MEXICO,,AUTOSERVICIO_SCANNING,MEXICO
Autoservicios Mayoristas Area 4,EDP_NIELSEN,CONFIRMED,DETAIL,MODERNO,AUTOSERVICIOS_MAYORISTAS,AREA,AREA_4,,AUTOSERVICIOS_MAYORISTAS,AREA_4
Autoservicios Surtido Extendido_MT,WATER_NIELSEN_RIE,CONFIRMED,DETAIL,MODERNO,AUTOSERVICIO_SURTIDO_EXTENDIDO,CITY,SURTIDO EXTENDIDO,,AUTOSERVICIO_SURTIDO_EXTENDIDO,SURTIDO EXTENDIDO
Total Autos Cd. Valles,PB_NIELSEN,CONFIRMED,TOTAL,MODERNO,AUTOSERVICIO,CITY,CD VALLES,,AUTOSERVICIO,CD VALLES
Autoservicios Scanning Cozumel,PB_NIELSEN,CONFIRMED,DETAIL,MODERNO,AUTOSERVICIO_SCANNING,CITY,COZUMEL,,AUTOSERVICIO_SCANNING,COZUMEL
Total Autos Jalapa,PB_NIELSEN,CONFIRMED,TOTAL,MODERNO,AUTOSERVICIO,CITY,JALAPA,,AUTOSERVICIO,JALAPA
Grandes Cadenas De Autoservicio_MT,WATER_NIELSEN_RIE,CONFIRMED,DETAIL,MODERNO,GRANDES_CADENAS_AUTOSERVICIO,CITY,GRANDES CADENAS DE AUTOSERVICIO,,GRANDES_CADENAS_AUTOSERVICIO,GRANDES CADENAS DE AUTOSERVICIO
TDC + Farmacias Cad + Hard Discounters Area 2,EDP_NIELSEN,CONFIRMED,DETAIL,MODERNO,TDC_FARMACIAS_HARD_DISCOUNTERS,AREA,AREA_2,,TDC_FARMACIAS_HARD_DISCOUNTERS,AREA_2
TRADICIONAL MEXICO PEQUENAS,WATER_NIELSEN_RIE,CONFIRMED,DETAIL,TRADICIONAL,TRADICIONAL_PEQUENAS_ESTANQUILLOS,CITY,MEXICO PEQUENAS,,TRADICIONAL_PEQUENAS_ESTANQUILLOS,MEXICO PEQUENAS
Autoservicios Mayoristas Total Mexico,EDP_NIELSEN,CONFIRMED,TOTAL,MODERNO,AUTOSERVICIOS_MAYORISTAS,NATIONAL,TOTAL_MEXICO,,AUTOSERVICIOS_MAYORISTAS,TOTAL_MEXICO
Canal Tradicional _Guadalajara Zona 3,EDP_NIELSEN,CONFIRMED,DETAIL,TRADICIONAL,TRADICIONAL,CITY,GUADALAJARA ZONA 3,,TRADICIONAL,GUADALAJARA ZONA 3
Canal Tradicional _Merida,EDP_NIELSEN,CONFIRMED,DETAIL,TRADICIONAL,TRADICIONAL,CITY,MERIDA,,TRADICIONAL,MERIDA
Total Autos Durango,PB_NIELSEN,CONFIRMED,TOTAL,MODERNO,AUTOSERVICIO,CITY,DURANGO,,AUTOSERVICIO,DURANGO
T. Pais Mexico_MT,WATER_NIELSEN_RIE,CONFIRMED,TOTAL,TOTAL_MERCADO,TOTAL_MERCADO,NATIONAL,TOTAL_MEXICO,,TOTAL_MERCADO,TOTAL_MEXICO
Total Area VI_MT,WATER_NIELSEN_RIE,CONFIRMED,TOTAL,TOTAL_MERCADO,TOTAL_MERCADO,AREA,AREA_6,,TOTAL_MERCADO,AREA_6
Autoservicios Scanning Cuernavaca,PB_NIELSEN,CONFIRMED,DETAIL,MODERNO,AUTOSERVICIO_SCANNING,CITY,CUERNAVACA,,AUTOSERVICIO_SCANNING,CUERNAVACA
Autoservicios Surtido Completo Area 3_MT,WATER_NIELSEN_RIE,CONFIRMED,DETAIL,MODERNO,AUTOSERVICIO_SURTIDO_COMPLETO,AREA,AREA_3,,AUTOSERVICIO_SURTIDO_COMPLETO,AREA_3
Canal Moderno Area 6.1 Peninsula,EDP_NIELSEN,CONFIRMED,DETAIL,MODERNO,MODERNO_TOTAL,AREA,AREA_6,AREA_6_1_PENINSULA,MODERNO_TOTAL,AREA_6
TRADICIONAL GUADALAJARA,WATER_NIELSEN_RIE,CONFIRMED,DETAIL,TRADICIONAL,TRADICIONAL,CITY,GUADALAJARA,,TRADICIONAL,GUADALAJARA
Total Autos Tecate_MT,PB_NIELSEN,CONFIRMED,TOTAL,MODERNO,AUTOSERVICIO,CITY,TECATE,,AUTOSERVICIO,TECATE
Autoservicios Surt. Esencial Area 3,EDP_NIELSEN,CONFIRMED,DETAIL,MODERNO,AUTOSERVICIO_SURTIDO_ESENCIAL,AREA,AREA_3,,AUTOSERVICIO_SURTIDO_ESENCIAL,AREA_3
Total Autos Tepic,PB_NIELSEN,CONFIRMED,TOTAL,MODERNO,AUTOSERVICIO,CITY,TEPIC,,AUTOSERVICIO,TEPIC
TRADICIONAL MORELIA,WATER_NIELSEN_RIE,CONFIRMED,DETAIL,TRADICIONAL,TRADICIONAL,CITY,MORELIA,,TRADICIONAL,MORELIA
Autoservicios Ahome,EDP_NIELSEN,CONFIRMED,DETAIL,MODERNO,AUTOSERVICIO,CITY,AHOME,,AUTOSERVICIO,AHOME
Total Autos Baja California,PB_NIELSEN,CONFIRMED,TOTAL,MODERNO,AUTOSERVICIO,CITY,BAJA CALIFORNIA,,AUTOSERVICIO,BAJA CALIFORNIA
Autoservicios Scanning Tuxtla Gutierrez,PB_NIELSEN,CONFIRMED,DETAIL,MODERNO,AUTOSERVICIO_SCANNING,CITY,TUXTLA GUTIERREZ,,AUTOSERVICIO_SCANNING,TUXTLA GUTIERREZ
Autoservicios Scanning Xalapa,PB_NIELSEN,CONFIRMED,DETAIL,MODERNO,AUTOSERVICIO_SCANNING,CITY,XALAPA,,AUTOSERVICIO_SCANNING,XALAPA
Canal Tradicional _Veracruz,EDP_NIELSEN,CONFIRMED,DETAIL,TRADICIONAL,TRADICIONAL,CITY,VERACRUZ,,TRADICIONAL,VERACRUZ
Autoservicios Scanning Morelia,PB_NIELSEN,CONFIRMED,DETAIL,MODERNO,AUTOSERVICIO_SCANNING,CITY,MORELIA,,AUTOSERVICIO_SCANNING,MORELIA
Autoservicios Scanning Durango,PB_NIELSEN,CONFIRMED,DETAIL,MODERNO,AUTOSERVICIO_SCANNING,CITY,DURANGO,,AUTOSERVICIO_SCANNING,DURANGO
Canal Tradicional _Monterrey,EDP_NIELSEN,CONFIRMED,DETAIL,TRADICIONAL,TRADICIONAL,CITY,MONTERREY,,TRADICIONAL,MONTERREY
Total Autos Area 3,PB_NIELSEN,CONFIRMED,TOTAL,MODERNO,AUTOSERVICIO,AREA,AREA_3,,AUTOSERVICIO,AREA_3
Autoservicios Scanning Tampico,PB_NIELSEN,CONFIRMED,DETAIL,MODERNO,AUTOSERVICIO_SCANNING,CITY,TAMPICO,,AUTOSERVICIO_SCANNING,TAMPICO
Autoservicios Surtido Extendido Area 5_MT,WATER_NIELSEN_RIE,CONFIRMED,DETAIL,MODERNO,AUTOSERVICIO_SURTIDO_EXTENDIDO,AREA,AREA_5,,AUTOSERVICIO_SURTIDO_EXTENDIDO,AREA_5
C. Moderno Area 3_MT,WATER_NIELSEN_RIE,CONFIRMED,DETAIL,MODERNO,MODERNO_TOTAL,AREA,AREA_3,,MODERNO_TOTAL,AREA_3
Autoservicios Puebla,EDP_NIELSEN,CONFIRMED,DETAIL,MODERNO,AUTOSERVICIO,CITY,PUEBLA,,AUTOSERVICIO,PUEBLA
Autoservicios Surtido Extendido Area 1_MT,WATER_NIELSEN_RIE,CONFIRMED,DETAIL,MODERNO,AUTOSERVICIO_SURTIDO_EXTENDIDO,AREA,AREA_1,,AUTOSERVICIO_SURTIDO_EXTENDIDO,AREA_1
Autoservicios Torreon,EDP_NIELSEN,CONFIRMED,DETAIL,MODERNO,AUTOSERVICIO,CITY,TORREON,,AUTOSERVICIO,TORREON
Autoservicios Merida,EDP_NIELSEN,CONFIRMED,DETAIL,MODERNO,AUTOSERVICIO,CITY,MERIDA,,AUTOSERVICIO,MERIDA
Autoservicios Scanning Tepic,PB_NIELSEN,CONFIRMED,DETAIL,MODERNO,AUTOSERVICIO_SCANNING,CITY,TEPIC,,AUTOSERVICIO_SCANNING,TEPIC
TRADICIONAL VDM ZONA II,WATER_NIELSEN_RIE,CONFIRMED,DETAIL,TRADICIONAL,TRADICIONAL,VDM,VDM,VDM_ZONA_1,TRADICIONAL,VDM
Autoservicios Saltillo,EDP_NIELSEN,CONFIRMED,DETAIL,MODERNO,AUTOSERVICIO,CITY,SALTILLO,,AUTOSERVICIO,SALTILLO
Total Autos Cancun,PB_NIELSEN,CONFIRMED,TOTAL,MODERNO,AUTOSERVICIO,CITY,CANCUN,,AUTOSERVICIO,CANCUN
Autoservicios Scanning Ahome,PB_NIELSEN,CONFIRMED,DETAIL,MODERNO,AUTOSERVICIO_SCANNING,CITY,AHOME,,AUTOSERVICIO_SCANNING,AHOME
Autoservicios Scanning Chihuahua,PB_NIELSEN,CONFIRMED,DETAIL,MODERNO,AUTOSERVICIO_SCANNING,CITY,CHIHUAHUA,,AUTOSERVICIO_SCANNING,CHIHUAHUA
Autoservicios Cuernavaca,EDP_NIELSEN,CONFIRMED,DETAIL,MODERNO,AUTOSERVICIO,CITY,CUERNAVACA,,AUTOSERVICIO,CUERNAVACA
Autoservicios Scanning Reynosa,PB_NIELSEN,CONFIRMED,DETAIL,MODERNO,AUTOSERVICIO_SCANNING,CITY,REYNOSA,,AUTOSERVICIO_SCANNING,REYNOSA
Autoservicios Mayoristas Area 6,EDP_NIELSEN,CONFIRMED,DETAIL,MODERNO,AUTOSERVICIOS_MAYORISTAS,AREA,AREA_6,,AUTOSERVICIOS_MAYORISTAS,AREA_6
Autoservicios Scanning Nogales,PB_NIELSEN,CONFIRMED,DETAIL,MODERNO,AUTOSERVICIO_SCANNING,CITY,NOGALES,,AUTOSERVICIO_SCANNING,NOGALES
Canal Moderno Area 2,EDP_NIELSEN,CONFIRMED,DETAIL,MODERNO,MODERNO_TOTAL,AREA,AREA_2,,MODERNO_TOTAL,AREA_2
Total Autos Tapachula_MT,PB_NIELSEN,CONFIRMED,TOTAL,MODERNO,AUTOSERVICIO,CITY,TAPACHULA,,AUTOSERVICIO,TAPACHULA
Total Autos Torreon,PB_NIELSEN,CONFIRMED,TOTAL,MODERNO,AUTOSERVICIO,CITY,TORREON,,AUTOSERVICIO,TORREON
Autoservicios Surt. Esencial Area 1,EDP_NIELSEN,CONFIRMED,DETAIL,MODERNO,AUTOSERVICIO_SURTIDO_ESENCIAL,AREA,AREA_1,,AUTOSERVICIO_SURTIDO_ESENCIAL,AREA_1
Canal Tradicional _Area 4,EDP_NIELSEN,CONFIRMED,DETAIL,TRADICIONAL,TRADICIONAL,AREA,AREA_4,,TRADICIONAL,AREA_4
Autoservicios Acapulco,EDP_NIELSEN,CONFIRMED,DETAIL,MODERNO,AUTOSERVICIO,CITY,ACAPULCO,,AUTOSERVICIO,ACAPULCO
Autoservicios Scanning Tapachula,PB_NIELSEN,CONFIRMED,DETAIL,MODERNO,AUTOSERVICIO_SCANNING,CITY,TAPACHULA,,AUTOSERVICIO_SCANNING,TAPACHULA
Autoservicios Surtido Completo Area 4_MT,WATER_NIELSEN_RIE,CONFIRMED,DETAIL,MODERNO,AUTOSERVICIO_SURTIDO_COMPLETO,AREA,AREA_4,,AUTOSERVICIO_SURTIDO_COMPLETO,AREA_4
Canal Tradicional _Vdm Zona 4,EDP_NIELSEN,CONFIRMED,DETAIL,TRADICIONAL,TRADICIONAL,VDM,VDM,VDM_ZONA_4,TRADICIONAL,VDM
Total Autos Baja California_MT,PB_NIELSEN,CONFIRMED,TOTAL,MODERNO,AUTOSERVICIO,CITY,BAJA CALIFORNIA,,AUTOSERVICIO,BAJA CALIFORNIA
Total Autos Toluca,PB_NIELSEN,CONFIRMED,TOTAL,MODERNO,AUTOSERVICIO,CITY,TOLUCA,,AUTOSERVICIO,TOLUCA
Autoservicios Delicias,EDP_NIELSEN,CONFIRMED,DETAIL,MODERNO,AUTOSERVICIO,CITY,DELICIAS,,AUTOSERVICIO,DELICIAS
Canal Tradicional _Torreon,EDP_NIELSEN,CONFIRMED,DETAIL,TRADICIONAL,TRADICIONAL,CITY,TORREON,,TRADICIONAL,TORREON
Canal Tradicional _Vdm Zona 2,EDP_NIELSEN,CONFIRMED,DETAIL,TRADICIONAL,TRADICIONAL,VDM,VDM,VDM_ZONA_2,TRADICIONAL,VDM
TOTAL AUTOS AREA 1 + AREA 2,PB_NIELSEN,CONFIRMED,TOTAL,MODERNO,AUTOSERVICIO,AREA,AREA_1_2,,AUTOSERVICIO,AREA_1_2
Total _Area 4,EDP_NIELSEN,CONFIRMED,TOTAL,TOTAL_MERCADO,TOTAL_MERCADO,AREA,AREA_4,,TOTAL_MERCADO,AREA_4
Canal Tradicional _Total Mexico,EDP_NIELSEN,CONFIRMED,TOTAL,TRADICIONAL,TRADICIONAL,NATIONAL,TOTAL_MEXICO,,TRADICIONAL,TOTAL_MEXICO
Total Area II_MT,WATER_NIELSEN_RIE,CONFIRMED,TOTAL,TOTAL_MERCADO,TOTAL_MERCADO,AREA,AREA_2,,TOTAL_MERCADO,AREA_2
Autoservicios Nogales,EDP_NIELSEN,CONFIRMED,DETAIL,MODERNO,AUTOSERVICIO,CITY,NOGALES,,AUTOSERVICIO,NOGALES
Autoservicios Scanning Ensenada,PB_NIELSEN,CONFIRMED,DETAIL,MODERNO,AUTOSERVICIO_SCANNING,CITY,ENSENADA,,AUTOSERVICIO_SCANNING,ENSENADA
Autoservicios Surt. Completo Total Mexico,EDP_NIELSEN,CONFIRMED,TOTAL,MODERNO,AUTOSERVICIO_SURTIDO_COMPLETO,NATIONAL,TOTAL_MEXICO,,AUTOSERVICIO_SURTIDO_COMPLETO,TOTAL_MEXICO
Total Autos Toluca_MT,PB_NIELSEN,CONFIRMED,TOTAL,MODERNO,AUTOSERVICIO,CITY,TOLUCA,,AUTOSERVICIO,TOLUCA
Autoservicios Cd. Del Carmen,EDP_NIELSEN,CONFIRMED,DETAIL,MODERNO,AUTOSERVICIO,CITY,CD DEL CARMEN,,AUTOSERVICIO,CD DEL CARMEN
TDC + Farmacias Cad + Hard Discounters Total Mexico,EDP_NIELSEN,CONFIRMED,TOTAL,MODERNO,TDC_FARMACIAS_HARD_DISCOUNTERS,NATIONAL,TOTAL_MEXICO,,TDC_FARMACIAS_HARD_DISCOUNTERS,TOTAL_MEXICO
Total Guadalajara_MT,WATER_NIELSEN_RIE,CONFIRMED,TOTAL,TOTAL_MERCADO,TOTAL_MERCADO,CITY,GUADALAJARA,,TOTAL_MERCADO,GUADALAJARA
Total _Area 2.1 Continental,EDP_NIELSEN,CONFIRMED,TOTAL,TOTAL_MERCADO,TOTAL_MERCADO,AREA,AREA_2,AREA_2_1_CONTINENTAL,TOTAL_MERCADO,AREA_2
Canal Moderno Area 4,EDP_NIELSEN,CONFIRMED,DETAIL,MODERNO,MODERNO_TOTAL,AREA,AREA_4,,MODERNO_TOTAL,AREA_4
Total _Mexico,EDP_NIELSEN,CONFIRMED,TOTAL,TOTAL_MERCADO,TOTAL_MERCADO,NATIONAL,TOTAL_MEXICO,,TOTAL_MERCADO,TOTAL_MEXICO
TRADICIONAL PUEBLA,WATER_NIELSEN_RIE,CONFIRMED,DETAIL,TRADICIONAL,TRADICIONAL,CITY,PUEBLA,,TRADICIONAL,PUEBLA
Autoservicios Scanning Aguascalientes,PB_NIELSEN,CONFIRMED,DETAIL,MODERNO,AUTOSERVICIO_SCANNING,CITY,AGUASCALIENTES,,AUTOSERVICIO_SCANNING,AGUASCALIENTES
Autoservicios Scanning Cd. del Carmen,PB_NIELSEN,CONFIRMED,DETAIL,MODERNO,AUTOSERVICIO_SCANNING,CITY,CD DEL CARMEN,,AUTOSERVICIO_SCANNING,CD DEL CARMEN
Autoservicios Surtido Completo Area 5_MT,WATER_NIELSEN_RIE,CONFIRMED,DETAIL,MODERNO,AUTOSERVICIO_SURTIDO_COMPLETO,AREA,AREA_5,,AUTOSERVICIO_SURTIDO_COMPLETO,AREA_5
C. Moderno Area 2_MT,WATER_NIELSEN_RIE,CONFIRMED,DETAIL,MODERNO,MODERNO_TOTAL,AREA,AREA_2,,MODERNO_TOTAL,AREA_2
Total _Monterrey,EDP_NIELSEN,CONFIRMED,TOTAL,TOTAL_MERCADO,TOTAL_MERCADO,CITY,MONTERREY,,TOTAL_MERCADO,MONTERREY
Autos Scanning Area 5,EDP_NIELSEN,CONFIRMED,DETAIL,MODERNO,AUTOSERVICIO_SCANNING,AREA,AREA_5,,AUTOSERVICIO_SCANNING,AREA_5
Total Autos Hermosillo,PB_NIELSEN,CONFIRMED,TOTAL,MODERNO,AUTOSERVICIO,CITY,HERMOSILLO,,AUTOSERVICIO,HERMOSILLO
Autoservicios Scanning Coatzacoalcos,PB_NIELSEN,CONFIRMED,DETAIL,MODERNO,AUTOSERVICIO_SCANNING,CITY,COATZACOALCOS,,AUTOSERVICIO_SCANNING,COATZACOALCOS
Autoservicios Scanning Puerto Vallarta,PB_NIELSEN,CONFIRMED,DETAIL,MODERNO,AUTOSERVICIO_SCANNING,CITY,PUERTO VALLARTA,,AUTOSERVICIO_SCANNING,PUERTO VALLARTA
Autoservicios Scanning San Andres Tuxtla,PB_NIELSEN,CONFIRMED,DETAIL,MODERNO,AUTOSERVICIO_SCANNING,CITY,SAN ANDRES TUXTLA,,AUTOSERVICIO_SCANNING,SAN ANDRES TUXTLA
TRADICIONAL MERIDA.,WATER_NIELSEN_RIE,CONFIRMED,DETAIL,TRADICIONAL,TRADICIONAL,CITY,MERIDA,,TRADICIONAL,MERIDA
Total Autos Ensenada,PB_NIELSEN,CONFIRMED,TOTAL,MODERNO,AUTOSERVICIO,CITY,ENSENADA,,AUTOSERVICIO,ENSENADA
Canal Tradicional _Guadalajara Zona 2,EDP_NIELSEN,CONFIRMED,DETAIL,TRADICIONAL,TRADICIONAL,CITY,GUADALAJARA ZONA 2,,TRADICIONAL,GUADALAJARA ZONA 2
C. Moderno T. Mexico_MT,WATER_NIELSEN_RIE,CONFIRMED,DETAIL,MODERNO,MODERNO_TOTAL,CITY,T MEXICO,,MODERNO_TOTAL,T MEXICO
Total Autos Acapulco,PB_NIELSEN,CONFIRMED,TOTAL,MODERNO,AUTOSERVICIO,CITY,ACAPULCO,,AUTOSERVICIO,ACAPULCO
Total Autos Guadalajara,PB_NIELSEN,CONFIRMED,TOTAL,MODERNO,AUTOSERVICIO,CITY,GUADALAJARA,,AUTOSERVICIO,GUADALAJARA
Canal Moderno Area 6.2 Sur,EDP_NIELSEN,CONFIRMED,DETAIL,MODERNO,MODERNO_TOTAL,AREA,AREA_6,AREA_6_2_SUR,MODERNO_TOTAL,AREA_6
Canal Tradicional _Villahermosa,EDP_NIELSEN,CONFIRMED,DETAIL,TRADICIONAL,TRADICIONAL,CITY,VILLAHERMOSA,,TRADICIONAL,VILLAHERMOSA
Total Autos San Andres Tuxtla_MT,PB_NIELSEN,CONFIRMED,TOTAL,MODERNO,AUTOSERVICIO,CITY,SAN ANDRES TUXTLA,,AUTOSERVICIO,SAN ANDRES TUXTLA
Autoservicios Jalapa,EDP_NIELSEN,CONFIRMED,DETAIL,MODERNO,AUTOSERVICIO,CITY,JALAPA,,AUTOSERVICIO,JALAPA
Total Autos Campeche,PB_NIELSEN,CONFIRMED,TOTAL,MODERNO,AUTOSERVICIO,CITY,CAMPECHE,,AUTOSERVICIO,CAMPECHE
Autos Scanning Total Mexico,EDP_NIELSEN,CONFIRMED,TOTAL,MODERNO,AUTOSERVICIO_SCANNING,NATIONAL,TOTAL_MEXICO,,AUTOSERVICIO_SCANNING,TOTAL_MEXICO
Autoservicios Coatzacoalcos,EDP_NIELSEN,CONFIRMED,DETAIL,MODERNO,AUTOSERVICIO,CITY,COATZACOALCOS,,AUTOSERVICIO,COATZACOALCOS
Autoservicios Scanning Nuevo Laredo,PB_NIELSEN,CONFIRMED,DETAIL,MODERNO,AUTOSERVICIO_SCANNING,CITY,NUEVO LAREDO,,AUTOSERVICIO_SCANNING,NUEVO LAREDO
Autoservicios Tampico,EDP_NIELSEN,CONFIRMED,DETAIL,MODERNO,AUTOSERVICIO,CITY,TAMPICO,,AUTOSERVICIO,TAMPICO
Canal Tradicional _Area 3,EDP_NIELSEN,CONFIRMED,DETAIL,TRADICIONAL,TRADICIONAL,AREA,AREA_3,,TRADICIONAL,AREA_3
Canal Tradicional _Vdm Zona 1,EDP_NIELSEN,CONFIRMED,DETAIL,TRADICIONAL,TRADICIONAL,VDM,VDM,VDM_ZONA_1,TRADICIONAL,VDM
Total Autos Cd. Obregon,PB_NIELSEN,CONFIRMED,TOTAL,MODERNO,AUTOSERVICIO,CITY,CD OBREGON,,AUTOSERVICIO,CD OBREGON
Total Autos Cd. Valles_MT,PB_NIELSEN,CONFIRMED,TOTAL,MODERNO,AUTOSERVICIO,CITY,CD VALLES,,AUTOSERVICIO,CD VALLES
Autoservicios Villahermosa,EDP_NIELSEN,CONFIRMED,DETAIL,MODERNO,AUTOSERVICIO,CITY,VILLAHERMOSA,,AUTOSERVICIO,VILLAHERMOSA
Total Autos Cd. Del Carmen,PB_NIELSEN,CONFIRMED,TOTAL,MODERNO,AUTOSERVICIO,CITY,CD DEL CARMEN,,AUTOSERVICIO,CD DEL CARMEN
Autoservicios Puerto Vallarta,EDP_NIELSEN,CONFIRMED,DETAIL,MODERNO,AUTOSERVICIO,CITY,PUERTO VALLARTA,,AUTOSERVICIO,PUERTO VALLARTA
Autoservicios Scanning Oaxaca,PB_NIELSEN,CONFIRMED,DETAIL,MODERNO,AUTOSERVICIO_SCANNING,CITY,OAXACA,,AUTOSERVICIO_SCANNING,OAXACA
Autoservicios Surt. Esencial Total Mexico,EDP_NIELSEN,CONFIRMED,TOTAL,MODERNO,AUTOSERVICIO_SURTIDO_ESENCIAL,NATIONAL,TOTAL_MEXICO,,AUTOSERVICIO_SURTIDO_ESENCIAL,TOTAL_MEXICO
Total Monterrey_MT,WATER_NIELSEN_RIE,CONFIRMED,TOTAL,TOTAL_MERCADO,TOTAL_MERCADO,CITY,MONTERREY,,TOTAL_MERCADO,MONTERREY
Canal Tradicional _Mexicali,EDP_NIELSEN,CONFIRMED,DETAIL,TRADICIONAL,TRADICIONAL,CITY,MEXICALI,,TRADICIONAL,MEXICALI
TRADICIONAL VDM ZONA IV,WATER_NIELSEN_RIE,CONFIRMED,DETAIL,TRADICIONAL,TRADICIONAL,VDM,VDM,VDM_ZONA_1,TRADICIONAL,VDM
Canal Moderno Area 6,EDP_NIELSEN,CONFIRMED,DETAIL,MODERNO,MODERNO_TOTAL,AREA,AREA_6,,MODERNO_TOTAL,AREA_6
TDC + Farmacias Cad + Hard Discounters Guadalajara,EDP_NIELSEN,CONFIRMED,DETAIL,MODERNO,TDC_FARMACIAS_HARD_DISCOUNTERS,CITY,GUADALAJARA,,TDC_FARMACIAS_HARD_DISCOUNTERS,GUADALAJARA
Autoservicios Scanning San Luis Rio Colorado,PB_NIELSEN,CONFIRMED,DETAIL,MODERNO,AUTOSERVICIO_SCANNING,CITY,SAN LUIS RIO COLORADO,,AUTOSERVICIO_SCANNING,SAN LUIS RIO COLORADO
Autoservicios Surt. Completo Area 3,EDP_NIELSEN,CONFIRMED,DETAIL,MODERNO,AUTOSERVICIO_SURTIDO_COMPLETO,AREA,AREA_3,,AUTOSERVICIO_SURTIDO_COMPLETO,AREA_3
C. Proximidad Total Mexico_MT,WATER_NIELSEN_RIE,CONFIRMED,TOTAL,MODERNO,PROXIMIDAD,NATIONAL,TOTAL_MEXICO,,PROXIMIDAD,TOTAL_MEXICO
TRADICIONAL LEON,WATER_NIELSEN_RIE,CONFIRMED,DETAIL,TRADICIONAL,TRADICIONAL,CITY,LEON,,TRADICIONAL,LEON
TRADICIONAL QUERETARO,WATER_NIELSEN_RIE,CONFIRMED,DETAIL,TRADICIONAL,TRADICIONAL,CITY,QUERETARO,,TRADICIONAL,QUERETARO
Autoservicios Cancun,EDP_NIELSEN,CONFIRMED,DETAIL,MODERNO,AUTOSERVICIO,CITY,CANCUN,,AUTOSERVICIO,CANCUN
Autoservicios Cozumel,EDP_NIELSEN,CONFIRMED,DETAIL,MODERNO,AUTOSERVICIO,CITY,COZUMEL,,AUTOSERVICIO,COZUMEL
Autoservicios Scanning Cancun,PB_NIELSEN,CONFIRMED,DETAIL,MODERNO,AUTOSERVICIO_SCANNING,CITY,CANCUN,,AUTOSERVICIO_SCANNING,CANCUN
Autoservicios Surt. Extendido Area 5,EDP_NIELSEN,CONFIRMED,DETAIL,MODERNO,AUTOSERVICIO_SURTIDO_EXTENDIDO,AREA,AREA_5,,AUTOSERVICIO_SURTIDO_EXTENDIDO,AREA_5
Total Autos Area 4,PB_NIELSEN,CONFIRMED,TOTAL,MODERNO,AUTOSERVICIO,AREA,AREA_4,,AUTOSERVICIO,AREA_4
Total Autos Nuevo Laredo,PB_NIELSEN,CONFIRMED,TOTAL,MODERNO,AUTOSERVICIO,CITY,NUEVO LAREDO,,AUTOSERVICIO,NUEVO LAREDO
Total Autos Cd. Cuauhtemoc_MT,PB_NIELSEN,CONFIRMED,TOTAL,MODERNO,AUTOSERVICIO,CITY,CD CUAUHTEMOC,,AUTOSERVICIO,CD CUAUHTEMOC
Autoservicios Chihuahua,EDP_NIELSEN,CONFIRMED,DETAIL,MODERNO,AUTOSERVICIO,CITY,CHIHUAHUA,,AUTOSERVICIO,CHIHUAHUA
Autoservicios Monclova,EDP_NIELSEN,CONFIRMED,DETAIL,MODERNO,AUTOSERVICIO,CITY,MONCLOVA,,AUTOSERVICIO,MONCLOVA
C. Moderno Area 4_MT,WATER_NIELSEN_RIE,CONFIRMED,DETAIL,MODERNO,MODERNO_TOTAL,AREA,AREA_4,,MODERNO_TOTAL,AREA_4
TRADICIONAL AREA V,WATER_NIELSEN_RIE,CONFIRMED,DETAIL,TRADICIONAL,TRADICIONAL,AREA,AREA_5,,TRADICIONAL,AREA_5
Autoservicios Scanning Hermosillo,PB_NIELSEN,CONFIRMED,DETAIL,MODERNO,AUTOSERVICIO_SCANNING,CITY,HERMOSILLO,,AUTOSERVICIO_SCANNING,HERMOSILLO
Autoservicios Toluca,EDP_NIELSEN,CONFIRMED,DETAIL,MODERNO,AUTOSERVICIO,CITY,TOLUCA,,AUTOSERVICIO,TOLUCA
Total Autos San Luis Potosi,PB_NIELSEN,CONFIRMED,TOTAL,MODERNO,AUTOSERVICIO,CITY,SAN LUIS POTOSI,,AUTOSERVICIO,SAN LUIS POTOSI
Autoservicios Surtido Completo Area 1_MT,WATER_NIELSEN_RIE,CONFIRMED,DETAIL,MODERNO,AUTOSERVICIO_SURTIDO_COMPLETO,AREA,AREA_1,,AUTOSERVICIO_SURTIDO_COMPLETO,AREA_1
Autoservicios Tuxtla Gutierrez,EDP_NIELSEN,CONFIRMED,DETAIL,MODERNO,AUTOSERVICIO,CITY,TUXTLA GUTIERREZ,,AUTOSERVICIO,TUXTLA GUTIERREZ
C. Moderno Area 6_MT,WATER_NIELSEN_RIE,CONFIRMED,DETAIL,MODERNO,MODERNO_TOTAL,AREA,AREA_6,,MODERNO_TOTAL,AREA_6
TOTAL AUTOS AREA 3 - AREA 6,PB_NIELSEN,CONFIRMED,TOTAL,MODERNO,AUTOSERVICIO,AREA,AREA_3_6,,AUTOSERVICIO,AREA_3_6
Total Autos Mexicali,PB_NIELSEN,CONFIRMED,TOTAL,MODERNO,AUTOSERVICIO,CITY,MEXICALI,,AUTOSERVICIO,MEXICALI
Tradicionales Grandes Y Minisupers _Total Mexico,EDP_NIELSEN,CONFIRMED,TOTAL,TRADICIONAL,TRADICIONAL_GRANDES_MINISUPERS,NATIONAL,TOTAL_MEXICO,,TRADICIONAL_GRANDES_MINISUPERS,TOTAL_MEXICO
Total Autos VDM,PB_NIELSEN,CONFIRMED,TOTAL,MODERNO,AUTOSERVICIO,VDM,VDM,,AUTOSERVICIO,VDM
Canal Moderno Total Mexico,EDP_NIELSEN,CONFIRMED,TOTAL,MODERNO,MODERNO_TOTAL,NATIONAL,TOTAL_MEXICO,,MODERNO_TOTAL,TOTAL_MEXICO
Autoservicios Los Cabos,EDP_NIELSEN,CONFIRMED,DETAIL,MODERNO,AUTOSERVICIO,CITY,LOS CABOS,,AUTOSERVICIO,LOS CABOS
Autoservicios Scanning Playa del Carmen,PB_NIELSEN,CONFIRMED,DETAIL,MODERNO,AUTOSERVICIO_SCANNING,CITY,PLAYA DEL CARMEN,,AUTOSERVICIO_SCANNING,PLAYA DEL CARMEN
Total Autos Morelia,PB_NIELSEN,CONFIRMED,TOTAL,MODERNO,AUTOSERVICIO,CITY,MORELIA,,AUTOSERVICIO,MORELIA
TDC + Farmacias Cad + Hard Discounters Monterrey,EDP_NIELSEN,CONFIRMED,DETAIL,MODERNO,TDC_FARMACIAS_HARD_DISCOUNTERS,CITY,MONTERREY,,TDC_FARMACIAS_HARD_DISCOUNTERS,MONTERREY
Autos Scanning Areas 1 + 2,PB_NIELSEN,CONFIRMED,TOTAL,MODERNO,AUTOSERVICIO_SCANNING,AREA,AREA_1_2,,AUTOSERVICIO_SCANNING,AREA_1_2
Autoservicios Surtido Extendido Area 6_MT,WATER_NIELSEN_RIE,CONFIRMED,DETAIL,MODERNO,AUTOSERVICIO_SURTIDO_EXTENDIDO,AREA,AREA_6,,AUTOSERVICIO_SURTIDO_EXTENDIDO,AREA_6
Total _Area 2.2 Golfo,EDP_NIELSEN,CONFIRMED,TOTAL,TOTAL_MERCADO,TOTAL_MERCADO,AREA,AREA_2,AREA_2_2_GOLFO,TOTAL_MERCADO,AREA_2
Autoservicios Campeche,EDP_NIELSEN,CONFIRMED,DETAIL,MODERNO,AUTOSERVICIO,CITY,CAMPECHE,,AUTOSERVICIO,CAMPECHE
Autoservicios Matamoros,EDP_NIELSEN,CONFIRMED,DETAIL,MODERNO,AUTOSERVICIO,CITY,MATAMOROS,,AUTOSERVICIO,MATAMOROS
Total _Guadalajara,EDP_NIELSEN,CONFIRMED,TOTAL,TOTAL_MERCADO,TOTAL_MERCADO,CITY,GUADALAJARA,,TOTAL_MERCADO,GUADALAJARA
Autoservicios Surtido Extendido Area 4_MT,WATER_NIELSEN_RIE,CONFIRMED,DETAIL,MODERNO,AUTOSERVICIO_SURTIDO_EXTENDIDO,AREA,AREA_4,,AUTOSERVICIO_SURTIDO_EXTENDIDO,AREA_4
Autoservicios Surt. Esencial Area 1,PB_NIELSEN,APPROVED,TOTAL,MODERNO,AUTOSERVICIO,AREA,AREA_1,,AUTOSERVICIO,AREA_1
Autoservicios Surt. Completo Area 3,PB_NIELSEN,APPROVED,TOTAL,MODERNO,AUTOSERVICIO,AREA,AREA_3,,AUTOSERVICIO,AREA_3
Autos Scanning Area 4,PB_NIELSEN,APPROVED,TOTAL,MODERNO,AUTOSERVICIO_SCANNING,AREA,AREA_4,,AUTOSERVICIO_SCANNING,AREA_4
Autoservicios Surt. Esencial Area 5,PB_NIELSEN,APPROVED,TOTAL,MODERNO,AUTOSERVICIO,AREA,AREA_5,,AUTOSERVICIO,AREA_5
Autoservicios Surt. Esencial Area 2,PB_NIELSEN,APPROVED,TOTAL,MODERNO,AUTOSERVICIO,AREA,AREA_2,,AUTOSERVICIO,AREA_2
Autoservicios Surt. Completo Area 5,PB_NIELSEN,APPROVED,TOTAL,MODERNO,AUTOSERVICIO,AREA,AREA_5,,AUTOSERVICIO,AREA_5
Autoservicios Surt. Extendido Area 5,PB_NIELSEN,APPROVED,TOTAL,MODERNO,AUTOSERVICIO,AREA,AREA_5,,AUTOSERVICIO,AREA_5
Autoservicios Surt. Extendido Area 2,PB_NIELSEN,APPROVED,TOTAL,MODERNO,AUTOSERVICIO,AREA,AREA_2,,AUTOSERVICIO,AREA_2
Autoservicios Surt. Esencial Area 3,PB_NIELSEN,APPROVED,TOTAL,MODERNO,AUTOSERVICIO,AREA,AREA_3,,AUTOSERVICIO,AREA_3
Autoservicios Surt. Completo Area 1,PB_NIELSEN,APPROVED,TOTAL,MODERNO,AUTOSERVICIO,AREA,AREA_1,,AUTOSERVICIO,AREA_1
Autoservicios Surt. Completo Area 4,PB_NIELSEN,APPROVED,TOTAL,MODERNO,AUTOSERVICIO,AREA,AREA_4,,AUTOSERVICIO,AREA_4
Autoservicios Surt. Esencial Total Mexico,PB_NIELSEN,APPROVED,TOTAL,MODERNO,AUTOSERVICIO,TOTAL_MEXICO,TOTAL_MEXICO,,AUTOSERVICIO,TOTAL_MEXICO
Autos Scanning Area 2,PB_NIELSEN,APPROVED,TOTAL,MODERNO,AUTOSERVICIO_SCANNING,AREA,AREA_2,,AUTOSERVICIO_SCANNING,AREA_2
Autos Scanning Area 6,PB_NIELSEN,APPROVED,TOTAL,MODERNO,AUTOSERVICIO_SCANNING,AREA,AREA_6,,AUTOSERVICIO_SCANNING,AREA_6
Autoservicios Surt. Extendido Area 6,PB_NIELSEN,APPROVED,TOTAL,MODERNO,AUTOSERVICIO,AREA,AREA_6,,AUTOSERVICIO,AREA_6
Autoservicios Surt. Extendido Area 1,PB_NIELSEN,APPROVED,TOTAL,MODERNO,AUTOSERVICIO,AREA,AREA_1,,AUTOSERVICIO,AREA_1
Autoservicios Surt. Extendido Area 4,PB_NIELSEN,APPROVED,TOTAL,MODERNO,AUTOSERVICIO,AREA,AREA_4,,AUTOSERVICIO,AREA_4
Autos Scanning Area 3,PB_NIELSEN,APPROVED,TOTAL,MODERNO,AUTOSERVICIO_SCANNING,AREA,AREA_3,,AUTOSERVICIO_SCANNING,AREA_3
Autoservicios Scanning Tijuana,PB_NIELSEN,APPROVED,DETAIL,MODERNO,AUTOSERVICIO_SCANNING,CITY,TIJUANA,,AUTOSERVICIO_SCANNING,TIJUANA
Autoservicios Surt. Completo Area 2,PB_NIELSEN,APPROVED,TOTAL,MODERNO,AUTOSERVICIO,AREA,AREA_2,,AUTOSERVICIO,AREA_2
Autoservicios Surt. Extendido Total Mexico,PB_NIELSEN,APPROVED,TOTAL,MODERNO,AUTOSERVICIO,TOTAL_MEXICO,TOTAL_MEXICO,,AUTOSERVICIO,TOTAL_MEXICO
Autos Scanning Total Mexico,PB_NIELSEN,APPROVED,TOTAL,MODERNO,AUTOSERVICIO_SCANNING,TOTAL_MEXICO,TOTAL_MEXICO,,AUTOSERVICIO_SCANNING,TOTAL_MEXICO
Autos Scanning Area 1,PB_NIELSEN,APPROVED,TOTAL,MODERNO,AUTOSERVICIO_SCANNING,AREA,AREA_1,,AUTOSERVICIO_SCANNING,AREA_1
Autoservicios Surt. Completo Area 6,PB_NIELSEN,APPROVED,TOTAL,MODERNO,AUTOSERVICIO,AREA,AREA_6,,AUTOSERVICIO,AREA_6
Autoservicios Surt. Completo Total Mexico,PB_NIELSEN,APPROVED,TOTAL,MODERNO,AUTOSERVICIO,TOTAL_MEXICO,TOTAL_MEXICO,,AUTOSERVICIO,TOTAL_MEXICO
Autoservicios Surt. Esencial Area 4,PB_NIELSEN,APPROVED,TOTAL,MODERNO,AUTOSERVICIO,AREA,AREA_4,,AUTOSERVICIO,AREA_4
Autoservicios Surt. Extendido Area 3,PB_NIELSEN,APPROVED,TOTAL,MODERNO,AUTOSERVICIO,AREA,AREA_3,,AUTOSERVICIO,AREA_3
Autos Scanning Area 5,PB_NIELSEN,APPROVED,TOTAL,MODERNO,AUTOSERVICIO_SCANNING,AREA,AREA_5,,AUTOSERVICIO_SCANNING,AREA_5
Autoservicios Surt. Esencial Area 6,PB_NIELSEN,APPROVED,TOTAL,MODERNO,AUTOSERVICIO,AREA,AREA_6,,AUTOSERVICIO,AREA_6
Autoservicios Scanning Ensenada,WATER_NIELSEN_ST,APPROVED,DETAIL,MODERNO,AUTOSERVICIO_SCANNING,CITY,ENSENADA,ENSENADA,AUTOSERVICIO_SCANNING,ENSENADA
Autos Scanning Area 4,WATER_NIELSEN_ST,APPROVED,TOTAL,MODERNO,AUTOSERVICIO_SCANNING,AREA,AREA_4,AREA_4,AUTOSERVICIO_SCANNING,AREA_4
Autos Scanning Areas 3 + 4 + 5 +6,WATER_NIELSEN_ST,APPROVED,TOTAL,MODERNO,AUTOSERVICIO_SCANNING,AREA,AREA_3_6,AREA_3_6,AUTOSERVICIO_SCANNING,AREA_3_6
Autoservicios Surt. Extendido Area 5,WATER_NIELSEN_ST,APPROVED,TOTAL,MODERNO,AUTOSERVICIO,AREA,AREA_5,AREA_5,AUTOSERVICIO,AREA_5
Autoservicios Scanning Minatitlan,WATER_NIELSEN_ST,APPROVED,DETAIL,MODERNO,AUTOSERVICIO_SCANNING,CITY,MINATITLAN,MINATITLAN,AUTOSERVICIO_SCANNING,MINATITLAN
Autoservicios Surt. Extendido Area 3,WATER_NIELSEN_ST,APPROVED,TOTAL,MODERNO,AUTOSERVICIO,AREA,AREA_3,AREA_3,AUTOSERVICIO,AREA_3
Autoservicios Surt. Completo Area 5,WATER_NIELSEN_ST,APPROVED,TOTAL,MODERNO,AUTOSERVICIO,AREA,AREA_5,AREA_5,AUTOSERVICIO,AREA_5
Autoservicios Scanning Leon,WATER_NIELSEN_ST,APPROVED,DETAIL,MODERNO,AUTOSERVICIO_SCANNING,CITY,LEON,LEON,AUTOSERVICIO_SCANNING,LEON
Autoservicios Surt. Extendido Area 6,WATER_NIELSEN_ST,APPROVED,TOTAL,MODERNO,AUTOSERVICIO,AREA,AREA_6,AREA_6,AUTOSERVICIO,AREA_6
Autoservicios Scanning Aguascalientes,WATER_NIELSEN_ST,APPROVED,DETAIL,MODERNO,AUTOSERVICIO_SCANNING,CITY,AGUASCALIENTES,AGUASCALIENTES,AUTOSERVICIO_SCANNING,AGUASCALIENTES
Autoservicios Scanning Acapulco,WATER_NIELSEN_ST,APPROVED,DETAIL,MODERNO,AUTOSERVICIO_SCANNING,CITY,ACAPULCO,ACAPULCO,AUTOSERVICIO_SCANNING,ACAPULCO
Autoservicios Scanning Veracruz,WATER_NIELSEN_ST,APPROVED,DETAIL,MODERNO,AUTOSERVICIO_SCANNING,CITY,VERACRUZ,VERACRUZ,AUTOSERVICIO_SCANNING,VERACRUZ
Autoservicios Scanning Cozumel,WATER_NIELSEN_ST,APPROVED,DETAIL,MODERNO,AUTOSERVICIO_SCANNING,CITY,COZUMEL,COZUMEL,AUTOSERVICIO_SCANNING,COZUMEL
Autoservicios Scanning Orizaba,WATER_NIELSEN_ST,APPROVED,DETAIL,MODERNO,AUTOSERVICIO_SCANNING,CITY,ORIZABA,ORIZABA,AUTOSERVICIO_SCANNING,ORIZABA
Autoservicios Scanning Merida,WATER_NIELSEN_ST,APPROVED,DETAIL,MODERNO,AUTOSERVICIO_SCANNING,CITY,MERIDA,MERIDA,AUTOSERVICIO_SCANNING,MERIDA
Autoservicios Scanning La Paz,WATER_NIELSEN_ST,APPROVED,DETAIL,MODERNO,AUTOSERVICIO_SCANNING,CITY,LA PAZ,LA PAZ,AUTOSERVICIO_SCANNING,LA PAZ
Autoservicios Scanning Tijuana,WATER_NIELSEN_ST,APPROVED,DETAIL,MODERNO,AUTOSERVICIO_SCANNING,CITY,TIJUANA,TIJUANA,AUTOSERVICIO_SCANNING,TIJUANA
Autoservicios Scanning Queretaro,WATER_NIELSEN_ST,APPROVED,DETAIL,MODERNO,AUTOSERVICIO_SCANNING,CITY,QUERETARO,QUERETARO,AUTOSERVICIO_SCANNING,QUERETARO
Autoservicios Scanning Poza Rica,WATER_NIELSEN_ST,APPROVED,DETAIL,MODERNO,AUTOSERVICIO_SCANNING,CITY,POZA RICA,POZA RICA,AUTOSERVICIO_SCANNING,POZA RICA
Autos Scanning Area 1,WATER_NIELSEN_ST,APPROVED,TOTAL,MODERNO,AUTOSERVICIO_SCANNING,AREA,AREA_1,AREA_1,AUTOSERVICIO_SCANNING,AREA_1
Autoservicios Surt. Esencial Total Mexico,WATER_NIELSEN_ST,APPROVED,TOTAL,MODERNO,AUTOSERVICIO,TOTAL_MEXICO,TOTAL_MEXICO,TOTAL_MEXICO,AUTOSERVICIO,TOTAL_MEXICO
Total Autos Baja California_MT,WATER_NIELSEN_ST,APPROVED,TOTAL,MODERNO,AUTOSERVICIO,CITY,BAJA CALIFORNIA,BAJA CALIFORNIA,AUTOSERVICIO,BAJA CALIFORNIA
Autoservicios Scanning Piedras Negras,WATER_NIELSEN_ST,APPROVED,DETAIL,MODERNO,AUTOSERVICIO_SCANNING,CITY,PIEDRAS NEGRAS,PIEDRAS NEGRAS,AUTOSERVICIO_SCANNING,PIEDRAS NEGRAS
Autoservicios Scanning Mexicali,WATER_NIELSEN_ST,APPROVED,DETAIL,MODERNO,AUTOSERVICIO_SCANNING,CITY,MEXICALI,MEXICALI,AUTOSERVICIO_SCANNING,MEXICALI
Autoservicios Surt. Completo Area 4,WATER_NIELSEN_ST,APPROVED,TOTAL,MODERNO,AUTOSERVICIO,AREA,AREA_4,AREA_4,AUTOSERVICIO,AREA_4
Autoservicios Surt. Completo Area 1,WATER_NIELSEN_ST,APPROVED,TOTAL,MODERNO,AUTOSERVICIO,AREA,AREA_1,AREA_1,AUTOSERVICIO,AREA_1
Autoservicios Scanning Mazatlan,WATER_NIELSEN_ST,APPROVED,DETAIL,MODERNO,AUTOSERVICIO_SCANNING,CITY,MAZATLAN,MAZATLAN,AUTOSERVICIO_SCANNING,MAZATLAN
Autoservicios Scanning Villahermosa,WATER_NIELSEN_ST,APPROVED,DETAIL,MODERNO,AUTOSERVICIO_SCANNING,CITY,VILLAHERMOSA,VILLAHERMOSA,AUTOSERVICIO_SCANNING,VILLAHERMOSA
Autoservicios Surt. Esencial Area 3,WATER_NIELSEN_ST,APPROVED,TOTAL,MODERNO,AUTOSERVICIO,AREA,AREA_3,AREA_3,AUTOSERVICIO,AREA_3
Autoservicios Scanning Saltillo,WATER_NIELSEN_ST,APPROVED,DETAIL,MODERNO,AUTOSERVICIO_SCANNING,CITY,SALTILLO,SALTILLO,AUTOSERVICIO_SCANNING,SALTILLO
Autoservicios Scanning Culiacan,WATER_NIELSEN_ST,APPROVED,DETAIL,MODERNO,AUTOSERVICIO_SCANNING,CITY,CULIACAN,CULIACAN,AUTOSERVICIO_SCANNING,CULIACAN
Autoservicios Scanning Tepic,WATER_NIELSEN_ST,APPROVED,DETAIL,MODERNO,AUTOSERVICIO_SCANNING,CITY,TEPIC,TEPIC,AUTOSERVICIO_SCANNING,TEPIC
Autoservicios Surt. Extendido Total Mexico,WATER_NIELSEN_ST,APPROVED,TOTAL,MODERNO,AUTOSERVICIO,TOTAL_MEXICO,TOTAL_MEXICO,TOTAL_MEXICO,AUTOSERVICIO,TOTAL_MEXICO
Autoservicios Scanning Tuxtla Gutierrez,WATER_NIELSEN_ST,APPROVED,DETAIL,MODERNO,AUTOSERVICIO_SCANNING,CITY,TUXTLA GUTIERREZ,TUXTLA GUTIERREZ,AUTOSERVICIO_SCANNING,TUXTLA GUTIERREZ
Autos Scanning Area 2,WATER_NIELSEN_ST,APPROVED,TOTAL,MODERNO,AUTOSERVICIO_SCANNING,AREA,AREA_2,AREA_2,AUTOSERVICIO_SCANNING,AREA_2
Autoservicios Scanning Cancun,WATER_NIELSEN_ST,APPROVED,DETAIL,MODERNO,AUTOSERVICIO_SCANNING,CITY,CANCUN,CANCUN,AUTOSERVICIO_SCANNING,CANCUN
Autoservicios Scanning Playa del Carmen,WATER_NIELSEN_ST,APPROVED,DETAIL,MODERNO,AUTOSERVICIO_SCANNING,CITY,PLAYA DEL CARMEN,PLAYA DEL CARMEN,AUTOSERVICIO_SCANNING,PLAYA DEL CARMEN
Autos Scanning Area 6,WATER_NIELSEN_ST,APPROVED,TOTAL,MODERNO,AUTOSERVICIO_SCANNING,AREA,AREA_6,AREA_6,AUTOSERVICIO_SCANNING,AREA_6
Autoservicios Surt. Esencial Area 1,WATER_NIELSEN_ST,APPROVED,TOTAL,MODERNO,AUTOSERVICIO,AREA,AREA_1,AREA_1,AUTOSERVICIO,AREA_1
Autoservicios Scanning Oaxaca,WATER_NIELSEN_ST,APPROVED,DETAIL,MODERNO,AUTOSERVICIO_SCANNING,CITY,OAXACA,OAXACA,AUTOSERVICIO_SCANNING,OAXACA
Autoservicios Scanning Matamoros,WATER_NIELSEN_ST,APPROVED,DETAIL,MODERNO,AUTOSERVICIO_SCANNING,CITY,MATAMOROS,MATAMOROS,AUTOSERVICIO_SCANNING,MATAMOROS
Autoservicios Surt. Extendido Area 2,WATER_NIELSEN_ST,APPROVED,TOTAL,MODERNO,AUTOSERVICIO,AREA,AREA_2,AREA_2,AUTOSERVICIO,AREA_2
Autoservicios Surt. Extendido Area 1,WATER_NIELSEN_ST,APPROVED,TOTAL,MODERNO,AUTOSERVICIO,AREA,AREA_1,AREA_1,AUTOSERVICIO,AREA_1
Autoservicios Scanning Nogales,WATER_NIELSEN_ST,APPROVED,DETAIL,MODERNO,AUTOSERVICIO_SCANNING,CITY,NOGALES,NOGALES,AUTOSERVICIO_SCANNING,NOGALES
Autoservicios Surt. Esencial Area 4,WATER_NIELSEN_ST,APPROVED,TOTAL,MODERNO,AUTOSERVICIO,AREA,AREA_4,AREA_4,AUTOSERVICIO,AREA_4
Autoservicios Scanning Ahome,WATER_NIELSEN_ST,APPROVED,DETAIL,MODERNO,AUTOSERVICIO_SCANNING,CITY,AHOME,AHOME,AUTOSERVICIO_SCANNING,AHOME
Autoservicios Scanning Guadalajara,WATER_NIELSEN_ST,APPROVED,DETAIL,MODERNO,AUTOSERVICIO_SCANNING,CITY,GUADALAJARA,GUADALAJARA,AUTOSERVICIO_SCANNING,GUADALAJARA
Autoservicios Scanning Valle de Mexico,WATER_NIELSEN_ST,APPROVED,DETAIL,MODERNO,AUTOSERVICIO_SCANNING,VDM,VDM,VDM,AUTOSERVICIO_SCANNING,VDM
Autoservicios Scanning Torreon,WATER_NIELSEN_ST,APPROVED,DETAIL,MODERNO,AUTOSERVICIO_SCANNING,CITY,TORREON,TORREON,AUTOSERVICIO_SCANNING,TORREON
Autoservicios Scanning Irapuato,WATER_NIELSEN_ST,APPROVED,DETAIL,MODERNO,AUTOSERVICIO_SCANNING,CITY,IRAPUATO,IRAPUATO,AUTOSERVICIO_SCANNING,IRAPUATO
Autoservicios Surt. Extendido Area 4,WATER_NIELSEN_ST,APPROVED,TOTAL,MODERNO,AUTOSERVICIO,AREA,AREA_4,AREA_4,AUTOSERVICIO,AREA_4
Autoservicios Surt. Completo Area 3,WATER_NIELSEN_ST,APPROVED,TOTAL,MODERNO,AUTOSERVICIO,AREA,AREA_3,AREA_3,AUTOSERVICIO,AREA_3
Autoservicios Surt. Esencial Area 6,WATER_NIELSEN_ST,APPROVED,TOTAL,MODERNO,AUTOSERVICIO,AREA,AREA_6,AREA_6,AUTOSERVICIO,AREA_6
Autoservicios Scanning Reynosa,WATER_NIELSEN_ST,APPROVED,DETAIL,MODERNO,AUTOSERVICIO_SCANNING,CITY,REYNOSA,REYNOSA,AUTOSERVICIO_SCANNING,REYNOSA
Autoservicios Scanning Campeche,WATER_NIELSEN_ST,APPROVED,DETAIL,MODERNO,AUTOSERVICIO_SCANNING,CITY,CAMPECHE,CAMPECHE,AUTOSERVICIO_SCANNING,CAMPECHE
Autos Scanning Areas 1 + 2,WATER_NIELSEN_ST,APPROVED,TOTAL,MODERNO,AUTOSERVICIO_SCANNING,AREA,AREA_1_2,AREA_1_2,AUTOSERVICIO_SCANNING,AREA_1_2
Autoservicios Scanning Puerto Vallarta,WATER_NIELSEN_ST,APPROVED,DETAIL,MODERNO,AUTOSERVICIO_SCANNING,CITY,PUERTO VALLARTA,PUERTO VALLARTA,AUTOSERVICIO_SCANNING,PUERTO VALLARTA
Autoservicios Scanning Tampico,WATER_NIELSEN_ST,APPROVED,DETAIL,MODERNO,AUTOSERVICIO_SCANNING,CITY,TAMPICO,TAMPICO,AUTOSERVICIO_SCANNING,TAMPICO
Autoservicios Scanning Cuernavaca,WATER_NIELSEN_ST,APPROVED,DETAIL,MODERNO,AUTOSERVICIO_SCANNING,CITY,CUERNAVACA,CUERNAVACA,AUTOSERVICIO_SCANNING,CUERNAVACA
Autoservicios Scanning Nuevo Laredo,WATER_NIELSEN_ST,APPROVED,DETAIL,MODERNO,AUTOSERVICIO_SCANNING,CITY,NUEVO LAREDO,NUEVO LAREDO,AUTOSERVICIO_SCANNING,NUEVO LAREDO
Autoservicios Scanning Durango,WATER_NIELSEN_ST,APPROVED,DETAIL,MODERNO,AUTOSERVICIO_SCANNING,CITY,DURANGO,DURANGO,AUTOSERVICIO_SCANNING,DURANGO
Autoservicios Scanning Cd. del Carmen,WATER_NIELSEN_ST,APPROVED,DETAIL,MODERNO,AUTOSERVICIO_SCANNING,CITY,CD DEL CARMEN,CD DEL CARMEN,AUTOSERVICIO_SCANNING,CD DEL CARMEN
Autoservicios Scanning Xalapa,WATER_NIELSEN_ST,APPROVED,DETAIL,MODERNO,AUTOSERVICIO_SCANNING,CITY,XALAPA,XALAPA,AUTOSERVICIO_SCANNING,XALAPA
Autos Scanning Area 3,WATER_NIELSEN_ST,APPROVED,TOTAL,MODERNO,AUTOSERVICIO_SCANNING,AREA,AREA_3,AREA_3,AUTOSERVICIO_SCANNING,AREA_3
Autoservicios Surt. Completo Total Mexico,WATER_NIELSEN_ST,APPROVED,TOTAL,MODERNO,AUTOSERVICIO,TOTAL_MEXICO,TOTAL_MEXICO,TOTAL_MEXICO,AUTOSERVICIO,TOTAL_MEXICO
Autoservicios Scanning Cd. Obregon,WATER_NIELSEN_ST,APPROVED,DETAIL,MODERNO,AUTOSERVICIO_SCANNING,CITY,CD OBREGON,CD OBREGON,AUTOSERVICIO_SCANNING,CD OBREGON
Autoservicios Scanning San Luis Potosi,WATER_NIELSEN_ST,APPROVED,DETAIL,MODERNO,AUTOSERVICIO_SCANNING,CITY,SAN LUIS POTOSI,SAN LUIS POTOSI,AUTOSERVICIO_SCANNING,SAN LUIS POTOSI
Autoservicios Scanning Monclova,WATER_NIELSEN_ST,APPROVED,DETAIL,MODERNO,AUTOSERVICIO_SCANNING,CITY,MONCLOVA,MONCLOVA,AUTOSERVICIO_SCANNING,MONCLOVA
Autoservicios Scanning Los Cabos,WATER_NIELSEN_ST,APPROVED,DETAIL,MODERNO,AUTOSERVICIO_SCANNING,CITY,LOS CABOS,LOS CABOS,AUTOSERVICIO_SCANNING,LOS CABOS
Autoservicios Surt. Completo Area 6,WATER_NIELSEN_ST,APPROVED,TOTAL,MODERNO,AUTOSERVICIO,AREA,AREA_6,AREA_6,AUTOSERVICIO,AREA_6
Autoservicios Surt. Esencial Area 5,WATER_NIELSEN_ST,APPROVED,TOTAL,MODERNO,AUTOSERVICIO,AREA,AREA_5,AREA_5,AUTOSERVICIO,AREA_5
Autoservicios Scanning Chihuahua,WATER_NIELSEN_ST,APPROVED,DETAIL,MODERNO,AUTOSERVICIO_SCANNING,CITY,CHIHUAHUA,CHIHUAHUA,AUTOSERVICIO_SCANNING,CHIHUAHUA
Autos Scanning Total Mexico,WATER_NIELSEN_ST,APPROVED,TOTAL,MODERNO,AUTOSERVICIO_SCANNING,TOTAL_MEXICO,TOTAL_MEXICO,TOTAL_MEXICO,AUTOSERVICIO_SCANNING,TOTAL_MEXICO
Autoservicios Scanning Delicias,WATER_NIELSEN_ST,APPROVED,DETAIL,MODERNO,AUTOSERVICIO_SCANNING,CITY,DELICIAS,DELICIAS,AUTOSERVICIO_SCANNING,DELICIAS
Autoservicios Scanning Hermosillo,WATER_NIELSEN_ST,APPROVED,DETAIL,MODERNO,AUTOSERVICIO_SCANNING,CITY,HERMOSILLO,HERMOSILLO,AUTOSERVICIO_SCANNING,HERMOSILLO
Autoservicios Surt. Completo Area 2,WATER_NIELSEN_ST,APPROVED,TOTAL,MODERNO,AUTOSERVICIO,AREA,AREA_2,AREA_2,AUTOSERVICIO,AREA_2
Autos Scanning Area 5,WATER_NIELSEN_ST,APPROVED,TOTAL,MODERNO,AUTOSERVICIO_SCANNING,AREA,AREA_5,AREA_5,AUTOSERVICIO_SCANNING,AREA_5
Autoservicios Scanning Morelia,WATER_NIELSEN_ST,APPROVED,DETAIL,MODERNO,AUTOSERVICIO_SCANNING,CITY,MORELIA,MORELIA,AUTOSERVICIO_SCANNING,MORELIA
Autoservicios Surt. Esencial Area 2,WATER_NIELSEN_ST,APPROVED,TOTAL,MODERNO,AUTOSERVICIO,AREA,AREA_2,AREA_2,AUTOSERVICIO,AREA_2
Autoservicios Scanning Coatzacoalcos,WATER_NIELSEN_ST,APPROVED,DETAIL,MODERNO,AUTOSERVICIO_SCANNING,CITY,COATZACOALCOS,COATZACOALCOS,AUTOSERVICIO_SCANNING,COATZACOALCOS
Autoservicios Scanning Puebla,WATER_NIELSEN_ST,APPROVED,DETAIL,MODERNO,AUTOSERVICIO_SCANNING,CITY,PUEBLA,PUEBLA,AUTOSERVICIO_SCANNING,PUEBLA
Autoservicios Scanning Monterrey,WATER_NIELSEN_ST,APPROVED,DETAIL,MODERNO,AUTOSERVICIO_SCANNING,CITY,MONTERREY,MONTERREY,AUTOSERVICIO_SCANNING,MONTERREY
