"""market_id""",MRKT_DSC_SHRT,"""hierarchy_level""","""hierarchy_number""","""hierarchy_name""","""hierarchy_column""",nielsen_source_cbu,m1_key,canal_std_m1,region_std_m1,mapping_status,canal_std,region_std
20239156,Autos Scanning Area 1,,,,,EDP_NIELSEN,AUTOS SCANNING AREA 1,AUTOSERVICIO_SCANNING,,CONFIRMED,AUTOSERVICIO_SCANNING,
20239258,Autos Scanning Area 2,,,,,EDP_NIELSEN,AUTOS SCANNING AREA 2,AUTOSERVICIO_SCANNING,,CONFIRMED,AUTOSERVICIO_SCANNING,
20239224,Autos Scanning Area 3,,,,,EDP_NIELSEN,AUTOS SCANNING AREA 3,AUTOSERVICIO_SCANNING,,CONFIRMED,AUTOSERVICIO_SCANNING,
20239191,Autos Scanning Area 4,,,,,EDP_NIELSEN,AUTOS SCANNING AREA 4,AUTOSERVICIO_SCANNING,,CONFIRMED,AUTOSERVICIO_SCANNING,
20239192,Autos Scanning Area 5,,,,,EDP_NIELSEN,AUTOS SCANNING AREA 5,AUTOSERVICIO_SCANNING,,CONFIRMED,AUTOSERVICIO_SCANNING,
20239157,Autos Scanning Area 6,,,,,EDP_NIELSEN,AUTOS SCANNING AREA 6,AUTOSERVICIO_SCANNING,,CONFIRMED,AUTOSERVICIO_SCANNING,
20249558,Autos Scanning Areas 1 + 2,,,,,PB_NIELSEN,AUTOS SCANNING AREAS 1 + 2,AUTOSERVICIO_SCANNING,,CONFIRMED,AUTOSERVICIO_SCANNING,
20249559,Autos Scanning Areas 3 + 4 + 5 +6,,,,,PB_NIELSEN,AUTOS SCANNING AREAS 3 + 4 + 5 +6,AUTOSERVICIO_SCANNING,,CONFIRMED,AUTOSERVICIO_SCANNING,
20237181,Autos Scanning Total Mexico,,,,,EDP_NIELSEN,AUTOS SCANNING TOTAL MEXICO,AUTOSERVICIO_SCANNING,,CONFIRMED,AUTOSERVICIO_SCANNING,
20268788,Autoservicios Acapulco,,,,,EDP_NIELSEN,AUTOSERVICIOS ACAPULCO,AUTOSERVICIO,,CONFIRMED,AUTOSERVICIO,
20268794,Autoservicios Aguascalientes,,,,,EDP_NIELSEN,AUTOSERVICIOS AGUASCALIENTES,AUTOSERVICIO,,CONFIRMED,AUTOSERVICIO,
20268809,Autoservicios Ahome,,,,,EDP_NIELSEN,AUTOSERVICIOS AHOME,AUTOSERVICIO,,CONFIRMED,AUTOSERVICIO,
20271909,Autoservicios Baja California,,,,,EDP_NIELSEN,AUTOSERVICIOS BAJA CALIFORNIA,AUTOSERVICIO,,CONFIRMED,AUTOSERVICIO,
20268798,Autoservicios Campeche,,,,,EDP_NIELSEN,AUTOSERVICIOS CAMPECHE,AUTOSERVICIO,,CONFIRMED,AUTOSERVICIO,
20268806,Autoservicios Cancun,,,,,EDP_NIELSEN,AUTOSERVICIOS CANCUN,AUTOSERVICIO,,CONFIRMED,AUTOSERVICIO,
20268782,Autoservicios Cd. Del Carmen,,,,,EDP_NIELSEN,AUTOSERVICIOS CD. DEL CARMEN,AUTOSERVICIO,,CONFIRMED,AUTOSERVICIO,
20268817,Autoservicios Cd. Obregon,,,,,EDP_NIELSEN,AUTOSERVICIOS CD. OBREGON,AUTOSERVICIO,,CONFIRMED,AUTOSERVICIO,
20268771,Autoservicios Chihuahua,,,,,EDP_NIELSEN,AUTOSERVICIOS CHIHUAHUA,AUTOSERVICIO,,CONFIRMED,AUTOSERVICIO,
20268765,Autoservicios Coatzacoalcos,,,,,EDP_NIELSEN,AUTOSERVICIOS COATZACOALCOS,AUTOSERVICIO,,CONFIRMED,AUTOSERVICIO,
20268761,Autoservicios Cozumel,,,,,EDP_NIELSEN,AUTOSERVICIOS COZUMEL,AUTOSERVICIO,,CONFIRMED,AUTOSERVICIO,
20268778,Autoservicios Cuernavaca,,,,,EDP_NIELSEN,AUTOSERVICIOS CUERNAVACA,AUTOSERVICIO,,CONFIRMED,AUTOSERVICIO,
20268776,Autoservicios Culiacan,,,,,EDP_NIELSEN,AUTOSERVICIOS CULIACAN,AUTOSERVICIO,,CONFIRMED,AUTOSERVICIO,
20268793,Autoservicios Delicias,,,,,EDP_NIELSEN,AUTOSERVICIOS DELICIAS,AUTOSERVICIO,,CONFIRMED,AUTOSERVICIO,
20268807,Autoservicios Durango,,,,,EDP_NIELSEN,AUTOSERVICIOS DURANGO,AUTOSERVICIO,,CONFIRMED,AUTOSERVICIO,
20268804,Autoservicios Ensenada,,,,,EDP_NIELSEN,AUTOSERVICIOS ENSENADA,AUTOSERVICIO,,CONFIRMED,AUTOSERVICIO,
20268801,Autoservicios Guadalajara,,,,,EDP_NIELSEN,AUTOSERVICIOS GUADALAJARA,AUTOSERVICIO,,CONFIRMED,AUTOSERVICIO,
20268781,Autoservicios Hermosillo,,,,,EDP_NIELSEN,AUTOSERVICIOS HERMOSILLO,AUTOSERVICIO,,CONFIRMED,AUTOSERVICIO,
20268773,Autoservicios Irapuato,,,,,EDP_NIELSEN,AUTOSERVICIOS IRAPUATO,AUTOSERVICIO,,CONFIRMED,AUTOSERVICIO,
20268816,Autoservicios Jalapa,,,,,EDP_NIELSEN,AUTOSERVICIOS JALAPA,AUTOSERVICIO,,CONFIRMED,AUTOSERVICIO,
20268779,Autoservicios La Paz,,,,,EDP_NIELSEN,AUTOSERVICIOS LA PAZ,AUTOSERVICIO,,CONFIRMED,AUTOSERVICIO,
20268796,Autoservicios Leon,,,,,EDP_NIELSEN,AUTOSERVICIOS LEON,AUTOSERVICIO,,CONFIRMED,AUTOSERVICIO,
20268780,Autoservicios Los Cabos,,,,,EDP_NIELSEN,AUTOSERVICIOS LOS CABOS,AUTOSERVICIO,,CONFIRMED,AUTOSERVICIO,
20268759,Autoservicios Matamoros,,,,,EDP_NIELSEN,AUTOSERVICIOS MATAMOROS,AUTOSERVICIO,,CONFIRMED,AUTOSERVICIO,
20266631,Autoservicios Mayoristas Area 4,,,,,EDP_NIELSEN,AUTOSERVICIOS MAYORISTAS AREA 4,AUTOSERVICIOS_MAYORISTAS,,CONFIRMED,AUTOSERVICIOS_MAYORISTAS,
20266634,Autoservicios Mayoristas Area 6,,,,,EDP_NIELSEN,AUTOSERVICIOS MAYORISTAS AREA 6,AUTOSERVICIOS_MAYORISTAS,,CONFIRMED,AUTOSERVICIOS_MAYORISTAS,
20266696,Autoservicios Mayoristas Monterrey,,,,,EDP_NIELSEN,AUTOSERVICIOS MAYORISTAS MONTERREY,AUTOSERVICIOS_MAYORISTAS,,CONFIRMED,AUTOSERVICIOS_MAYORISTAS,
20266630,Autoservicios Mayoristas Total Mexico,,,,,EDP_NIELSEN,AUTOSERVICIOS MAYORISTAS TOTAL MEXICO,AUTOSERVICIOS_MAYORISTAS,,CONFIRMED,AUTOSERVICIOS_MAYORISTAS,
20268786,Autoservicios Mazatlan,,,,,EDP_NIELSEN,AUTOSERVICIOS MAZATLAN,AUTOSERVICIO,,CONFIRMED,AUTOSERVICIO,
20268803,Autoservicios Merida,,,,,EDP_NIELSEN,AUTOSERVICIOS MERIDA,AUTOSERVICIO,,CONFIRMED,AUTOSERVICIO,
20268764,Autoservicios Mexicali,,,,,EDP_NIELSEN,AUTOSERVICIOS MEXICALI,AUTOSERVICIO,,CONFIRMED,AUTOSERVICIO,
20268787,Autoservicios Minatitlan,,,,,EDP_NIELSEN,AUTOSERVICIOS MINATITLAN,AUTOSERVICIO,,CONFIRMED,AUTOSERVICIO,
20268802,Autoservicios Monclova,,,,,EDP_NIELSEN,AUTOSERVICIOS MONCLOVA,AUTOSERVICIO,,CONFIRMED,AUTOSERVICIO,
20268785,Autoservicios Monterrey,,,,,EDP_NIELSEN,AUTOSERVICIOS MONTERREY,AUTOSERVICIO,,CONFIRMED,AUTOSERVICIO,
20268770,Autoservicios Morelia,,,,,EDP_NIELSEN,AUTOSERVICIOS MORELIA,AUTOSERVICIO,,CONFIRMED,AUTOSERVICIO,
20268777,Autoservicios Nogales,,,,,EDP_NIELSEN,AUTOSERVICIOS NOGALES,AUTOSERVICIO,,CONFIRMED,AUTOSERVICIO,
20268758,Autoservicios Nuevo Laredo,,,,,EDP_NIELSEN,AUTOSERVICIOS NUEVO LAREDO,AUTOSERVICIO,,CONFIRMED,AUTOSERVICIO,
20268760,Autoservicios Oaxaca,,,,,EDP_NIELSEN,AUTOSERVICIOS OAXACA,AUTOSERVICIO,,CONFIRMED,AUTOSERVICIO,
20268797,Autoservicios Orizaba,,,,,EDP_NIELSEN,AUTOSERVICIOS ORIZABA,AUTOSERVICIO,,CONFIRMED,AUTOSERVICIO,
20268795,Autoservicios Piedras Negras,,,,,EDP_NIELSEN,AUTOSERVICIOS PIEDRAS NEGRAS,AUTOSERVICIO,,CONFIRMED,AUTOSERVICIO,
20268789,Autoservicios Playa Del Carmen,,,,,EDP_NIELSEN,AUTOSERVICIOS PLAYA DEL CARMEN,AUTOSERVICIO,,CONFIRMED,AUTOSERVICIO,
20268763,Autoservicios Poza Rica,,,,,EDP_NIELSEN,AUTOSERVICIOS POZA RICA,AUTOSERVICIO,,CONFIRMED,AUTOSERVICIO,
20268790,Autoservicios Puebla,,,,,EDP_NIELSEN,AUTOSERVICIOS PUEBLA,AUTOSERVICIO,,CONFIRMED,AUTOSERVICIO,
20268800,Autoservicios Puerto Vallarta,,,,,EDP_NIELSEN,AUTOSERVICIOS PUERTO VALLARTA,AUTOSERVICIO,,CONFIRMED,AUTOSERVICIO,
20268791,Autoservicios Queretaro,,,,,EDP_NIELSEN,AUTOSERVICIOS QUERETARO,AUTOSERVICIO,,CONFIRMED,AUTOSERVICIO,
20268815,Autoservicios Reynosa,,,,,EDP_NIELSEN,AUTOSERVICIOS REYNOSA,AUTOSERVICIO,,CONFIRMED,AUTOSERVICIO,
20268812,Autoservicios Saltillo,,,,,EDP_NIELSEN,AUTOSERVICIOS SALTILLO,AUTOSERVICIO,,CONFIRMED,AUTOSERVICIO,
20268805,Autoservicios San Luis Potosi,,,,,EDP_NIELSEN,AUTOSERVICIOS SAN LUIS POTOSI,AUTOSERVICIO,,CONFIRMED,AUTOSERVICIO,
20239163,Autoservicios Scanning Acapulco,,,,,PB_NIELSEN,AUTOSERVICIOS SCANNING ACAPULCO,AUTOSERVICIO_SCANNING,,CONFIRMED,AUTOSERVICIO_SCANNING,
20239162,Autoservicios Scanning Aguascalientes,,,,,PB_NIELSEN,AUTOSERVICIOS SCANNING AGUASCALIENTES,AUTOSERVICIO_SCANNING,,CONFIRMED,AUTOSERVICIO_SCANNING,
20239241,Autoservicios Scanning Ahome,,,,,PB_NIELSEN,AUTOSERVICIOS SCANNING AHOME,AUTOSERVICIO_SCANNING,,CONFIRMED,AUTOSERVICIO_SCANNING,
20239181,Autoservicios Scanning Campeche,,,,,PB_NIELSEN,AUTOSERVICIOS SCANNING CAMPECHE,AUTOSERVICIO_SCANNING,,CONFIRMED,AUTOSERVICIO_SCANNING,
20239267,Autoservicios Scanning Cancun,,,,,PB_NIELSEN,AUTOSERVICIOS SCANNING CANCUN,AUTOSERVICIO_SCANNING,,CONFIRMED,AUTOSERVICIO_SCANNING,
20243227,Autoservicios Scanning Cd. Cuauhtemoc,,,,,PB_NIELSEN,AUTOSERVICIOS SCANNING CD. CUAUHTEMOC,AUTOSERVICIO_SCANNING,,CONFIRMED,AUTOSERVICIO_SCANNING,
20239194,Autoservicios Scanning Cd. Obregon,,,,,PB_NIELSEN,AUTOSERVICIOS SCANNING CD. OBREGON,AUTOSERVICIO_SCANNING,,CONFIRMED,AUTOSERVICIO_SCANNING,
20243222,Autoservicios Scanning Cd. Valles,,,,,PB_NIELSEN,AUTOSERVICIOS SCANNING CD. VALLES,AUTOSERVICIO_SCANNING,,CONFIRMED,AUTOSERVICIO_SCANNING,
20239268,Autoservicios Scanning Cd. del Carmen,,,,,PB_NIELSEN,AUTOSERVICIOS SCANNING CD. DEL CARMEN,AUTOSERVICIO_SCANNING,,CONFIRMED,AUTOSERVICIO_SCANNING,
20239225,Autoservicios Scanning Chihuahua,,,,,PB_NIELSEN,AUTOSERVICIOS SCANNING CHIHUAHUA,AUTOSERVICIO_SCANNING,,CONFIRMED,AUTOSERVICIO_SCANNING,
20239200,Autoservicios Scanning Coatzacoalcos,,,,,PB_NIELSEN,AUTOSERVICIOS SCANNING COATZACOALCOS,AUTOSERVICIO_SCANNING,,CONFIRMED,AUTOSERVICIO_SCANNING,
20239165,Autoservicios Scanning Cozumel,,,,,PB_NIELSEN,AUTOSERVICIOS SCANNING COZUMEL,AUTOSERVICIO_SCANNING,,CONFIRMED,AUTOSERVICIO_SCANNING,
20239245,Autoservicios Scanning Cuernavaca,,,,,PB_NIELSEN,AUTOSERVICIOS SCANNING CUERNAVACA,AUTOSERVICIO_SCANNING,,CONFIRMED,AUTOSERVICIO_SCANNING,
20239158,Autoservicios Scanning Culiacan,,,,,PB_NIELSEN,AUTOSERVICIOS SCANNING CULIACAN,AUTOSERVICIO_SCANNING,,CONFIRMED,AUTOSERVICIO_SCANNING,
20239214,Autoservicios Scanning Delicias,,,,,PB_NIELSEN,AUTOSERVICIOS SCANNING DELICIAS,AUTOSERVICIO_SCANNING,,CONFIRMED,AUTOSERVICIO_SCANNING,
20239244,Autoservicios Scanning Durango,,,,,PB_NIELSEN,AUTOSERVICIOS SCANNING DURANGO,AUTOSERVICIO_SCANNING,,CONFIRMED,AUTOSERVICIO_SCANNING,
20239259,Autoservicios Scanning Ensenada,,,,,PB_NIELSEN,AUTOSERVICIOS SCANNING ENSENADA,AUTOSERVICIO_SCANNING,,CONFIRMED,AUTOSERVICIO_SCANNING,
20239198,Autoservicios Scanning Guadalajara,,,,,PB_NIELSEN,AUTOSERVICIOS SCANNING GUADALAJARA,AUTOSERVICIO_SCANNING,,CONFIRMED,AUTOSERVICIO_SCANNING,
20243242,Autoservicios Scanning Guaymas,,,,,PB_NIELSEN,AUTOSERVICIOS SCANNING GUAYMAS,AUTOSERVICIO_SCANNING,,CONFIRMED,AUTOSERVICIO_SCANNING,
20239260,Autoservicios Scanning Hermosillo,,,,,PB_NIELSEN,AUTOSERVICIOS SCANNING HERMOSILLO,AUTOSERVICIO_SCANNING,,CONFIRMED,AUTOSERVICIO_SCANNING,
20239197,Autoservicios Scanning Irapuato,,,,,PB_NIELSEN,AUTOSERVICIOS SCANNING IRAPUATO,AUTOSERVICIO_SCANNING,,CONFIRMED,AUTOSERVICIO_SCANNING,
20239242,Autoservicios Scanning La Paz,,,,,PB_NIELSEN,AUTOSERVICIOS SCANNING LA PAZ,AUTOSERVICIO_SCANNING,,CONFIRMED,AUTOSERVICIO_SCANNING,
20239265,Autoservicios Scanning Leon,,,,,PB_NIELSEN,AUTOSERVICIOS SCANNING LEON,AUTOSERVICIO_SCANNING,,CONFIRMED,AUTOSERVICIO_SCANNING,
20239211,Autoservicios Scanning Los Cabos,,,,,PB_NIELSEN,AUTOSERVICIOS SCANNING LOS CABOS,AUTOSERVICIO_SCANNING,,CONFIRMED,AUTOSERVICIO_SCANNING,
20239263,Autoservicios Scanning Matamoros,,,,,PB_NIELSEN,AUTOSERVICIOS SCANNING MATAMOROS,AUTOSERVICIO_SCANNING,,CONFIRMED,AUTOSERVICIO_SCANNING,
20239212,Autoservicios Scanning Mazatlan,,,,,PB_NIELSEN,AUTOSERVICIOS SCANNING MAZATLAN,AUTOSERVICIO_SCANNING,,CONFIRMED,AUTOSERVICIO_SCANNING,
20239269,Autoservicios Scanning Merida,,,,,PB_NIELSEN,AUTOSERVICIOS SCANNING MERIDA,AUTOSERVICIO_SCANNING,,CONFIRMED,AUTOSERVICIO_SCANNING,
20239243,Autoservicios Scanning Mexicali,,,,,PB_NIELSEN,AUTOSERVICIOS SCANNING MEXICALI,AUTOSERVICIO_SCANNING,,CONFIRMED,AUTOSERVICIO_SCANNING,
20239248,Autoservicios Scanning Minatitlan,,,,,PB_NIELSEN,AUTOSERVICIOS SCANNING MINATITLAN,AUTOSERVICIO_SCANNING,,CONFIRMED,AUTOSERVICIO_SCANNING,
20239226,Autoservicios Scanning Monclova,,,,,PB_NIELSEN,AUTOSERVICIOS SCANNING MONCLOVA,AUTOSERVICIO_SCANNING,,CONFIRMED,AUTOSERVICIO_SCANNING,
20239178,Autoservicios Scanning Monterrey,,,,,PB_NIELSEN,AUTOSERVICIOS SCANNING MONTERREY,AUTOSERVICIO_SCANNING,,CONFIRMED,AUTOSERVICIO_SCANNING,
20239199,Autoservicios Scanning Morelia,,,,,PB_NIELSEN,AUTOSERVICIOS SCANNING MORELIA,AUTOSERVICIO_SCANNING,,CONFIRMED,AUTOSERVICIO_SCANNING,
20239213,Autoservicios Scanning Nogales,,,,,PB_NIELSEN,AUTOSERVICIOS SCANNING NOGALES,AUTOSERVICIO_SCANNING,,CONFIRMED,AUTOSERVICIO_SCANNING,
20239160,Autoservicios Scanning Nuevo Laredo,,,,,PB_NIELSEN,AUTOSERVICIOS SCANNING NUEVO LAREDO,AUTOSERVICIO_SCANNING,,CONFIRMED,AUTOSERVICIO_SCANNING,
20239249,Autoservicios Scanning Oaxaca,,,,,PB_NIELSEN,AUTOSERVICIOS SCANNING OAXACA,AUTOSERVICIO_SCANNING,,CONFIRMED,AUTOSERVICIO_SCANNING,
20239250,Autoservicios Scanning Orizaba,,,,,PB_NIELSEN,AUTOSERVICIOS SCANNING ORIZABA,AUTOSERVICIO_SCANNING,,CONFIRMED,AUTOSERVICIO_SCANNING,
20239262,Autoservicios Scanning Piedras Negras,,,,,PB_NIELSEN,AUTOSERVICIOS SCANNING PIEDRAS NEGRAS,AUTOSERVICIO_SCANNING,,CONFIRMED,AUTOSERVICIO_SCANNING,
20239251,Autoservicios Scanning Playa del Carmen,,,,,PB_NIELSEN,AUTOSERVICIOS SCANNING PLAYA DEL CARMEN,AUTOSERVICIO_SCANNING,,CONFIRMED,AUTOSERVICIO_SCANNING,
20239283,Autoservicios Scanning Poza Rica,,,,,PB_NIELSEN,AUTOSERVICIOS SCANNING POZA RICA,AUTOSERVICIO_SCANNING,,CONFIRMED,AUTOSERVICIO_SCANNING,
20239284,Autoservicios Scanning Puebla,,,,,PB_NIELSEN,AUTOSERVICIOS SCANNING PUEBLA,AUTOSERVICIO_SCANNING,,CONFIRMED,AUTOSERVICIO_SCANNING,
20239227,Autoservicios Scanning Puerto Vallarta,,,,,PB_NIELSEN,AUTOSERVICIOS SCANNING PUERTO VALLARTA,AUTOSERVICIO_SCANNING,,CONFIRMED,AUTOSERVICIO_SCANNING,
20239215,Autoservicios Scanning Queretaro,,,,,PB_NIELSEN,AUTOSERVICIOS SCANNING QUERETARO,AUTOSERVICIO_SCANNING,,CONFIRMED,AUTOSERVICIO_SCANNING,
20239264,Autoservicios Scanning Reynosa,,,,,PB_NIELSEN,AUTOSERVICIOS SCANNING REYNOSA,AUTOSERVICIO_SCANNING,,CONFIRMED,AUTOSERVICIO_SCANNING,
20239282,Autoservicios Scanning Saltillo,,,,,PB_NIELSEN,AUTOSERVICIOS SCANNING SALTILLO,AUTOSERVICIO_SCANNING,,CONFIRMED,AUTOSERVICIO_SCANNING,
20243230,Autoservicios Scanning San Andres Tuxtla,,,,,PB_NIELSEN,AUTOSERVICIOS SCANNING SAN ANDRES TUXTLA,AUTOSERVICIO_SCANNING,,CONFIRMED,AUTOSERVICIO_SCANNING,
20239161,Autoservicios Scanning San Luis Potosi,,,,,PB_NIELSEN,AUTOSERVICIOS SCANNING SAN LUIS POTOSI,AUTOSERVICIO_SCANNING,,CONFIRMED,AUTOSERVICIO_SCANNING,
20243237,Autoservicios Scanning San Luis Rio Colorado,,,,,PB_NIELSEN,AUTOSERVICIOS SCANNING SAN LUIS RIO COLORADO,AUTOSERVICIO_SCANNING,,CONFIRMED,AUTOSERVICIO_SCANNING,
20239177,Autoservicios Scanning Tampico,,,,,PB_NIELSEN,AUTOSERVICIOS SCANNING TAMPICO,AUTOSERVICIO_SCANNING,,CONFIRMED,AUTOSERVICIO_SCANNING,
20243225,Autoservicios Scanning Tapachula,,,,,PB_NIELSEN,AUTOSERVICIOS SCANNING TAPACHULA,AUTOSERVICIO_SCANNING,,CONFIRMED,AUTOSERVICIO_SCANNING,
20243231,Autoservicios Scanning Tecate,,,,,PB_NIELSEN,AUTOSERVICIOS SCANNING TECATE,AUTOSERVICIO_SCANNING,,CONFIRMED,AUTOSERVICIO_SCANNING,
20239195,Autoservicios Scanning Tepic,,,,,PB_NIELSEN,AUTOSERVICIOS SCANNING TEPIC,AUTOSERVICIO_SCANNING,,CONFIRMED,AUTOSERVICIO_SCANNING,
20239196,Autoservicios Scanning Tijuana,,,,,EDP_NIELSEN,AUTOSERVICIOS SCANNING TIJUANA,AUTOSERVICIO_SCANNING,,CONFIRMED,AUTOSERVICIO_SCANNING,
20239210,Autoservicios Scanning Toluca,,,,,PB_NIELSEN,AUTOSERVICIOS SCANNING TOLUCA,AUTOSERVICIO_SCANNING,,CONFIRMED,AUTOSERVICIO_SCANNING,
20239159,Autoservicios Scanning Torreon,,,,,PB_NIELSEN,AUTOSERVICIOS SCANNING TORREON,AUTOSERVICIO_SCANNING,,CONFIRMED,AUTOSERVICIO_SCANNING,
20239164,Autoservicios Scanning Tuxtla Gutierrez,,,,,PB_NIELSEN,AUTOSERVICIOS SCANNING TUXTLA GUTIERREZ,AUTOSERVICIO_SCANNING,,CONFIRMED,AUTOSERVICIO_SCANNING,
20239246,Autoservicios Scanning Valle de Mexico,,,,,PB_NIELSEN,AUTOSERVICIOS SCANNING VALLE DE MEXICO,AUTOSERVICIO_SCANNING,,CONFIRMED,AUTOSERVICIO_SCANNING,
20239180,Autoservicios Scanning Veracruz,,,,,PB_NIELSEN,AUTOSERVICIOS SCANNING VERACRUZ,AUTOSERVICIO_SCANNING,,CONFIRMED,AUTOSERVICIO_SCANNING,
20239201,Autoservicios Scanning Villahermosa,,,,,PB_NIELSEN,AUTOSERVICIOS SCANNING VILLAHERMOSA,AUTOSERVICIO_SCANNING,,CONFIRMED,AUTOSERVICIO_SCANNING,
20239247,Autoservicios Scanning Xalapa,,,,,PB_NIELSEN,AUTOSERVICIOS SCANNING XALAPA,AUTOSERVICIO_SCANNING,,CONFIRMED,AUTOSERVICIO_SCANNING,
20237446,Autoservicios Surt. Completo Area 1,,,,,EDP_NIELSEN,AUTOSERVICIOS SURT. COMPLETO AREA 1,AUTOSERVICIO_SURTIDO_COMPLETO,,CONFIRMED,AUTOSERVICIO_SURTIDO_COMPLETO,
20237447,Autoservicios Surt. Completo Area 2,,,,,EDP_NIELSEN,AUTOSERVICIOS SURT. COMPLETO AREA 2,AUTOSERVICIO_SURTIDO_COMPLETO,,CONFIRMED,AUTOSERVICIO_SURTIDO_COMPLETO,
20237445,Autoservicios Surt. Completo Area 3,,,,,EDP_NIELSEN,AUTOSERVICIOS SURT. COMPLETO AREA 3,AUTOSERVICIO_SURTIDO_COMPLETO,,CONFIRMED,AUTOSERVICIO_SURTIDO_COMPLETO,
20237443,Autoservicios Surt. Completo Area 4,,,,,EDP_NIELSEN,AUTOSERVICIOS SURT. COMPLETO AREA 4,AUTOSERVICIO_SURTIDO_COMPLETO,,CONFIRMED,AUTOSERVICIO_SURTIDO_COMPLETO,
20237444,Autoservicios Surt. Completo Area 5,,,,,EDP_NIELSEN,AUTOSERVICIOS SURT. COMPLETO AREA 5,AUTOSERVICIO_SURTIDO_COMPLETO,,CONFIRMED,AUTOSERVICIO_SURTIDO_COMPLETO,
20237448,Autoservicios Surt. Completo Area 6,,,,,EDP_NIELSEN,AUTOSERVICIOS SURT. COMPLETO AREA 6,AUTOSERVICIO_SURTIDO_COMPLETO,,CONFIRMED,AUTOSERVICIO_SURTIDO_COMPLETO,
20237184,Autoservicios Surt. Completo Total Mexico,,,,,EDP_NIELSEN,AUTOSERVICIOS SURT. COMPLETO TOTAL MEXICO,AUTOSERVICIO_SURTIDO_COMPLETO,,CONFIRMED,AUTOSERVICIO_SURTIDO_COMPLETO,
20237432,Autoservicios Surt. Esencial Area 1,,,,,EDP_NIELSEN,AUTOSERVICIOS SURT. ESENCIAL AREA 1,AUTOSERVICIO_SURTIDO_ESENCIAL,,CONFIRMED,AUTOSERVICIO_SURTIDO_ESENCIAL,
20237435,Autoservicios Surt. Esencial Area 2,,,,,EDP_NIELSEN,AUTOSERVICIOS SURT. ESENCIAL AREA 2,AUTOSERVICIO_SURTIDO_ESENCIAL,,CONFIRMED,AUTOSERVICIO_SURTIDO_ESENCIAL,
20237431,Autoservicios Surt. Esencial Area 3,,,,,EDP_NIELSEN,AUTOSERVICIOS SURT. ESENCIAL AREA 3,AUTOSERVICIO_SURTIDO_ESENCIAL,,CONFIRMED,AUTOSERVICIO_SURTIDO_ESENCIAL,
20237434,Autoservicios Surt. Esencial Area 4,,,,,EDP_NIELSEN,AUTOSERVICIOS SURT. ESENCIAL AREA 4,AUTOSERVICIO_SURTIDO_ESENCIAL,,CONFIRMED,AUTOSERVICIO_SURTIDO_ESENCIAL,
20237433,Autoservicios Surt. Esencial Area 5,,,,,EDP_NIELSEN,AUTOSERVICIOS SURT. ESENCIAL AREA 5,AUTOSERVICIO_SURTIDO_ESENCIAL,,CONFIRMED,AUTOSERVICIO_SURTIDO_ESENCIAL,
20237436,Autoservicios Surt. Esencial Area 6,,,,,EDP_NIELSEN,AUTOSERVICIOS SURT. ESENCIAL AREA 6,AUTOSERVICIO_SURTIDO_ESENCIAL,,CONFIRMED,AUTOSERVICIO_SURTIDO_ESENCIAL,
20237182,Autoservicios Surt. Esencial Total Mexico,,,,,EDP_NIELSEN,AUTOSERVICIOS SURT. ESENCIAL TOTAL MEXICO,AUTOSERVICIO_SURTIDO_ESENCIAL,,CONFIRMED,AUTOSERVICIO_SURTIDO_ESENCIAL,
20237438,Autoservicios Surt. Extendido Area 1,,,,,EDP_NIELSEN,AUTOSERVICIOS SURT. EXTENDIDO AREA 1,AUTOSERVICIO_SURTIDO_EXTENDIDO,,CONFIRMED,AUTOSERVICIO_SURTIDO_EXTENDIDO,
20237442,Autoservicios Surt. Extendido Area 2,,,,,EDP_NIELSEN,AUTOSERVICIOS SURT. EXTENDIDO AREA 2,AUTOSERVICIO_SURTIDO_EXTENDIDO,,CONFIRMED,AUTOSERVICIO_SURTIDO_EXTENDIDO,
20237440,Autoservicios Surt. Extendido Area 3,,,,,EDP_NIELSEN,AUTOSERVICIOS SURT. EXTENDIDO AREA 3,AUTOSERVICIO_SURTIDO_EXTENDIDO,,CONFIRMED,AUTOSERVICIO_SURTIDO_EXTENDIDO,
20237441,Autoservicios Surt. Extendido Area 4,,,,,EDP_NIELSEN,AUTOSERVICIOS SURT. EXTENDIDO AREA 4,AUTOSERVICIO_SURTIDO_EXTENDIDO,,CONFIRMED,AUTOSERVICIO_SURTIDO_EXTENDIDO,
20237439,Autoservicios Surt. Extendido Area 5,,,,,EDP_NIELSEN,AUTOSERVICIOS SURT. EXTENDIDO AREA 5,AUTOSERVICIO_SURTIDO_EXTENDIDO,,CONFIRMED,AUTOSERVICIO_SURTIDO_EXTENDIDO,
20237437,Autoservicios Surt. Extendido Area 6,,,,,EDP_NIELSEN,AUTOSERVICIOS SURT. EXTENDIDO AREA 6,AUTOSERVICIO_SURTIDO_EXTENDIDO,,CONFIRMED,AUTOSERVICIO_SURTIDO_EXTENDIDO,
20237183,Autoservicios Surt. Extendido Total Mexico,,,,,EDP_NIELSEN,AUTOSERVICIOS SURT. EXTENDIDO TOTAL MEXICO,AUTOSERVICIO_SURTIDO_EXTENDIDO,,CONFIRMED,AUTOSERVICIO_SURTIDO_EXTENDIDO,
20237857,Autoservicios Surtido Completo Area 1_MT,,,,,WATER_RETAIL,AUTOSERVICIOS SURTIDO COMPLETO AREA 1_MT,AUTOSERVICIO_SURTIDO_COMPLETO,,CONFIRMED,AUTOSERVICIO_SURTIDO_COMPLETO,
20237896,Autoservicios Surtido Completo Area 2_MT,,,,,WATER_RETAIL,AUTOSERVICIOS SURTIDO COMPLETO AREA 2_MT,AUTOSERVICIO_SURTIDO_COMPLETO,,CONFIRMED,AUTOSERVICIO_SURTIDO_COMPLETO,
20237877,Autoservicios Surtido Completo Area 3_MT,,,,,WATER_RETAIL,AUTOSERVICIOS SURTIDO COMPLETO AREA 3_MT,AUTOSERVICIO_SURTIDO_COMPLETO,,CONFIRMED,AUTOSERVICIO_SURTIDO_COMPLETO,
20237867,Autoservicios Surtido Completo Area 4_MT,,,,,WATER_RETAIL,AUTOSERVICIOS SURTIDO COMPLETO AREA 4_MT,AUTOSERVICIO_SURTIDO_COMPLETO,,CONFIRMED,AUTOSERVICIO_SURTIDO_COMPLETO,
20237900,Autoservicios Surtido Completo Area 5_MT,,,,,WATER_RETAIL,AUTOSERVICIOS SURTIDO COMPLETO AREA 5_MT,AUTOSERVICIO_SURTIDO_COMPLETO,,CONFIRMED,AUTOSERVICIO_SURTIDO_COMPLETO,
20237880,Autoservicios Surtido Completo Area 6_MT,,,,,WATER_RETAIL,AUTOSERVICIOS SURTIDO COMPLETO AREA 6_MT,AUTOSERVICIO_SURTIDO_COMPLETO,,CONFIRMED,AUTOSERVICIO_SURTIDO_COMPLETO,
20238092,Autoservicios Surtido Completo_MT,,,,,WATER_RETAIL,AUTOSERVICIOS SURTIDO COMPLETO_MT,AUTOSERVICIO_SURTIDO_COMPLETO,,CONFIRMED,AUTOSERVICIO_SURTIDO_COMPLETO,
20237856,Autoservicios Surtido Extendido Area 1_MT,,,,,WATER_RETAIL,AUTOSERVICIOS SURTIDO EXTENDIDO AREA 1_MT,AUTOSERVICIO_SURTIDO_EXTENDIDO,,CONFIRMED,AUTOSERVICIO_SURTIDO_EXTENDIDO,
20237897,Autoservicios Surtido Extendido Area 2_MT,,,,,WATER_RETAIL,AUTOSERVICIOS SURTIDO EXTENDIDO AREA 2_MT,AUTOSERVICIO_SURTIDO_EXTENDIDO,,CONFIRMED,AUTOSERVICIO_SURTIDO_EXTENDIDO,
20237876,Autoservicios Surtido Extendido Area 3_MT,,,,,WATER_RETAIL,AUTOSERVICIOS SURTIDO EXTENDIDO AREA 3_MT,AUTOSERVICIO_SURTIDO_EXTENDIDO,,CONFIRMED,AUTOSERVICIO_SURTIDO_EXTENDIDO,
20237866,Autoservicios Surtido Extendido Area 4_MT,,,,,WATER_RETAIL,AUTOSERVICIOS SURTIDO EXTENDIDO AREA 4_MT,AUTOSERVICIO_SURTIDO_EXTENDIDO,,CONFIRMED,AUTOSERVICIO_SURTIDO_EXTENDIDO,
20237901,Autoservicios Surtido Extendido Area 5_MT,,,,,WATER_RETAIL,AUTOSERVICIOS SURTIDO EXTENDIDO AREA 5_MT,AUTOSERVICIO_SURTIDO_EXTENDIDO,,CONFIRMED,AUTOSERVICIO_SURTIDO_EXTENDIDO,
20237881,Autoservicios Surtido Extendido Area 6_MT,,,,,WATER_RETAIL,AUTOSERVICIOS SURTIDO EXTENDIDO AREA 6_MT,AUTOSERVICIO_SURTIDO_EXTENDIDO,,CONFIRMED,AUTOSERVICIO_SURTIDO_EXTENDIDO,
20238141,Autoservicios Surtido Extendido_MT,,,,,WATER_RETAIL,AUTOSERVICIOS SURTIDO EXTENDIDO_MT,AUTOSERVICIO_SURTIDO_EXTENDIDO,,CONFIRMED,AUTOSERVICIO_SURTIDO_EXTENDIDO,
20268784,Autoservicios Tampico,,,,,EDP_NIELSEN,AUTOSERVICIOS TAMPICO,AUTOSERVICIO,,CONFIRMED,AUTOSERVICIO,
20268768,Autoservicios Tepic,,,,,EDP_NIELSEN,AUTOSERVICIOS TEPIC,AUTOSERVICIO,,CONFIRMED,AUTOSERVICIO,
20268792,Autoservicios Toluca,,,,,EDP_NIELSEN,AUTOSERVICIOS TOLUCA,AUTOSERVICIO,,CONFIRMED,AUTOSERVICIO,
20268814,Autoservicios Torreon,,,,,EDP_NIELSEN,AUTOSERVICIOS TORREON,AUTOSERVICIO,,CONFIRMED,AUTOSERVICIO,
20268762,Autoservicios Tuxtla Gutierrez,,,,,EDP_NIELSEN,AUTOSERVICIOS TUXTLA GUTIERREZ,AUTOSERVICIO,,CONFIRMED,AUTOSERVICIO,
20268775,Autoservicios Veracruz,,,,,EDP_NIELSEN,AUTOSERVICIOS VERACRUZ,AUTOSERVICIO,,CONFIRMED,AUTOSERVICIO,
20268799,Autoservicios Villahermosa,,,,,EDP_NIELSEN,AUTOSERVICIOS VILLAHERMOSA,AUTOSERVICIO,,CONFIRMED,AUTOSERVICIO,
20237848,C. Moderno Area 1_MT,,,,,WATER_RETAIL,C. MODERNO AREA 1_MT,MODERNO_TOTAL,,CONFIRMED,MODERNO_TOTAL,
20237888,C. Moderno Area 2_MT,,,,,WATER_RETAIL,C. MODERNO AREA 2_MT,MODERNO_TOTAL,,CONFIRMED,MODERNO_TOTAL,
20237868,C. Moderno Area 3_MT,,,,,WATER_RETAIL,C. MODERNO AREA 3_MT,MODERNO_TOTAL,,CONFIRMED,MODERNO_TOTAL,
20237858,C. Moderno Area 4_MT,,,,,WATER_RETAIL,C. MODERNO AREA 4_MT,MODERNO_TOTAL,,CONFIRMED,MODERNO_TOTAL,
20237898,C. Moderno Area 5_MT,,,,,WATER_RETAIL,C. MODERNO AREA 5_MT,MODERNO_TOTAL,,CONFIRMED,MODERNO_TOTAL,
20237878,C. Moderno Area 6_MT,,,,,WATER_RETAIL,C. MODERNO AREA 6_MT,MODERNO_TOTAL,,CONFIRMED,MODERNO_TOTAL,
20237847,C. Moderno T. Mexico_MT,,,,,WATER_RETAIL,C. MODERNO T. MEXICO_MT,MODERNO_TOTAL,,CONFIRMED,MODERNO_TOTAL,
20237869,C. Proximidad Area 3_MT,,,,,WATER_RETAIL,C. PROXIMIDAD AREA 3_MT,PROXIMIDAD,,CONFIRMED,PROXIMIDAD,
20237902,C. Proximidad Area 5_MT,,,,,WATER_RETAIL,C. PROXIMIDAD AREA 5_MT,PROXIMIDAD,,CONFIRMED,PROXIMIDAD,
20237908,C. Proximidad Total Mexico_MT,,,,,WATER_RETAIL,C. PROXIMIDAD TOTAL MEXICO_MT,PROXIMIDAD,,CONFIRMED,PROXIMIDAD,
20266776,Canal Moderno Area 1,,,,,EDP_NIELSEN,CANAL MODERNO AREA 1,MODERNO_TOTAL,,CONFIRMED,MODERNO_TOTAL,
20266772,Canal Moderno Area 2,,,,,EDP_NIELSEN,CANAL MODERNO AREA 2,MODERNO_TOTAL,,CONFIRMED,MODERNO_TOTAL,
20266775,Canal Moderno Area 2.1 Continental,,,,,EDP_NIELSEN,CANAL MODERNO AREA 2.1 CONTINENTAL,MODERNO_TOTAL,,CONFIRMED,MODERNO_TOTAL,
20266780,Canal Moderno Area 2.2 Golfo,,,,,EDP_NIELSEN,CANAL MODERNO AREA 2.2 GOLFO,MODERNO_TOTAL,,CONFIRMED,MODERNO_TOTAL,
20266770,Canal Moderno Area 3,,,,,EDP_NIELSEN,CANAL MODERNO AREA 3,MODERNO_TOTAL,,CONFIRMED,MODERNO_TOTAL,
20266779,Canal Moderno Area 4,,,,,EDP_NIELSEN,CANAL MODERNO AREA 4,MODERNO_TOTAL,,CONFIRMED,MODERNO_TOTAL,
20266774,Canal Moderno Area 5,,,,,EDP_NIELSEN,CANAL MODERNO AREA 5,MODERNO_TOTAL,,CONFIRMED,MODERNO_TOTAL,
20266773,Canal Moderno Area 6,,,,,EDP_NIELSEN,CANAL MODERNO AREA 6,MODERNO_TOTAL,,CONFIRMED,MODERNO_TOTAL,
20266778,Canal Moderno Area 6.1 Peninsula,,,,,EDP_NIELSEN,CANAL MODERNO AREA 6.1 PENINSULA,MODERNO_TOTAL,,CONFIRMED,MODERNO_TOTAL,
20266777,Canal Moderno Area 6.2 Sur,,,,,EDP_NIELSEN,CANAL MODERNO AREA 6.2 SUR,MODERNO_TOTAL,,CONFIRMED,MODERNO_TOTAL,
20266681,Canal Moderno Guadalajara,,,,,EDP_NIELSEN,CANAL MODERNO GUADALAJARA,MODERNO_TOTAL,,CONFIRMED,MODERNO_TOTAL,
20266655,Canal Moderno Monterrey,,,,,EDP_NIELSEN,CANAL MODERNO MONTERREY,MODERNO_TOTAL,,CONFIRMED,MODERNO_TOTAL,
20266771,Canal Moderno Total Mexico,,,,,EDP_NIELSEN,CANAL MODERNO TOTAL MEXICO,MODERNO_TOTAL,,CONFIRMED,MODERNO_TOTAL,
20264562,Canal Tradicional _Area 1,,,,,EDP_NIELSEN,CANAL TRADICIONAL _AREA 1,TRADICIONAL,,CONFIRMED,TRADICIONAL,
20264566,Canal Tradicional _Area 2,,,,,EDP_NIELSEN,CANAL TRADICIONAL _AREA 2,TRADICIONAL,,CONFIRMED,TRADICIONAL,
20264599,Canal Tradicional _Area 2.1 Continental,,,,,EDP_NIELSEN,CANAL TRADICIONAL _AREA 2.1 CONTINENTAL,TRADICIONAL,,CONFIRMED,TRADICIONAL,
20264595,Canal Tradicional _Area 2.2 Golfo,,,,,EDP_NIELSEN,CANAL TRADICIONAL _AREA 2.2 GOLFO,TRADICIONAL,,CONFIRMED,TRADICIONAL,
20264551,Canal Tradicional _Area 3,,,,,EDP_NIELSEN,CANAL TRADICIONAL _AREA 3,TRADICIONAL,,CONFIRMED,TRADICIONAL,
20264574,Canal Tradicional _Area 4,,,,,EDP_NIELSEN,CANAL TRADICIONAL _AREA 4,TRADICIONAL,,CONFIRMED,TRADICIONAL,
20264579,Canal Tradicional _Area 5,,,,,EDP_NIELSEN,CANAL TRADICIONAL _AREA 5,TRADICIONAL,,CONFIRMED,TRADICIONAL,
20264556,Canal Tradicional _Area 6,,,,,EDP_NIELSEN,CANAL TRADICIONAL _AREA 6,TRADICIONAL,,CONFIRMED,TRADICIONAL,
20264546,Canal Tradicional _Area 6.1 Peninsula,,,,,EDP_NIELSEN,CANAL TRADICIONAL _AREA 6.1 PENINSULA,TRADICIONAL,,CONFIRMED,TRADICIONAL,
20264543,Canal Tradicional _Area 6.2 Sur,,,,,EDP_NIELSEN,CANAL TRADICIONAL _AREA 6.2 SUR,TRADICIONAL,,CONFIRMED,TRADICIONAL,
20264552,Canal Tradicional _Guadalajara,,,,,EDP_NIELSEN,CANAL TRADICIONAL _GUADALAJARA,TRADICIONAL,,CONFIRMED,TRADICIONAL,
20264589,Canal Tradicional _Guadalajara Zona 1,,,,,EDP_NIELSEN,CANAL TRADICIONAL _GUADALAJARA ZONA 1,TRADICIONAL,,CONFIRMED,TRADICIONAL,
20264591,Canal Tradicional _Guadalajara Zona 2,,,,,EDP_NIELSEN,CANAL TRADICIONAL _GUADALAJARA ZONA 2,TRADICIONAL,,CONFIRMED,TRADICIONAL,
20264590,Canal Tradicional _Guadalajara Zona 3,,,,,EDP_NIELSEN,CANAL TRADICIONAL _GUADALAJARA ZONA 3,TRADICIONAL,,CONFIRMED,TRADICIONAL,
20264568,Canal Tradicional _Juarez,,,,,EDP_NIELSEN,CANAL TRADICIONAL _JUAREZ,TRADICIONAL,,CONFIRMED,TRADICIONAL,
20264554,Canal Tradicional _Leon,,,,,EDP_NIELSEN,CANAL TRADICIONAL _LEON,TRADICIONAL,,CONFIRMED,TRADICIONAL,
20264559,Canal Tradicional _Merida,,,,,EDP_NIELSEN,CANAL TRADICIONAL _MERIDA,TRADICIONAL,,CONFIRMED,TRADICIONAL,
20264563,Canal Tradicional _Mexicali,,,,,EDP_NIELSEN,CANAL TRADICIONAL _MEXICALI,TRADICIONAL,,CONFIRMED,TRADICIONAL,
20264571,Canal Tradicional _Monterrey,,,,,EDP_NIELSEN,CANAL TRADICIONAL _MONTERREY,TRADICIONAL,,CONFIRMED,TRADICIONAL,
20264537,Canal Tradicional _Monterrey Zona 1,,,,,EDP_NIELSEN,CANAL TRADICIONAL _MONTERREY ZONA 1,TRADICIONAL,,CONFIRMED,TRADICIONAL,
20264538,Canal Tradicional _Monterrey Zona 2,,,,,EDP_NIELSEN,CANAL TRADICIONAL _MONTERREY ZONA 2,TRADICIONAL,,CONFIRMED,TRADICIONAL,
20264536,Canal Tradicional _Monterrey Zona 3,,,,,EDP_NIELSEN,CANAL TRADICIONAL _MONTERREY ZONA 3,TRADICIONAL,,CONFIRMED,TRADICIONAL,
20264553,Canal Tradicional _Morelia,,,,,EDP_NIELSEN,CANAL TRADICIONAL _MORELIA,TRADICIONAL,,CONFIRMED,TRADICIONAL,
20264576,Canal Tradicional _Puebla,,,,,EDP_NIELSEN,CANAL TRADICIONAL _PUEBLA,TRADICIONAL,,CONFIRMED,TRADICIONAL,
20264577,Canal Tradicional _Queretaro,,,,,EDP_NIELSEN,CANAL TRADICIONAL _QUERETARO,TRADICIONAL,,CONFIRMED,TRADICIONAL,
20264570,Canal Tradicional _San Luis Potosi,,,,,EDP_NIELSEN,CANAL TRADICIONAL _SAN LUIS POTOSI,TRADICIONAL,,CONFIRMED,TRADICIONAL,
20264564,Canal Tradicional _Tijuana,,,,,EDP_NIELSEN,CANAL TRADICIONAL _TIJUANA,TRADICIONAL,,CONFIRMED,TRADICIONAL,
20264575,Canal Tradicional _Toluca,,,,,EDP_NIELSEN,CANAL TRADICIONAL _TOLUCA,TRADICIONAL,,CONFIRMED,TRADICIONAL,
20264569,Canal Tradicional _Torreon,,,,,EDP_NIELSEN,CANAL TRADICIONAL _TORREON,TRADICIONAL,,CONFIRMED,TRADICIONAL,
20264550,Canal Tradicional _Total Mexico,,,,,EDP_NIELSEN,CANAL TRADICIONAL _TOTAL MEXICO,TRADICIONAL,,CONFIRMED,TRADICIONAL,
20264587,Canal Tradicional _Vdm Zona 1,,,,,EDP_NIELSEN,CANAL TRADICIONAL _VDM ZONA 1,TRADICIONAL,,CONFIRMED,TRADICIONAL,
20264585,Canal Tradicional _Vdm Zona 2,,,,,EDP_NIELSEN,CANAL TRADICIONAL _VDM ZONA 2,TRADICIONAL,,CONFIRMED,TRADICIONAL,
20264584,Canal Tradicional _Vdm Zona 3,,,,,EDP_NIELSEN,CANAL TRADICIONAL _VDM ZONA 3,TRADICIONAL,,CONFIRMED,TRADICIONAL,
20264586,Canal Tradicional _Vdm Zona 4,,,,,EDP_NIELSEN,CANAL TRADICIONAL _VDM ZONA 4,TRADICIONAL,,CONFIRMED,TRADICIONAL,
20264560,Canal Tradicional _Veracruz,,,,,EDP_NIELSEN,CANAL TRADICIONAL _VERACRUZ,TRADICIONAL,,CONFIRMED,TRADICIONAL,
20264558,Canal Tradicional _Villahermosa,,,,,EDP_NIELSEN,CANAL TRADICIONAL _VILLAHERMOSA,TRADICIONAL,,CONFIRMED,TRADICIONAL,
20237875,Grandes Cadenas De Autoservicio Area 3_MT,,,,,WATER_RETAIL,GRANDES CADENAS DE AUTOSERVICIO AREA 3_MT,GRANDES_CADENAS_AUTOSERVICIO,,CONFIRMED,GRANDES_CADENAS_AUTOSERVICIO,
20237899,Grandes Cadenas De Autoservicio Area 5_MT,,,,,WATER_RETAIL,GRANDES CADENAS DE AUTOSERVICIO AREA 5_MT,GRANDES_CADENAS_AUTOSERVICIO,,CONFIRMED,GRANDES_CADENAS_AUTOSERVICIO,
20249288,Grandes Cadenas De Autoservicio Guadalajara_MT,,,,,WATER_RETAIL,GRANDES CADENAS DE AUTOSERVICIO GUADALAJARA_MT,GRANDES_CADENAS_AUTOSERVICIO,,CONFIRMED,GRANDES_CADENAS_AUTOSERVICIO,
20249297,Grandes Cadenas De Autoservicio Monterrey_MT,,,,,WATER_RETAIL,GRANDES CADENAS DE AUTOSERVICIO MONTERREY_MT,GRANDES_CADENAS_AUTOSERVICIO,,CONFIRMED,GRANDES_CADENAS_AUTOSERVICIO,
20237915,Grandes Cadenas De Autoservicio_MT,,,,,WATER_RETAIL,GRANDES CADENAS DE AUTOSERVICIO_MT,GRANDES_CADENAS_AUTOSERVICIO,,CONFIRMED,GRANDES_CADENAS_AUTOSERVICIO,
20112802,MX TOTAL TRADICIONAL,,,,,WATER_RETAIL,MX TOTAL TRADICIONAL,TRADICIONAL,,CONFIRMED,TRADICIONAL,
20249336,Moderno Guadalajara_MT,,,,,WATER_RETAIL,MODERNO GUADALAJARA_MT,MODERNO_TOTAL,,CONFIRMED,MODERNO_TOTAL,
20249324,Moderno Monterrey_MT,,,,,WATER_RETAIL,MODERNO MONTERREY_MT,MODERNO_TOTAL,,CONFIRMED,MODERNO_TOTAL,
20249276,Proximidad Guadalajara_MT,,,,,WATER_RETAIL,PROXIMIDAD GUADALAJARA_MT,PROXIMIDAD,,CONFIRMED,PROXIMIDAD,
20249271,Proximidad Monterrey_MT,,,,,WATER_RETAIL,PROXIMIDAD MONTERREY_MT,PROXIMIDAD,,CONFIRMED,PROXIMIDAD,
20241723,T. Pais Mexico_MT,,,,,WATER_RETAIL,T. PAIS MEXICO_MT,TOTAL_MERCADO,,CONFIRMED,TOTAL_MERCADO,
20266787,TDC + Farmacias Cad + Hard Discounters Area 2,,,,,EDP_NIELSEN,TDC + FARMACIAS CAD + HARD DISCOUNTERS AREA 2,TDC_FARMACIAS_HARD_DISCOUNTERS,,CONFIRMED,TDC_FARMACIAS_HARD_DISCOUNTERS,
20266782,TDC + Farmacias Cad + Hard Discounters Area 3,,,,,EDP_NIELSEN,TDC + FARMACIAS CAD + HARD DISCOUNTERS AREA 3,TDC_FARMACIAS_HARD_DISCOUNTERS,,CONFIRMED,TDC_FARMACIAS_HARD_DISCOUNTERS,
20266789,TDC + Farmacias Cad + Hard Discounters Area 4,,,,,EDP_NIELSEN,TDC + FARMACIAS CAD + HARD DISCOUNTERS AREA 4,TDC_FARMACIAS_HARD_DISCOUNTERS,,CONFIRMED,TDC_FARMACIAS_HARD_DISCOUNTERS,
20266788,TDC + Farmacias Cad + Hard Discounters Area 6,,,,,EDP_NIELSEN,TDC + FARMACIAS CAD + HARD DISCOUNTERS AREA 6,TDC_FARMACIAS_HARD_DISCOUNTERS,,CONFIRMED,TDC_FARMACIAS_HARD_DISCOUNTERS,
20266670,TDC + Farmacias Cad + Hard Discounters Guadalajara,,,,,EDP_NIELSEN,TDC + FARMACIAS CAD + HARD DISCOUNTERS GUADALAJARA,TDC_FARMACIAS_HARD_DISCOUNTERS,,CONFIRMED,TDC_FARMACIAS_HARD_DISCOUNTERS,
20266680,TDC + Farmacias Cad + Hard Discounters Monterrey,,,,,EDP_NIELSEN,TDC + FARMACIAS CAD + HARD DISCOUNTERS MONTERREY,TDC_FARMACIAS_HARD_DISCOUNTERS,,CONFIRMED,TDC_FARMACIAS_HARD_DISCOUNTERS,
20266781,TDC + Farmacias Cad + Hard Discounters Total Mexico,,,,,EDP_NIELSEN,TDC + FARMACIAS CAD + HARD DISCOUNTERS TOTAL MEXICO,TDC_FARMACIAS_HARD_DISCOUNTERS,,CONFIRMED,TDC_FARMACIAS_HARD_DISCOUNTERS,
1163742,TOTAL AUTOS AREA 1 + AREA 2,,,,,PB_NIELSEN,TOTAL AUTOS AREA 1 + AREA 2,AUTOSERVICIO,,CONFIRMED,AUTOSERVICIO,
1163706,TOTAL AUTOS AREA 3 - AREA 6,,,,,PB_NIELSEN,TOTAL AUTOS AREA 3 - AREA 6,AUTOSERVICIO,,CONFIRMED,AUTOSERVICIO,
1163705,TOTAL AUTOS SCANNING MEXICO,,,,,PB_NIELSEN,TOTAL AUTOS SCANNING MEXICO,AUTOSERVICIO_SCANNING,,CONFIRMED,AUTOSERVICIO_SCANNING,
20113042,TRADICIONAL AREA I,,,,,WATER_RETAIL,TRADICIONAL AREA I,TRADICIONAL,,CONFIRMED,TRADICIONAL,
20113053,TRADICIONAL AREA II,,,,,WATER_RETAIL,TRADICIONAL AREA II,TRADICIONAL,,CONFIRMED,TRADICIONAL,
20113060,TRADICIONAL AREA III,,,,,WATER_RETAIL,TRADICIONAL AREA III,TRADICIONAL,,CONFIRMED,TRADICIONAL,
20113034,TRADICIONAL AREA IV,,,,,WATER_RETAIL,TRADICIONAL AREA IV,TRADICIONAL,,CONFIRMED,TRADICIONAL,
20113040,TRADICIONAL AREA V,,,,,WATER_RETAIL,TRADICIONAL AREA V,TRADICIONAL,,CONFIRMED,TRADICIONAL,
20113047,TRADICIONAL AREA VI,,,,,WATER_RETAIL,TRADICIONAL AREA VI,TRADICIONAL,,CONFIRMED,TRADICIONAL,
20113066,TRADICIONAL GUADALAJARA,,,,,WATER_RETAIL,TRADICIONAL GUADALAJARA,TRADICIONAL,,CONFIRMED,TRADICIONAL,
20113057,TRADICIONAL JUAREZ,,,,,WATER_RETAIL,TRADICIONAL JUAREZ,TRADICIONAL,,CONFIRMED,TRADICIONAL,
20113061,TRADICIONAL LEON,,,,,WATER_RETAIL,TRADICIONAL LEON,TRADICIONAL,,CONFIRMED,TRADICIONAL,
20224408,TRADICIONAL MERIDA.,,,,,WATER_RETAIL,TRADICIONAL MERIDA.,TRADICIONAL,,CONFIRMED,TRADICIONAL,
20113045,TRADICIONAL MEXICALI,,,,,WATER_RETAIL,TRADICIONAL MEXICALI,TRADICIONAL,,CONFIRMED,TRADICIONAL,
20113601,TRADICIONAL MEXICO GRANDES,,,,,WATER_RETAIL,TRADICIONAL MEXICO GRANDES,TRADICIONAL_GRANDES_MINISUPERS,,CONFIRMED,TRADICIONAL_GRANDES_MINISUPERS,
20113599,TRADICIONAL MEXICO PEQUENAS,,,,,WATER_RETAIL,TRADICIONAL MEXICO PEQUENAS,TRADICIONAL_PEQUENAS_ESTANQUILLOS,,CONFIRMED,TRADICIONAL_PEQUENAS_ESTANQUILLOS,
20113055,TRADICIONAL MONTERREY,,,,,WATER_RETAIL,TRADICIONAL MONTERREY,TRADICIONAL,,CONFIRMED,TRADICIONAL,
20113064,TRADICIONAL MORELIA,,,,,WATER_RETAIL,TRADICIONAL MORELIA,TRADICIONAL,,CONFIRMED,TRADICIONAL,
20113036,TRADICIONAL PUEBLA,,,,,WATER_RETAIL,TRADICIONAL PUEBLA,TRADICIONAL,,CONFIRMED,TRADICIONAL,
20113039,TRADICIONAL QUERETARO,,,,,WATER_RETAIL,TRADICIONAL QUERETARO,TRADICIONAL,,CONFIRMED,TRADICIONAL,
20113046,TRADICIONAL TIJUANA,,,,,WATER_RETAIL,TRADICIONAL TIJUANA,TRADICIONAL,,CONFIRMED,TRADICIONAL,
20224410,TRADICIONAL TOLUCA.,,,,,WATER_RETAIL,TRADICIONAL TOLUCA.,TRADICIONAL,,CONFIRMED,TRADICIONAL,
20113054,TRADICIONAL TORREON,,,,,WATER_RETAIL,TRADICIONAL TORREON,TRADICIONAL,,CONFIRMED,TRADICIONAL,
20154532,TRADICIONAL VDM,,,,,WATER_RETAIL,TRADICIONAL VDM,TRADICIONAL,,CONFIRMED,TRADICIONAL,
20224402,TRADICIONAL VDM ZONA I,,,,,WATER_RETAIL,TRADICIONAL VDM ZONA I,TRADICIONAL,,CONFIRMED,TRADICIONAL,
20224405,TRADICIONAL VDM ZONA II,,,,,WATER_RETAIL,TRADICIONAL VDM ZONA II,TRADICIONAL,,CONFIRMED,TRADICIONAL,
20224404,TRADICIONAL VDM ZONA III,,,,,WATER_RETAIL,TRADICIONAL VDM ZONA III,TRADICIONAL,,CONFIRMED,TRADICIONAL,
20224403,TRADICIONAL VDM ZONA IV,,,,,WATER_RETAIL,TRADICIONAL VDM ZONA IV,TRADICIONAL,,CONFIRMED,TRADICIONAL,
20224820,TRADICIONAL VERACRUZ.,,,,,WATER_RETAIL,TRADICIONAL VERACRUZ.,TRADICIONAL,,CONFIRMED,TRADICIONAL,
20113052,TRADICIONAL VILLAHERMOSA,,,,,WATER_RETAIL,TRADICIONAL VILLAHERMOSA,TRADICIONAL,,CONFIRMED,TRADICIONAL,
1220900,TRADICIONALES GRANDES Y MINISUPERS TOTAL MEXICO,,,,,WATER_RETAIL,TRADICIONALES GRANDES Y MINISUPERS TOTAL MEXICO,TRADICIONAL_GRANDES_MINISUPERS,,CONFIRMED,TRADICIONAL_GRANDES_MINISUPERS,
1220897,TRADICIONALES PEQUENAS Y ESTANQUILLOS TOTAL MEXICO,,,,,WATER_RETAIL,TRADICIONALES PEQUENAS Y ESTANQUILLOS TOTAL MEXICO,TRADICIONAL_PEQUENAS_ESTANQUILLOS,,CONFIRMED,TRADICIONAL_PEQUENAS_ESTANQUILLOS,
20141656,TRADICONAL MEXICO GDE,,,,,WATER_RETAIL,TRADICONAL MEXICO GDE,TRADICIONAL_GRANDES_MINISUPERS,,CONFIRMED,TRADICIONAL_GRANDES_MINISUPERS,
20241678,Total Area III_MT,,,,,WATER_RETAIL,TOTAL AREA III_MT,TOTAL_MERCADO,,CONFIRMED,TOTAL_MERCADO,
20241647,Total Area II_MT,,,,,WATER_RETAIL,TOTAL AREA II_MT,TOTAL_MERCADO,,CONFIRMED,TOTAL_MERCADO,
20241730,Total Area IV_MT,,,,,WATER_RETAIL,TOTAL AREA IV_MT,TOTAL_MERCADO,,CONFIRMED,TOTAL_MERCADO,
20241677,Total Area I_MT,,,,,WATER_RETAIL,TOTAL AREA I_MT,TOTAL_MERCADO,,CONFIRMED,TOTAL_MERCADO,
20241693,Total Area VI_MT,,,,,WATER_RETAIL,TOTAL AREA VI_MT,TOTAL_MERCADO,,CONFIRMED,TOTAL_MERCADO,
20241713,Total Area V_MT,,,,,WATER_RETAIL,TOTAL AREA V_MT,TOTAL_MERCADO,,CONFIRMED,TOTAL_MERCADO,
1163720,Total Autos Acapulco,,,,,PB_NIELSEN,TOTAL AUTOS ACAPULCO,AUTOSERVICIO,,CONFIRMED,AUTOSERVICIO,
1163710,Total Autos Aguascalientes,,,,,PB_NIELSEN,TOTAL AUTOS AGUASCALIENTES,AUTOSERVICIO,,CONFIRMED,AUTOSERVICIO,
1163743,Total Autos Area 1,,,,,PB_NIELSEN,TOTAL AUTOS AREA 1,AUTOSERVICIO,,CONFIRMED,AUTOSERVICIO,
1163760,Total Autos Area 2,,,,,PB_NIELSEN,TOTAL AUTOS AREA 2,AUTOSERVICIO,,CONFIRMED,AUTOSERVICIO,
1163709,Total Autos Area 3,,,,,PB_NIELSEN,TOTAL AUTOS AREA 3,AUTOSERVICIO,,CONFIRMED,AUTOSERVICIO,
1163718,Total Autos Area 4,,,,,PB_NIELSEN,TOTAL AUTOS AREA 4,AUTOSERVICIO,,CONFIRMED,AUTOSERVICIO,
1163707,Total Autos Area 5,,,,,PB_NIELSEN,TOTAL AUTOS AREA 5,AUTOSERVICIO,,CONFIRMED,AUTOSERVICIO,
1163725,Total Autos Area 6,,,,,PB_NIELSEN,TOTAL AUTOS AREA 6,AUTOSERVICIO,,CONFIRMED,AUTOSERVICIO,
1163749,Total Autos Baja California,,,,,PB_NIELSEN,TOTAL AUTOS BAJA CALIFORNIA,AUTOSERVICIO,,CONFIRMED,AUTOSERVICIO,
20244946,Total Autos Baja California_MT,,,,,PB_NIELSEN,TOTAL AUTOS BAJA CALIFORNIA_MT,AUTOSERVICIO,,CONFIRMED,AUTOSERVICIO,
1163736,Total Autos Campeche,,,,,PB_NIELSEN,TOTAL AUTOS CAMPECHE,AUTOSERVICIO,,CONFIRMED,AUTOSERVICIO,
1163734,Total Autos Cancun,,,,,PB_NIELSEN,TOTAL AUTOS CANCUN,AUTOSERVICIO,,CONFIRMED,AUTOSERVICIO,
1163773,Total Autos Cd. Cuauhtemoc,,,,,PB_NIELSEN,TOTAL AUTOS CD. CUAUHTEMOC,AUTOSERVICIO,,CONFIRMED,AUTOSERVICIO,
20244977,Total Autos Cd. Cuauhtemoc_MT,,,,,PB_NIELSEN,TOTAL AUTOS CD. CUAUHTEMOC_MT,AUTOSERVICIO,,CONFIRMED,AUTOSERVICIO,
1163732,Total Autos Cd. Del Carmen,,,,,PB_NIELSEN,TOTAL AUTOS CD. DEL CARMEN,AUTOSERVICIO,,CONFIRMED,AUTOSERVICIO,
20244992,Total Autos Cd. Del Carmen_MT,,,,,PB_NIELSEN,TOTAL AUTOS CD. DEL CARMEN_MT,AUTOSERVICIO,,CONFIRMED,AUTOSERVICIO,
1163746,Total Autos Cd. Obregon,,,,,PB_NIELSEN,TOTAL AUTOS CD. OBREGON,AUTOSERVICIO,,CONFIRMED,AUTOSERVICIO,
20244958,Total Autos Cd. Obregon_MT,,,,,PB_NIELSEN,TOTAL AUTOS CD. OBREGON_MT,AUTOSERVICIO,,CONFIRMED,AUTOSERVICIO,
1163775,Total Autos Cd. Valles,,,,,PB_NIELSEN,TOTAL AUTOS CD. VALLES,AUTOSERVICIO,,CONFIRMED,AUTOSERVICIO,
20244967,Total Autos Cd. Valles_MT,,,,,PB_NIELSEN,TOTAL AUTOS CD. VALLES_MT,AUTOSERVICIO,,CONFIRMED,AUTOSERVICIO,
1163765,Total Autos Chihuahua,,,,,PB_NIELSEN,TOTAL AUTOS CHIHUAHUA,AUTOSERVICIO,,CONFIRMED,AUTOSERVICIO,
1163726,Total Autos Coatzacoalcos,,,,,PB_NIELSEN,TOTAL AUTOS COATZACOALCOS,AUTOSERVICIO,,CONFIRMED,AUTOSERVICIO,
1163722,Total Autos Cuernavaca,,,,,PB_NIELSEN,TOTAL AUTOS CUERNAVACA,AUTOSERVICIO,,CONFIRMED,AUTOSERVICIO,
1163755,Total Autos Culiacan,,,,,PB_NIELSEN,TOTAL AUTOS CULIACAN,AUTOSERVICIO,,CONFIRMED,AUTOSERVICIO,
1163768,Total Autos Durango,,,,,PB_NIELSEN,TOTAL AUTOS DURANGO,AUTOSERVICIO,,CONFIRMED,AUTOSERVICIO,
1163751,Total Autos Ensenada,,,,,PB_NIELSEN,TOTAL AUTOS ENSENADA,AUTOSERVICIO,,CONFIRMED,AUTOSERVICIO,
1163713,Total Autos Guadalajara,,,,,PB_NIELSEN,TOTAL AUTOS GUADALAJARA,AUTOSERVICIO,,CONFIRMED,AUTOSERVICIO,
1163754,Total Autos Guaymas,,,,,PB_NIELSEN,TOTAL AUTOS GUAYMAS,AUTOSERVICIO,,CONFIRMED,AUTOSERVICIO,
20244957,Total Autos Guaymas_MT,,,,,PB_NIELSEN,TOTAL AUTOS GUAYMAS_MT,AUTOSERVICIO,,CONFIRMED,AUTOSERVICIO,
1163748,Total Autos Hermosillo,,,,,PB_NIELSEN,TOTAL AUTOS HERMOSILLO,AUTOSERVICIO,,CONFIRMED,AUTOSERVICIO,
1163714,Total Autos Irapuato,,,,,PB_NIELSEN,TOTAL AUTOS IRAPUATO,AUTOSERVICIO,,CONFIRMED,AUTOSERVICIO,
1163733,Total Autos Jalapa,,,,,PB_NIELSEN,TOTAL AUTOS JALAPA,AUTOSERVICIO,,CONFIRMED,AUTOSERVICIO,
1163744,Total Autos La Paz,,,,,PB_NIELSEN,TOTAL AUTOS LA PAZ,AUTOSERVICIO,,CONFIRMED,AUTOSERVICIO,
1163716,Total Autos Leon,,,,,PB_NIELSEN,TOTAL AUTOS LEON,AUTOSERVICIO,,CONFIRMED,AUTOSERVICIO,
1163764,Total Autos Matamoros,,,,,PB_NIELSEN,TOTAL AUTOS MATAMOROS,AUTOSERVICIO,,CONFIRMED,AUTOSERVICIO,
1163747,Total Autos Mazatlan,,,,,PB_NIELSEN,TOTAL AUTOS MAZATLAN,AUTOSERVICIO,,CONFIRMED,AUTOSERVICIO,
1163731,Total Autos Merida,,,,,PB_NIELSEN,TOTAL AUTOS MERIDA,AUTOSERVICIO,,CONFIRMED,AUTOSERVICIO,
1163750,Total Autos Mexicali,,,,,PB_NIELSEN,TOTAL AUTOS MEXICALI,AUTOSERVICIO,,CONFIRMED,AUTOSERVICIO,
1163769,Total Autos Monterrey,,,,,PB_NIELSEN,TOTAL AUTOS MONTERREY,AUTOSERVICIO,,CONFIRMED,AUTOSERVICIO,
1163715,Total Autos Morelia,,,,,PB_NIELSEN,TOTAL AUTOS MORELIA,AUTOSERVICIO,,CONFIRMED,AUTOSERVICIO,
1163774,Total Autos Nuevo Laredo,,,,,PB_NIELSEN,TOTAL AUTOS NUEVO LAREDO,AUTOSERVICIO,,CONFIRMED,AUTOSERVICIO,
1163735,Total Autos Oaxaca,,,,,PB_NIELSEN,TOTAL AUTOS OAXACA,AUTOSERVICIO,,CONFIRMED,AUTOSERVICIO,
1163729,Total Autos Orizaba,,,,,PB_NIELSEN,TOTAL AUTOS ORIZABA,AUTOSERVICIO,,CONFIRMED,AUTOSERVICIO,
1163770,Total Autos Parral + Camargo,,,,,PB_NIELSEN,TOTAL AUTOS PARRAL + CAMARGO,AUTOSERVICIO,,CONFIRMED,AUTOSERVICIO,
20244978,Total Autos Parral + Camargo_MT,,,,,PB_NIELSEN,TOTAL AUTOS PARRAL + CAMARGO_MT,AUTOSERVICIO,,CONFIRMED,AUTOSERVICIO,
1163738,Total Autos Playa Del Carmen,,,,,PB_NIELSEN,TOTAL AUTOS PLAYA DEL CARMEN,AUTOSERVICIO,,CONFIRMED,AUTOSERVICIO,
1163724,Total Autos Poza Rica,,,,,PB_NIELSEN,TOTAL AUTOS POZA RICA,AUTOSERVICIO,,CONFIRMED,AUTOSERVICIO,
20244985,Total Autos Poza Rica_MT,,,,,PB_NIELSEN,TOTAL AUTOS POZA RICA_MT,AUTOSERVICIO,,CONFIRMED,AUTOSERVICIO,
1163721,Total Autos Puebla,,,,,PB_NIELSEN,TOTAL AUTOS PUEBLA,AUTOSERVICIO,,CONFIRMED,AUTOSERVICIO,
1163712,Total Autos Puerto Vallarta,,,,,PB_NIELSEN,TOTAL AUTOS PUERTO VALLARTA,AUTOSERVICIO,,CONFIRMED,AUTOSERVICIO,
1163723,Total Autos Queretaro,,,,,PB_NIELSEN,TOTAL AUTOS QUERETARO,AUTOSERVICIO,,CONFIRMED,AUTOSERVICIO,
1163762,Total Autos Saltillo,,,,,PB_NIELSEN,TOTAL AUTOS SALTILLO,AUTOSERVICIO,,CONFIRMED,AUTOSERVICIO,
1163730,Total Autos San Andres Tuxtla,,,,,PB_NIELSEN,TOTAL AUTOS SAN ANDRES TUXTLA,AUTOSERVICIO,,CONFIRMED,AUTOSERVICIO,
20245008,Total Autos San Andres Tuxtla_MT,,,,,PB_NIELSEN,TOTAL AUTOS SAN ANDRES TUXTLA_MT,AUTOSERVICIO,,CONFIRMED,AUTOSERVICIO,
1163776,Total Autos San Luis Potosi,,,,,PB_NIELSEN,TOTAL AUTOS SAN LUIS POTOSI,AUTOSERVICIO,,CONFIRMED,AUTOSERVICIO,
1163757,Total Autos San Luis Rio Colorado,,,,,PB_NIELSEN,TOTAL AUTOS SAN LUIS RIO COLORADO,AUTOSERVICIO,,CONFIRMED,AUTOSERVICIO,
20244950,Total Autos San Luis Rio Colorado_MT,,,,,PB_NIELSEN,TOTAL AUTOS SAN LUIS RIO COLORADO_MT,AUTOSERVICIO,,CONFIRMED,AUTOSERVICIO,
1163761,Total Autos Tampico,,,,,PB_NIELSEN,TOTAL AUTOS TAMPICO,AUTOSERVICIO,,CONFIRMED,AUTOSERVICIO,
1163739,Total Autos Tapachula,,,,,PB_NIELSEN,TOTAL AUTOS TAPACHULA,AUTOSERVICIO,,CONFIRMED,AUTOSERVICIO,
20244993,Total Autos Tapachula_MT,,,,,PB_NIELSEN,TOTAL AUTOS TAPACHULA_MT,AUTOSERVICIO,,CONFIRMED,AUTOSERVICIO,
1163756,Total Autos Tecate,,,,,PB_NIELSEN,TOTAL AUTOS TECATE,AUTOSERVICIO,,CONFIRMED,AUTOSERVICIO,
20244956,Total Autos Tecate_MT,,,,,PB_NIELSEN,TOTAL AUTOS TECATE_MT,AUTOSERVICIO,,CONFIRMED,AUTOSERVICIO,
1163758,Total Autos Tepic,,,,,PB_NIELSEN,TOTAL AUTOS TEPIC,AUTOSERVICIO,,CONFIRMED,AUTOSERVICIO,
1163752,Total Autos Tijuana,,,,,PB_NIELSEN,TOTAL AUTOS TIJUANA,AUTOSERVICIO,,CONFIRMED,AUTOSERVICIO,
1163719,Total Autos Toluca,,,,,PB_NIELSEN,TOTAL AUTOS TOLUCA,AUTOSERVICIO,,CONFIRMED,AUTOSERVICIO,
20244984,Total Autos Toluca_MT,,,,,PB_NIELSEN,TOTAL AUTOS TOLUCA_MT,AUTOSERVICIO,,CONFIRMED,AUTOSERVICIO,
1163772,Total Autos Torreon,,,,,PB_NIELSEN,TOTAL AUTOS TORREON,AUTOSERVICIO,,CONFIRMED,AUTOSERVICIO,
1163737,Total Autos Tuxtla Gutierrez,,,,,PB_NIELSEN,TOTAL AUTOS TUXTLA GUTIERREZ,AUTOSERVICIO,,CONFIRMED,AUTOSERVICIO,
1163708,Total Autos VDM,,,,,PB_NIELSEN,TOTAL AUTOS VDM,AUTOSERVICIO,,CONFIRMED,AUTOSERVICIO,
1163740,Total Autos Veracruz,,,,,PB_NIELSEN,TOTAL AUTOS VERACRUZ,AUTOSERVICIO,,CONFIRMED,AUTOSERVICIO,
1163727,Total Autos Villahermosa,,,,,PB_NIELSEN,TOTAL AUTOS VILLAHERMOSA,AUTOSERVICIO,,CONFIRMED,AUTOSERVICIO,
20249489,Total Guadalajara_MT,,,,,WATER_RETAIL,TOTAL GUADALAJARA_MT,TOTAL_MERCADO,,CONFIRMED,TOTAL_MERCADO,
20249523,Total Monterrey_MT,,,,,WATER_RETAIL,TOTAL MONTERREY_MT,TOTAL_MERCADO,,CONFIRMED,TOTAL_MERCADO,
20266803,Total _Area 1,,,,,EDP_NIELSEN,TOTAL _AREA 1,TOTAL_MERCADO,,CONFIRMED,TOTAL_MERCADO,
20266804,Total _Area 2,,,,,EDP_NIELSEN,TOTAL _AREA 2,TOTAL_MERCADO,,CONFIRMED,TOTAL_MERCADO,
20266809,Total _Area 2.1 Continental,,,,,EDP_NIELSEN,TOTAL _AREA 2.1 CONTINENTAL,TOTAL_MERCADO,,CONFIRMED,TOTAL_MERCADO,
20266808,Total _Area 2.2 Golfo,,,,,EDP_NIELSEN,TOTAL _AREA 2.2 GOLFO,TOTAL_MERCADO,,CONFIRMED,TOTAL_MERCADO,
20266799,Total _Area 3,,,,,EDP_NIELSEN,TOTAL _AREA 3,TOTAL_MERCADO,,CONFIRMED,TOTAL_MERCADO,
20266800,Total _Area 4,,,,,EDP_NIELSEN,TOTAL _AREA 4,TOTAL_MERCADO,,CONFIRMED,TOTAL_MERCADO,
20266806,Total _Area 5,,,,,EDP_NIELSEN,TOTAL _AREA 5,TOTAL_MERCADO,,CONFIRMED,TOTAL_MERCADO,
20266807,Total _Area 6,,,,,EDP_NIELSEN,TOTAL _AREA 6,TOTAL_MERCADO,,CONFIRMED,TOTAL_MERCADO,
20266836,Total _Area 6.1 Peninsula,,,,,EDP_NIELSEN,TOTAL _AREA 6.1 PENINSULA,TOTAL_MERCADO,,CONFIRMED,TOTAL_MERCADO,
20266837,Total _Area 6.2 Sur,,,,,EDP_NIELSEN,TOTAL _AREA 6.2 SUR,TOTAL_MERCADO,,CONFIRMED,TOTAL_MERCADO,
20266801,Total _Guadalajara,,,,,EDP_NIELSEN,TOTAL _GUADALAJARA,TOTAL_MERCADO,,CONFIRMED,TOTAL_MERCADO,
20266805,Total _Mexico,,,,,EDP_NIELSEN,TOTAL _MEXICO,TOTAL_MERCADO,,CONFIRMED,TOTAL_MERCADO,
20266802,Total _Monterrey,,,,,EDP_NIELSEN,TOTAL _MONTERREY,TOTAL_MERCADO,,CONFIRMED,TOTAL_MERCADO,
20264593,Tradicionales Grandes Y Minisupers _Total Mexico,,,,,EDP_NIELSEN,TRADICIONALES GRANDES Y MINISUPERS _TOTAL MEXICO,TRADICIONAL_GRANDES_MINISUPERS,,CONFIRMED,TRADICIONAL_GRANDES_MINISUPERS,
20264592,Tradicionales Pequenas _Total Mexico,,,,,EDP_NIELSEN,TRADICIONALES PEQUENAS _TOTAL MEXICO,TRADICIONAL_PEQUENAS_ESTANQUILLOS,,CONFIRMED,TRADICIONAL_PEQUENAS_ESTANQUILLOS,
