INT_ID,IMPORT_ID,SO_NAME,SO_BRAND,CBU_ID,match_priority,match_method,match_confidence,review_status
75810400824,7581040082,BONAFONT JUIZZY LIMON 1000MLX06MPI TC144,AGUAS FRESCAS,2,3,UNMATCHED,0.0,NEEDS_REVIEW
25293003965,25293003965,SILK YOGURT DE ALMENDRAS SABOR A FRESA,SILK,1,3,UNMATCHED,0.0,NEEDS_REVIEW
758104000623,75810400062,BEBIDA MANZANA MEDITERRANEA 1.5 LT BONAFONT LEVITE,LEVITE,3,3,UNMATCHED,0.0,NEEDS_REVIEW
40009575756,40009575756,BONAFONT ENV AGUA ENVASES BONAFONT ENVASE 20LT 40009575756,BEC,2,3,UNMATCHED,0.0,NEEDS_REVIEW
40009575697,40009575697,BONAFONT ENV AGUA ENVASES BONAFONT ENVASE 20LT 40009575697,BEC,3,3,UNMATCHED,0.0,NEEDS_REVIEW
7581041000159,7581041000159,BONAFONT IND 1.5 LT 18L,BONAFONT,2,3,UNMATCHED,0.0,NEEDS_REVIEW
36632011060,3663201106,109133 LT N FIT GRI PYQSOFRSCHO 5OZ 142G 119180,VITALINEA,1,3,UNMATCHED,0.0,NEEDS_REVIEW
758104000227,75810400022,AGUA NATURAL / BONAFONT / NATURAL / 1PZ / 1.5LT / 1.5L,BONAFONT,3,3,UNMATCHED,0.0,NEEDS_REVIEW
2114892454,2114892454,COMBO OIKOS FRESA + DEL VALLE JUGO MANGO,OIKOS,1,3,UNMATCHED,0.0,NEEDS_REVIEW
25293600911,2529360091,SILK SOYA VANILA 946ML 128243,SILK,1,3,UNMATCHED,0.0,NEEDS_REVIEW
75810400660,7581040066,AGUA NATURAL / BONAFONT / NATURAL / 12PZ / 1.2LT / 14.4LT,BONAFONT,2,3,UNMATCHED,0.0,NEEDS_REVIEW
75810400421,75810400421,AGUA NATURAL / EVIAN / NATURAL / 4PZ / 1LT / 4LT,EVIAN,2,3,UNMATCHED,0.0,NEEDS_REVIEW
75810402993,7581040299,AGUA SABOR / JUIZZY / MANGO / 0.500 L / 6 PZ / 3 L,AGUAS FRESCAS,3,3,UNMATCHED,0.0,NEEDS_REVIEW
40009530578,4000953057,BONAFONT ENVASE 20L 40009530578,BEC,2,3,UNMATCHED,0.0,NEEDS_REVIEW
31200021151,31200021151,OCEAN SPRAY ARANDANO DESHIDRATADO ENCHILADO,OCEAN SPRAY,1,3,UNMATCHED,0.0,NEEDS_REVIEW
2114892455,2114892455,COMBO OIKOS NATURAL + DEL VALLE JUGO DE DURAZNO,OIKOS,1,3,UNMATCHED,0.0,NEEDS_REVIEW
31200610355,3120061035,OCEAN SPRAY ARANDANO GRANADA 1LT,OCEAN SPRAY,1,3,UNMATCHED,0.0,NEEDS_REVIEW
2114918592,2114918592,6 X BONAFONT AGUA NATURAL,BONAFONT,2,3,UNMATCHED,0.0,NEEDS_REVIEW
758104003587,75810400358,AGUA BOTELLA 12.0 LT,BONAFONT,3,3,UNMATCHED,0.0,NEEDS_REVIEW
75810400803,75810400803,6/950ML BNF,BONAFONT,2,3,UNMATCHED,0.0,NEEDS_REVIEW
75810400725,75810400725,AGUA SABOR / BONAFONT KIDS / SURTIDO / 0.300 L Kids / 24 PZ / 7.2 L,BONAFONT KIDS,2,3,UNMATCHED,0.0,NEEDS_REVIEW
41220406043,41220406043,levite agua alcalina,LEVITE,3,3,UNMATCHED,0.0,NEEDS_REVIEW
750103000000,750103000000,Basura SAMS 750103000000,INACTIVO,1,3,UNMATCHED,0.0,NEEDS_REVIEW
31200023032,31200023032,OCEAN SPRAY ARANDANO FRAMBUESA 1/12P/1LT,OCEAN SPRAY,1,3,UNMATCHED,0.0,NEEDS_REVIEW
75810400655,75810400655,AGUA SABOR / JUIZZY / SURTIDO / 12PZ / 1LT / 12LT,JUIZZY,2,3,UNMATCHED,0.0,NEEDS_REVIEW
758104005284,75810400528,AGUA NATURAL / BONAFONT / NATURAL / 6PZ / 0.5LT / 3LTS,BONAFONT,2,3,UNMATCHED,0.0,NEEDS_REVIEW
40009511725,4000951172,AGUA ENVASES BONAFONT 40009511725,BEC,3,3,UNMATCHED,0.0,NEEDS_REVIEW
758104003488,75810400348,AGUA NATURAL / BONAFONT / NATURAL / 2PZ / 1LT / 2LT RETO,BONAFONT,2,3,UNMATCHED,0.0,NEEDS_REVIEW
1563818896,1563818896,2 x levite agua infusionada con fresa 1l,BONAFONT,3,3,UNMATCHED,0.0,NEEDS_REVIEW
1563818859,1563818859,2 x bonafont aguas frescas naranja 1l,BONAFONT,2,3,UNMATCHED,0.0,NEEDS_REVIEW
758104000227,75810400022,AGUA NATURAL / BONAFONT / NATURAL / 1PZ / 1.5LT / 1.5L,BONAFONT,2,3,UNMATCHED,0.0,NEEDS_REVIEW
758104000401,75810400040,AGUA MINERAL / BONAFONT MINERALIZADA / 1PZ / 0.355LT / 0.355LT,BONAFONT MINERAL,3,3,UNMATCHED,0.0,NEEDS_REVIEW
758104003112,75810400311,AGUA SABOR/BON C/JUGO LONCHERA/SURTIDO/ 6PZ /0.500LT /3LTmulti,JUIZZY,2,3,UNMATCHED,0.0,NEEDS_REVIEW
 758104008957, 758104008957,Bonafont Natural 500ml x 20,BONAFONT,2,3,UNMATCHED,0.0,NEEDS_REVIEW
2115036733,2115036733,2 X BONAFONT AGUA NATURAL 1 L,BONAFONT,2,3,UNMATCHED,0.0,NEEDS_REVIEW
2113777202,2113777202,2 X SILK ALM VAINILLA 946 ML,SILK,1,3,UNMATCHED,0.0,NEEDS_REVIEW
311344,311344,BASURA SAMS 6/500ML BFT C/JUGO,JUIZZY,2,3,UNMATCHED,0.0,NEEDS_REVIEW
36632037374,3663203737,81490 LT N FIT GRI COCO TOST 5.3OZ 150G 119140,VITALINEA,1,3,UNMATCHED,0.0,NEEDS_REVIEW
758104001828,75810400182,NATURAL / BONAFONT / NATURAL / 1.5 L / 1 PZ / 1.5 L,BONAFONT,3,3,UNMATCHED,0.0,NEEDS_REVIEW
36632037534,3663203753,85204 LT N FIT GRI PY QUE FR 5.3OZ 150G 119139,VITALINEA,1,3,UNMATCHED,0.0,NEEDS_REVIEW
2113174627,2113174627,COMBO UNIC NARANJA S/P/SPRAY ARANDANO/ARANDANO CLASSIC LIGAT,OCEAN SPRAY,1,3,UNMATCHED,0.0,NEEDS_REVIEW
20758104005721,20758104005721,AGUA NATURAL CON SABOR PINA COCO 600MLX12PK 144,LEVITE,3,3,UNMATCHED,0.0,NEEDS_REVIEW
7929800011,792980001,AGUA NATURAL / EVIAN / NATURAL / 24PZ / 0.33LT / 7.92LT,EVIAN,3,3,UNMATCHED,0.0,NEEDS_REVIEW
75810400854,75810400854,12/1LT BNF LEVITE PEP-LIM/FRUT-ROJOS,LEVITE,2,3,UNMATCHED,0.0,NEEDS_REVIEW
1075810400257,1075810400257,AGUA SABOR / BONAFONT C/JUGO / NARANJA / 1PZ / 0.5LT / .5L,JUIZZY,2,3,UNMATCHED,0.0,NEEDS_REVIEW
40009575690,40009575690,BONAFONT ENV AGUA ENVASES BONAFONT ENVASE 20LT 40009575690,BEC,3,3,UNMATCHED,0.0,NEEDS_REVIEW
7504701,7504701,AGUA SABOR / BONAFONT C/JUGO / FRESA / 1PZ / 0.3LT / 0.3LTS,BONAFONT KIDS,2,3,UNMATCHED,0.0,NEEDS_REVIEW
758104005215,75810400521,Envase 11L Bonafont,BEC,3,3,UNMATCHED,0.0,NEEDS_REVIEW
1563221997,1563221997,levite bonafont juizzy agua piña x2,JUIZZY,2,3,UNMATCHED,0.0,NEEDS_REVIEW
758104000401,75810400040,AGUA MINERAL / BONAFONT MINERALIZADA / 1PZ / 0.355LT / 0.355LT,BONAFONT MINERAL,2,3,UNMATCHED,0.0,NEEDS_REVIEW
400095429784,40009542978,BONAFONT AGUA NATURAL NATURAL 20 LT GARR F,BEC,2,3,UNMATCHED,0.0,NEEDS_REVIEW
7874208461,7874208461,AGUA NATURAL / MEMBERS MARK / 18PZ / 1LT / 18LT,OTROS,3,3,UNMATCHED,0.0,NEEDS_REVIEW
376760,376760,BASURA SAMS 6/600ML AGUA MINERAL,BONAFONT,3,3,UNMATCHED,0.0,NEEDS_REVIEW
999991707631,999991707631,BONAFONT AGUA NATURAL NATURAL 11 LT GARR Z,BONAFONT,3,3,UNMATCHED,0.0,NEEDS_REVIEW
40009575756,40009575756,BONAFONT ENV AGUA ENVASES BONAFONT ENVASE 20LT 40009575756,BEC,3,3,UNMATCHED,0.0,NEEDS_REVIEW
758104007332,75810400733,AGUA SABOR / LEVITE / LIMON CHIA / 0.400 L / 1 PZ / 0.4 L,LEVITE,3,3,UNMATCHED,0.0,NEEDS_REVIEW
758104003617,75810400361,AGUA SABOR / LEVITE / SURTIDO / 6PZ / multi1.5LT / 9LT,LEVITE,3,3,UNMATCHED,0.0,NEEDS_REVIEW
758104001446,75810400144,Bonafont MP 6 x 1 L,BONAFONT,2,3,UNMATCHED,0.0,NEEDS_REVIEW
1563818869,1563818869,2 x levite agua infusionada sabor a pepino limon,LEVITE,3,3,UNMATCHED,0.0,NEEDS_REVIEW
25293002913,2529300291,SILK ALM VAIN S/A 5676ML (6X946) PLAN 60,SILK,1,3,UNMATCHED,0.0,NEEDS_REVIEW
79298510096,79298510096,EVIAN AGUA DE MANANTIAL NATURAL AGUA CON BALANCE UNICO DE MINERALES FILTRADA NATURALMENTE,EVIAN,3,3,UNMATCHED,0.0,NEEDS_REVIEW
75810400578,7581040057,AGUA SABOR / BONAFONT C/JUGO / SURTIDO / 24PZ / 0.3LT / 7.2LT Chupon,BONAFONT KIDS,2,3,UNMATCHED,0.0,NEEDS_REVIEW
758104000135,75810400013,AGUA NATURAL / BONAFONT / NATURAL / 24PZ / 0.33LT / 7.9L,BONAFONT,3,3,UNMATCHED,0.0,NEEDS_REVIEW
980002839,98000283,12/1.5 LT LEVITE FRESA,LEVITE,3,3,UNMATCHED,0.0,NEEDS_REVIEW
758104000715,75810400071,AGUA SABOR / LEVITE / LIMON / 1PZ / 0.75LT / 0.75LT,LEVITE,3,3,UNMATCHED,0.0,NEEDS_REVIEW
40009579419,40009579419,BONAFONT ENV AGUA ENVASES BONAFONT ENVASE 20LT 40009579419,BEC,3,3,UNMATCHED,0.0,NEEDS_REVIEW
758104001910,75810400191,Bipack Levite 2 x 1.5 L mas PROD BELL,LEVITE,2,3,UNMATCHED,0.0,NEEDS_REVIEW
758104001644,75810400164,AGUA SABOR / LEVITE CLASICA / JAMAICA / 6PZ / 0.5LT / 3LT,LEVITE,2,3,UNMATCHED,0.0,NEEDS_REVIEW
758104000845,75810400084,BEBIDA TORONJA MAUI 750 ML BONAFONT LEVITE,LEVITE,3,3,UNMATCHED,0.0,NEEDS_REVIEW
750179162651,750179162651,AGUA GV 1.5 LT,OTROS,3,3,UNMATCHED,0.0,NEEDS_REVIEW
40009542950,4000954295,BONAFONT ENVASE 20LT 40009542950,BEC,2,3,UNMATCHED,0.0,NEEDS_REVIEW
147002,147002,BASURA SAMS 6/500ML AGUA,BONAFONT,2,3,UNMATCHED,0.0,NEEDS_REVIEW
7501032312138,750103231213,DANONINO BANANA 180G (4X45G)  66293,DANONINO,1,3,UNMATCHED,0.0,NEEDS_REVIEW
17563,17563,Bonafont 11lts envase,BEC,3,3,UNMATCHED,0.0,NEEDS_REVIEW
75810400422,75810400422,AGUA SABOR / BONAFONT C/JUGO / SURTIDO / 6PZAS / 0.3LT /1.8,BONAFONT KIDS,2,3,UNMATCHED,0.0,NEEDS_REVIEW
40009575733,40009575733,BONAFONT ENV AGUA ENVASES BONAFONT ENVASE 20LT 40009575733,BEC,2,3,UNMATCHED,0.0,NEEDS_REVIEW
2113173644,2113173644,OIKOS YOGURT GRIEGO NATURAL ENDULZADO,OIKOS,1,3,UNMATCHED,0.0,NEEDS_REVIEW
2114975646,2114975646,3 X OIKOS YOGHURT GRIEGO COCO RALLADO,OIKOS,1,3,UNMATCHED,0.0,NEEDS_REVIEW
75810400580,7581040058,AGUA SABOR / BONAFONT C/ JUGO / SURTIDO / 12PZ / 0.6LT / 7.2LT,JUIZZY,2,3,UNMATCHED,0.0,NEEDS_REVIEW
2000118560654,2000118560654,BONAFONT 24 PACK 600 ML,BONAFONT,3,3,UNMATCHED,0.0,NEEDS_REVIEW
0041271009705,004127100970,DELIGHT PUMKIN SPICE (946ml) 12CT,DELIGHT,1,3,UNMATCHED,0.0,NEEDS_REVIEW
40009575697,40009575697,BONAFONT ENV AGUA ENVASES BONAFONT ENVASE 20LT 40009575697,BEC,2,3,UNMATCHED,0.0,NEEDS_REVIEW
7503021651037,7503021651037,Hielo Bolsa 4.5 kg,BONAFONT,2,3,UNMATCHED,0.0,NEEDS_REVIEW
7501022019009,750102201900,BASURA SORIANA 7501022019009,OTROS,2,3,UNMATCHED,0.0,NEEDS_REVIEW
1563818898,1563818898,2 x levite agua infusionada sandia limon 1l,LEVITE,2,3,UNMATCHED,0.0,NEEDS_REVIEW
2113464387,2113464387,2 X Bonafont Juizzy Tamarindo,JUIZZY,2,3,UNMATCHED,0.0,NEEDS_REVIEW
75810400667,75810400667,AGUA SABOR / LEVITE / SURTIDO / 11 PZ / 1 L / 11 L,LEVITE,2,3,UNMATCHED,0.0,NEEDS_REVIEW
10000075061675,1000007506167,AGUA SABOR / BONAFONT KIDS / MANZANA / 24PZ / 7.2LT,BONAFONT KIDS,3,3,UNMATCHED,0.0,NEEDS_REVIEW
79298000177,7929800017,AGUA NATURAL / EVIAN / NATURAL / 6PZ / 0.330LT / 1.98 LT,EVIAN,2,3,UNMATCHED,0.0,NEEDS_REVIEW
-99,-99,REGISTRO FALSO,NA,3,3,UNMATCHED,0.0,NEEDS_REVIEW
25293001367,25293001367,LECHE DE ALMENDRAS SILK VAINILLA SIN AZUCAR 1.8 L,SILK,1,3,UNMATCHED,0.0,NEEDS_REVIEW
75810400603,7581040060,LEVITE MIX 12/1LT LEVITE,LEVITE,2,3,UNMATCHED,0.0,NEEDS_REVIEW
750179162482,750179162482,AGUA GV 1 LT,OTROS,3,3,UNMATCHED,0.0,NEEDS_REVIEW
252930024254,252930024254,Alimento liquido sabor coco/almendras 1.89 l,SILK,1,3,UNMATCHED,0.0,NEEDS_REVIEW
758104003730,75810400373,AGUA SABOR / BONAFONT C/JUGO / SURTIDO / 8PZ / 0.3LT / 2.4LT,BONAFONT KIDS,2,3,UNMATCHED,0.0,NEEDS_REVIEW
7503003535591,750300353559,BOMBA DE AGUA A PRESION BONAFONT,BEC,3,3,UNMATCHED,0.0,NEEDS_REVIEW
1563818808,1563818808,2 X BONAFONT AGUAS FRESCAS DE SANDIA 1L,BONAFONT,2,3,UNMATCHED,0.0,NEEDS_REVIEW
2115015978,2115015978,3 X DANETTE NATILLA VAINILLA 100 G,DANETTE,1,3,UNMATCHED,0.0,NEEDS_REVIEW
2114892451,2114892451,COMBO CHIP S SAL + OIKOS NATURAL,OIKOS,1,3,UNMATCHED,0.0,NEEDS_REVIEW
758104001828,75810400182,NATURAL / BONAFONT / NATURAL / 1.5 L / 1 PZ / 1.5 L,BONAFONT,2,3,UNMATCHED,0.0,NEEDS_REVIEW
980036082,98003608,AGUA NATURAL / INFINIT / NATURAL / 6PZ / 0.950LT /5.7LT.,INFINIT WATER,3,3,UNMATCHED,0.0,NEEDS_REVIEW
758104003655,75810400365,AGUA NATURAL / BONAFONT / NATURAL / 6PZ / 1.5LT / 9LTMAS RELOJ,BONAFONT,3,3,UNMATCHED,0.0,NEEDS_REVIEW
40009579426,40009579426,BONAFONT ENV AGUA ENVASES BONAFONT ENVASE 20LT 40009579426,BEC,3,3,UNMATCHED,0.0,NEEDS_REVIEW
25293003675,2529300367,SILK ALM ORIGINAL 190ML,SILK,1,3,UNMATCHED,0.0,NEEDS_REVIEW
40009555542,40009555542,BONAFONT ENV AGUA ENVASES BONAFONT ENVASE 20LT 40009555542,BEC,3,3,UNMATCHED,0.0,NEEDS_REVIEW
1563818852,1563818852,2 x levite agua infusionada con frutos rojos 1l,LEVITE,2,3,UNMATCHED,0.0,NEEDS_REVIEW
61521,61521,BASURA SAMS 12/1.5LT AGUA,EVIAN,2,3,UNMATCHED,0.0,NEEDS_REVIEW
1563818869,1563818869,2 x levite agua infusionada sabor a pepino limon,LEVITE,2,3,UNMATCHED,0.0,NEEDS_REVIEW
75810400776,75810400776,NATURAL / BONAFONT / NATURAL / 0.500 L / 18 PZ / 9 L,BONAFONT,3,3,UNMATCHED,0.0,NEEDS_REVIEW
705682,705682,agua bonafont 6 l x 2,BONAFONT,2,3,UNMATCHED,0.0,NEEDS_REVIEW
79298400465,79298400465,EVIAN AGUA DE MANANTIAL NATURAL EN BOTELLA DE VIDRIO AGUA CON BALANCE UNICO DE MINERALES ,EVIAN,3,3,UNMATCHED,0.0,NEEDS_REVIEW
758104003624,75810400362,AGUA SABOR / LEVITE / BI PACK / 2PZ / 1.5LT / 3 LT,LEVITE,3,3,UNMATCHED,0.0,NEEDS_REVIEW
1563885841,1563885841,2 X BONAFONT JUIZZY PINA,JUIZZY,2,3,UNMATCHED,0.0,NEEDS_REVIEW
10000075061675,1000007506167,AGUA SABOR / BONAFONT KIDS / MANZANA / 24PZ / 7.2LT,BONAFONT KIDS,2,3,UNMATCHED,0.0,NEEDS_REVIEW
758104003624,75810400362,AGUA SABOR / LEVITE / BI PACK / 2PZ / 1.5LT / 3 LT,LEVITE,2,3,UNMATCHED,0.0,NEEDS_REVIEW
1563222003,1563222003,bonafont juizzy bonafont bebida x2,JUIZZY,2,3,UNMATCHED,0.0,NEEDS_REVIEW
75810400587,75810400587,AGUA SABOR / LEVITE CLASICA / SURTIDO / 6PZ / 0.6LT / 3.6LT,LEVITE,3,3,UNMATCHED,0.0,NEEDS_REVIEW
7503003535614,750300353561,SET REFRACTARIOS BONAFONT VERDE/NARANJA,BEC,3,3,UNMATCHED,0.0,NEEDS_REVIEW
79298400441,79298400441,EVIAN EVIAN AGUA NATURAL 750 MILILITROS 12 PACK,EVIAN,3,3,UNMATCHED,0.0,NEEDS_REVIEW
75810400357,75810400357,AGUA NATURAL / BONAFONT / NATURA / 1PZ / 0.5LT / 0.5LT,BONAFONT,2,3,UNMATCHED,0.0,NEEDS_REVIEW
1563885905,1563885905,2 X BONAFONT AGUA P PET,BONAFONT,3,3,UNMATCHED,0.0,NEEDS_REVIEW
20758104005721,20758104005721,AGUA NATURAL CON SABOR PINA COCO 600MLX12PK 144,LEVITE,2,3,UNMATCHED,0.0,NEEDS_REVIEW
36632010155,3663201015,107220 DANIMALS ALGODON AZUCR 4X4OZ 453G 119183,DANONINO,1,3,UNMATCHED,0.0,NEEDS_REVIEW
17581040015693,17581040015693,AGUA NATURAL / BONAFONT / NATURAL / 6PZ / 1.5LT / 9 LT,BONAFONT,2,3,UNMATCHED,0.0,NEEDS_REVIEW
758104003617,75810400361,AGUA SABOR / LEVITE / SURTIDO / 6PZ / multi1.5LT / 9LT,LEVITE,2,3,UNMATCHED,0.0,NEEDS_REVIEW
750644310891,750644310891,OIKOS COCO ORIGINAL 670G,OIKOS,1,3,UNMATCHED,0.0,NEEDS_REVIEW
25293600898,2529360089,SILK SOYA ORGANICA SIN ENDULZ 946ML 128244,SILK,1,3,UNMATCHED,0.0,NEEDS_REVIEW
75810400357,75810400357,AGUA NATURAL / BONAFONT / NATURA / 1PZ / 0.5LT / 0.5LT,BONAFONT,3,3,UNMATCHED,0.0,NEEDS_REVIEW
40009575690,40009575690,BONAFONT ENV AGUA ENVASES BONAFONT ENVASE 20LT 40009575690,BEC,2,3,UNMATCHED,0.0,NEEDS_REVIEW
758104002962,75810400296,AGUA SABOR / BONAFONT C/JUGO / JAMAICA / 6PZ / 0.5LT / 3L,JUIZZY,3,3,UNMATCHED,0.0,NEEDS_REVIEW
2114975647,2114975647,3 X OIKOS YOGHURT GRIEGO NATURAL,OIKOS,1,3,UNMATCHED,0.0,NEEDS_REVIEW
758104000562,75810400056,AGUA DE SABOR NARANJA DURAZNO 330 ML MAGIC,BONAFONT,3,3,UNMATCHED,0.0,NEEDS_REVIEW
61525,61525,BASURA SAMS 12PZ/1.5LTS AGUA,BONAFONT,2,3,UNMATCHED,0.0,NEEDS_REVIEW
1563818890,1563818890,2 X BONAFONT AGUAS FRESCAS DE UVA 1L,BONAFONT,3,3,UNMATCHED,0.0,NEEDS_REVIEW
2000030715781,200003071578,NATURAL / BONAFONT / NATURAL / 20 L / 1 PZ / 20 L,BEC,2,3,UNMATCHED,0.0,NEEDS_REVIEW
758104003730,75810400373,AGUA SABOR / BONAFONT C/JUGO / SURTIDO / 8PZ / 0.3LT / 2.4LT,BONAFONT KIDS,3,3,UNMATCHED,0.0,NEEDS_REVIEW
2115036734,2115036734,2 X BONAFONT AGUA NATURAL 2 L,BONAFONT,3,3,UNMATCHED,0.0,NEEDS_REVIEW
758104007332,75810400733,AGUA SABOR / LEVITE / LIMON CHIA / 0.400 L / 1 PZ / 0.4 L,LEVITE,2,3,UNMATCHED,0.0,NEEDS_REVIEW
758104003686,75810400368,AGUA SABOR / JUIZZY / SURTIDO / 1.5 L / 1 PAL / 1080 L,JUIZZY,3,3,UNMATCHED,0.0,NEEDS_REVIEW
758104003990,75810400399,AGUA SABOR / LEVITE / SURTIDO / 0.500 L / 1 PAL / 576 L,LEVITE,2,3,UNMATCHED,0.0,NEEDS_REVIEW
1563818890,1563818890,2 X BONAFONT AGUAS FRESCAS DE UVA 1L,BONAFONT,2,3,UNMATCHED,0.0,NEEDS_REVIEW
1563818822,1563818822,2 x bonafont aguas frescas piña 1l,BONAFONT,2,3,UNMATCHED,0.0,NEEDS_REVIEW
758104001644,75810400164,AGUA SABOR / LEVITE CLASICA / JAMAICA / 6PZ / 0.5LT / 3LT,LEVITE,3,3,UNMATCHED,0.0,NEEDS_REVIEW
732976284473,732976284473,EVIAN AGUA NATURAL 1 LITRO 12 PACK,EVIAN,2,3,UNMATCHED,0.0,NEEDS_REVIEW
750644310709,75064431070,SILK ALM CAL S/AZUCAR 5676ML(6X946ML) JR,SILK,1,3,UNMATCHED,0.0,NEEDS_REVIEW
40009575763,40009575763,BONAFONT ENV AGUA ENVASES BONAFONT ENVASE 20LT 40009575763,BEC,2,3,UNMATCHED,0.0,NEEDS_REVIEW
75810400685,75810400685,NATURAL / BONAFONT / NATURAL / 0.950 L / 1 PZ / 0.95 L,BONAFONT,3,3,UNMATCHED,0.0,NEEDS_REVIEW
7503003535492,750300353549,BONAFONT TERMO VARIEDAD DISENOS 1LT,BEC,3,3,UNMATCHED,0.0,NEEDS_REVIEW
40009509075,4000950907,AGA PUREZA BIDONES 40009509075,PUREZA AGA,3,3,UNMATCHED,0.0,NEEDS_REVIEW
1750810400356,175081040035,LEVITE COCO PINA 12/1.5 LT LEVITE,LEVITE,2,3,UNMATCHED,0.0,NEEDS_REVIEW
750644310818,75064431081,HERSHEYS CHOCOLATE 4800ML (24X200ML),HERSHEYS,1,3,UNMATCHED,0.0,NEEDS_REVIEW
2114918592,2114918592,6 X BONAFONT AGUA NATURAL,BONAFONT,3,3,UNMATCHED,0.0,NEEDS_REVIEW
75810400659,75810400659,AGUA SABOR / JUIZZY / SURTIDO / 0.300 L / 24 PZ / 7.2 L,JUIZZY,3,3,UNMATCHED,0.0,NEEDS_REVIEW
750114340001,750114340001,AGUA BIDONES AGA LIQUIDO 20L,BEC,2,3,UNMATCHED,0.0,NEEDS_REVIEW
40009575718,40009575718,BONAFONT ENV AGUA ENVASES BONAFONT ENVASE 20LT 40009575718,BEC,3,3,UNMATCHED,0.0,NEEDS_REVIEW
40009545678,4000954567,ENVASE BONAFONT 11 L 40009545678,BEC,3,3,UNMATCHED,0.0,NEEDS_REVIEW
75810400548,75810400548,AGUA SABOR / BONAFONT C/JUGO / SURTIDO / 8PZ / 1LT / 8LT,JUIZZY,3,3,UNMATCHED,0.0,NEEDS_REVIEW
41271025644,4127102564,DELIGHT BOTELLA VAINILLA FRAN 946ML (1067G) 12CT,DELIGHT,1,3,UNMATCHED,0.0,NEEDS_REVIEW
758104000838,75810400083,BEBIDA BRISA JAMAICA 750 ML BONAFONT LEVITE,LEVITE,2,3,UNMATCHED,0.0,NEEDS_REVIEW
75810400530,75810400530,AGUA NATURAL / PUREZA AGA / NATURAL / 6PZ / 1LT / 6LT Multi,PUREZA AGA,3,3,UNMATCHED,0.0,NEEDS_REVIEW
7501032399146 ,750103239914,DANONINO MFL 420G (10X42G) WALMART,DANONINO,1,3,UNMATCHED,0.0,NEEDS_REVIEW
31200016454,3120001645,OCEAN SPRAY ARANDANO 1LT PINK,OCEAN SPRAY,1,3,UNMATCHED,0.0,NEEDS_REVIEW
75810400725,75810400725,AGUA SABOR / BONAFONT KIDS / SURTIDO / 0.300 L Kids / 24 PZ / 7.2 L,BONAFONT KIDS,3,3,UNMATCHED,0.0,NEEDS_REVIEW
758104001804,75810400180,AGUA NATURAL 500 ml 6-PACK-IMPRESO,BONAFONT,2,3,UNMATCHED,0.0,NEEDS_REVIEW
17563,17563,Bonafont 11lts envase,BEC,2,3,UNMATCHED,0.0,NEEDS_REVIEW
6131456,6131456,AGUA NATURAL MINERAL 330 ML,EVIAN,2,3,UNMATCHED,0.0,NEEDS_REVIEW
2115036728,2115036728,2 X BONAFONT AGUAS FRESCAS GUAYABA,BONAFONT,2,3,UNMATCHED,0.0,NEEDS_REVIEW
36632038036,3663203803,95592 LT N FIT FRSMOR GRIE 85OZ 16X150G 119155,VITALINEA,1,3,UNMATCHED,0.0,NEEDS_REVIEW
1563221997,1563221997,levite bonafont juizzy agua piña x2,JUIZZY,3,3,UNMATCHED,0.0,NEEDS_REVIEW
61526,61526,BASURA SAMS 24PZ/500ML AGUA,EVIAN,2,3,UNMATCHED,0.0,NEEDS_REVIEW
7874208461,7874208461,AGUA NATURAL / MEMBERS MARK / 18PZ / 1LT / 18LT,OTROS,2,3,UNMATCHED,0.0,NEEDS_REVIEW
758104004560,75810400456,BOTELLIN CILINDRO BONAFONT 1 LT PZA,BONAFONT,3,3,UNMATCHED,0.0,NEEDS_REVIEW
41271025910,41271025910,DELIGHT HAZEL 312ML,DELIGHT,1,3,UNMATCHED,0.0,NEEDS_REVIEW
758104000845,75810400084,BEBIDA TORONJA MAUI 750 ML BONAFONT LEVITE,LEVITE,2,3,UNMATCHED,0.0,NEEDS_REVIEW
31200023087,31200023087,OCEAN SPRAY BEBIDA ARANDANO LIGHT,OCEAN SPRAY,1,3,UNMATCHED,0.0,NEEDS_REVIEW
40640341897,40640341897,24/500ML AGUA,BONAFONT,3,3,UNMATCHED,0.0,NEEDS_REVIEW
758104003228,75810400322,AGUA SABOR / BONAFONT C/JUGO / NARANJA / 1PZ / 0.3LT / 0.3LT / FILM105,BONAFONT KIDS,2,3,UNMATCHED,0.0,NEEDS_REVIEW
40009530578,4000953057,BONAFONT ENVASE 20L 40009530578,BEC,3,3,UNMATCHED,0.0,NEEDS_REVIEW
758104002900,75810400290,AGUA SABOR / BONAFONT C/JUGO / LIMON / 6PZ / 0.500LT/3LTmulti,JUIZZY,3,3,UNMATCHED,0.0,NEEDS_REVIEW
79298300260,7929830026,AGUA NATURAL EVIAN 1.25LT,EVIAN,3,3,UNMATCHED,0.0,NEEDS_REVIEW
40009511725,4000951172,AGUA ENVASES BONAFONT 40009511725,BEC,2,3,UNMATCHED,0.0,NEEDS_REVIEW
75010323967,75010323967,Alimento lacteo sabor ciruela pasa/fresa Pack 12 x 225 g,ACTIVIA,1,3,UNMATCHED,0.0,NEEDS_REVIEW
75810400683,7581040068,AGUA SABOR / LEVITE / SURTIDO / 12 PZ / 0.5 LT / 6 LT,LEVITE,3,3,UNMATCHED,0.0,NEEDS_REVIEW
7581041000159,7581041000159,BONAFONT IND 1.5 LT 18L,BONAFONT,3,3,UNMATCHED,0.0,NEEDS_REVIEW
31200015778,3120001577,OCEAN SPRAY ARANDANO UVA 330 ML,OCEAN SPRAY,1,3,UNMATCHED,0.0,NEEDS_REVIEW
7506167,750616,AGUA SABOR / BONAFONT C/JUGO / MANZANA / 1PZ / 0.3LT / 0.3LT x,BONAFONT KIDS,2,3,UNMATCHED,0.0,NEEDS_REVIEW
2114918591,2114918591,3 X BONAFONT AGUA NATURAL,BONAFONT,2,3,UNMATCHED,0.0,NEEDS_REVIEW
10169,10169,BONAFONT AGUA P PET 1LT,BONAFONT,3,3,UNMATCHED,0.0,NEEDS_REVIEW
981011233,981011233,agua bonafont natural 1.5 l,BONAFONT,2,3,UNMATCHED,0.0,NEEDS_REVIEW
75810400059,75810400059,24PZ MAGIC,BONAFONT,3,3,UNMATCHED,0.0,NEEDS_REVIEW
81574,81574,BASURA SAMS 6/4 LT AGUA,BONAFONT,3,3,UNMATCHED,0.0,NEEDS_REVIEW
1563885930,1563885930,2 X BONAFONT JUIZZY GUAYABA,JUIZZY,3,3,UNMATCHED,0.0,NEEDS_REVIEW
79298300260,7929830026,AGUA NATURAL EVIAN 1.25LT,EVIAN,2,3,UNMATCHED,0.0,NEEDS_REVIEW
75810400547,75810400547,AGUA SABOR / JUIZZY / SURTIDO / 8PZ / 1LT / 8LT,JUIZZY,2,3,UNMATCHED,0.0,NEEDS_REVIEW
4059622,4059622,AGUA PURIFICADA BONAFONT 500 ML,BONAFONT,2,3,UNMATCHED,0.0,NEEDS_REVIEW
4059622,4059622,AGUA PURIFICADA BONAFONT 500 ML,BONAFONT,3,3,UNMATCHED,0.0,NEEDS_REVIEW
79298500523,7929850052,EVIAN 75LG US CS12 CHC78,EVIAN,2,3,UNMATCHED,0.0,NEEDS_REVIEW
40009575676,40009575676,BONAFONT ENV AGUA ENVASES BONAFONT ENVASE 20LT 40009575676,BEC,2,3,UNMATCHED,0.0,NEEDS_REVIEW
750644310828,750644310828,SILK ALM CALIFORNIA 5676ML (6X946) BAR,SILK,1,3,UNMATCHED,0.0,NEEDS_REVIEW
758104002641,758104002641,AGUA SABOR / BONAFONT C/JUGO / MANZANA / 6PZ / 0.5LT / 3L,AGUAS FRESCAS,2,3,UNMATCHED,0.0,NEEDS_REVIEW
75810400644,75810400644,AGUA SABOR / LEVITE CLASICA /PINA COCO/ 1PZ / 2LT / 2LT,LEVITE,2,3,UNMATCHED,0.0,NEEDS_REVIEW
75810400613,7581040061,LEVITE SURTI 24/300ML LEVITE,LEVITE,2,3,UNMATCHED,0.0,NEEDS_REVIEW
41271021103,41271021103,DELIGHT FRENCH VANILLA SIN AZC 312ML,DELIGHT,1,3,UNMATCHED,0.0,NEEDS_REVIEW
7504701,7504701,AGUA SABOR / BONAFONT C/JUGO / FRESA / 1PZ / 0.3LT / 0.3LTS,BONAFONT KIDS,3,3,UNMATCHED,0.0,NEEDS_REVIEW
7500326299001,750032629900,TE VERDI PZA Z,ADES,2,3,UNMATCHED,0.0,NEEDS_REVIEW
40009575662,40009575662,BONAFONT ENV AGUA ENVASES BONAFONT ENVASE 20LT 40009575662,BEC,3,3,UNMATCHED,0.0,NEEDS_REVIEW
1563818816,1563818816,2 x bonafont aguas frescas de tamarindo 1l,BONAFONT,2,3,UNMATCHED,0.0,NEEDS_REVIEW
79298400649,7929840064,EVIAN EDICION ESPECIAL DVF 750,EVIAN,3,3,UNMATCHED,0.0,NEEDS_REVIEW
79298400458,79298400458,EVIAN GLASS 0.33ML,EVIAN,3,3,UNMATCHED,0.0,NEEDS_REVIEW
400001203422,40000120342,ENVASE 11 LT 1 PZA,BEC,3,3,UNMATCHED,0.0,NEEDS_REVIEW
758104000869,75810400086,BEBIDA TORONJA MAUI 1.5 LT BONAFONT LEVITE,LEVITE,3,3,UNMATCHED,0.0,NEEDS_REVIEW
981006413,981006413,bonafont agua natural purificada,BONAFONT,2,3,UNMATCHED,0.0,NEEDS_REVIEW
40009545678,4000954567,ENVASE BONAFONT 11 L 40009545678,BEC,2,3,UNMATCHED,0.0,NEEDS_REVIEW
2113735597,2113735597,2 X DANMIX YOGURT BATIDO DE VAINILLA CON M AND MS,DANMIX,1,3,UNMATCHED,0.0,NEEDS_REVIEW
7503003535492,750300353549,BONAFONT TERMO VARIEDAD DISENOS 1LT,BEC,2,3,UNMATCHED,0.0,NEEDS_REVIEW
75810400280,75810400280,AGUA MINERAL / BONAFONT MINERALIZADA / 6PZ / 0.6LT / 3.6LT,BONAFONT MINERAL,2,3,UNMATCHED,0.0,NEEDS_REVIEW
1563818898,1563818898,2 x levite agua infusionada sandia limon 1l,LEVITE,3,3,UNMATCHED,0.0,NEEDS_REVIEW
750179161098,75017916109,GV AGUA PURIF 500 ML,OTROS,3,3,UNMATCHED,0.0,NEEDS_REVIEW
20758104005769,20758104005769,BONAFONT JUIZZY MANZANA 600MLX12PK 144,JUIZZY,2,3,UNMATCHED,0.0,NEEDS_REVIEW
2000030715781,200003071578,NATURAL / BONAFONT / NATURAL / 20 L / 1 PZ / 20 L,BEC,3,3,UNMATCHED,0.0,NEEDS_REVIEW
758104002856,75810400285,AGUA NATURAL / BONAFONT / NATURAL / 4PZ / 1.5LT / 4.5LTmulti,BONAFONT,3,3,UNMATCHED,0.0,NEEDS_REVIEW
758104001804,75810400180,AGUA NATURAL 500 ml 6-PACK-IMPRESO,BONAFONT,3,3,UNMATCHED,0.0,NEEDS_REVIEW
79298400632,79298400632,AGUA NATURAL / EVIAN / NATURAL / EDICION ESPECIAL / 1PZ /.750LT /.750LTS,EVIAN,2,3,UNMATCHED,0.0,NEEDS_REVIEW
758104000807,75810400080,AGUA FRESCA SABOR TAMARINDO 1.5 LT FRUTIFONT,BONAFONT,3,3,UNMATCHED,0.0,NEEDS_REVIEW
36632078940,3663207894,DELIGHT BOTELLA CHURRO 946ML 12 CT,DELIGHT,1,3,UNMATCHED,0.0,NEEDS_REVIEW
-99,-99,REGISTRO FALSO,NA,2,3,UNMATCHED,0.0,NEEDS_REVIEW
2529300172,2529300172,SILK ALMENDRA SIN AZUCAR 5676 ML,SILK,1,3,UNMATCHED,0.0,NEEDS_REVIEW
61522,61522,BASURA SAMS 24/500ML AGUA,BONAFONT,2,3,UNMATCHED,0.0,NEEDS_REVIEW
7504703,7504703,AGUA SABOR / BONAFONT C/JUGO / UVA / 1PZ / 0.3LT / 0.3LTS,BONAFONT KIDS,3,3,UNMATCHED,0.0,NEEDS_REVIEW
758104000364,75810400036,NATURAL / BONAFONT / NATURAL / 0.500 L / 1 PZ / 0.5 L,BONAFONT,2,3,UNMATCHED,0.0,NEEDS_REVIEW
31200202994,31200202994,OCEAN SPRAY JUGO DE ARANDANO,OCEAN SPRAY,1,3,UNMATCHED,0.0,NEEDS_REVIEW
31200023049,3120002304,OCEAN SPRAY CRAN FRESA 1/12P/1LT,OCEAN SPRAY,1,3,UNMATCHED,0.0,NEEDS_REVIEW
2115036731,2115036731,2 X LEVITE AGUA INFUSIONADA TOQUE PEPINO LIMON,LEVITE,2,3,UNMATCHED,0.0,NEEDS_REVIEW
31200454577,3120045457,OCEAN SPRAY ARANDANO UVA 1LT,OCEAN SPRAY,1,3,UNMATCHED,0.0,NEEDS_REVIEW
7929810000,7929810000,AGUA NATURAL / EVIAN / 12PZ / 1LT / 12LT,EVIAN,3,3,UNMATCHED,0.0,NEEDS_REVIEW
1563818724,1563818724,2 X LEVITE AGUA INFUSIONADA CON PINA COCO 1L,LEVITE,2,3,UNMATCHED,0.0,NEEDS_REVIEW
2113464388,2113464388,2 x -levite agua fresa,LEVITE,3,3,UNMATCHED,0.0,NEEDS_REVIEW
7503003535683,750300353568,THERMO 1LITRO RETO BONAFONT,BADOIT,2,3,UNMATCHED,0.0,NEEDS_REVIEW
758104000654,75810400065,Liquido 11L Bonafont,BEC,2,3,UNMATCHED,0.0,NEEDS_REVIEW
980036082,98003608,AGUA NATURAL / INFINIT / NATURAL / 6PZ / 0.950LT /5.7LT.,INFINIT WATER,2,3,UNMATCHED,0.0,NEEDS_REVIEW
7503003535591,750300353559,BOMBA DE AGUA A PRESION BONAFONT,BEC,2,3,UNMATCHED,0.0,NEEDS_REVIEW
79298500523,7929850052,EVIAN 75LG US CS12 CHC78,EVIAN,3,3,UNMATCHED,0.0,NEEDS_REVIEW
75810400025,75810400025,BONAFONT AGUA NATURAL 20L,BEC,3,3,UNMATCHED,0.0,NEEDS_REVIEW
400095429784,40009542978,BONAFONT AGUA NATURAL NATURAL 20 LT GARR F,BEC,3,3,UNMATCHED,0.0,NEEDS_REVIEW
79298600070,7929860007,AGUA NATURAL / EVIAN / NATURAL / 6PZ / 1LT / 6LT,EVIAN,2,3,UNMATCHED,0.0,NEEDS_REVIEW
40009575763,40009575763,BONAFONT ENV AGUA ENVASES BONAFONT ENVASE 20LT 40009575763,BEC,3,3,UNMATCHED,0.0,NEEDS_REVIEW
758104001545,75810400154,AGUA NATURAL / BONAFONT / NATURAL / 2PZ / 1.5LT / 3LTMulti,BONAFONT,3,3,UNMATCHED,0.0,NEEDS_REVIEW
758104003655,75810400365,AGUA NATURAL / BONAFONT / NATURAL / 6PZ / 1.5LT / 9LTMAS RELOJ,BONAFONT,2,3,UNMATCHED,0.0,NEEDS_REVIEW
758104002924,75810400292,AGUA NATURAL / EVIAN / NATURAL / 4PZ /1LT/4LTmulti,EVIAN,2,3,UNMATCHED,0.0,NEEDS_REVIEW
INACTIVO,75017309,INACTIVO,INACTIVO,1,3,UNMATCHED,0.0,NEEDS_REVIEW
79298400465,79298400465,EVIAN AGUA DE MANANTIAL NATURAL EN BOTELLA DE VIDRIO AGUA CON BALANCE UNICO DE MINERALES ,EVIAN,2,3,UNMATCHED,0.0,NEEDS_REVIEW
758104000555,75810400055,MAGIC FRESA 0.33LT,OTROS,2,3,UNMATCHED,0.0,NEEDS_REVIEW
10169,10169,BONAFONT AGUA P PET 1LT,BONAFONT,2,3,UNMATCHED,0.0,NEEDS_REVIEW
40009588128,40009588128,BONAFONT ENV AGUA ENVASES BONAFONT ENVASE 20LT 40009588128,BEC,3,3,UNMATCHED,0.0,NEEDS_REVIEW
1563885841,1563885841,2 X BONAFONT JUIZZY PINA,JUIZZY,3,3,UNMATCHED,0.0,NEEDS_REVIEW
75810400275,75810400275,PUREZA AGA  1 LT NATURAL,PUREZA AGA,2,3,UNMATCHED,0.0,NEEDS_REVIEW
75810400648,75810400648,AGUA NATURAL / BONAFONT / NATURAL / 18PZ / .750LT / 13.5LT,BONAFONT,3,3,UNMATCHED,0.0,NEEDS_REVIEW
758104000869,75810400086,BEBIDA TORONJA MAUI 1.5 LT BONAFONT LEVITE,LEVITE,2,3,UNMATCHED,0.0,NEEDS_REVIEW
20758104005707,20758104005707,LEVITE CLASICA FRESA 600MLX12PK 144,LEVITE,3,3,UNMATCHED,0.0,NEEDS_REVIEW
758104004188,75810400418,AGUA SABOR / BONAFONT CON JUGO /SURTIDO / 3PZ / 1.5LT /4.5L,JUIZZY,3,3,UNMATCHED,0.0,NEEDS_REVIEW
7929811009,792981100,NATURAL / EVIAN / NATURAL / 1.25 L / 4 PZ / 5 L,EVIAN,3,3,UNMATCHED,0.0,NEEDS_REVIEW
2113419010,2113419010,2 x bonafont 1.5 lt,BONAFONT,2,3,UNMATCHED,0.0,NEEDS_REVIEW
40009575634,40009575634,BONAFONT ENV AGUA ENVASES BONAFONT ENVASE 20LT 40009575634,BEC,3,3,UNMATCHED,0.0,NEEDS_REVIEW
311351,311351,BASURA SAMS 311351,BONAFONT,3,3,UNMATCHED,0.0,NEEDS_REVIEW
75810400589,75810400589,AGUA SABOR / LEVITE CLASICA / FRESA / 6PZ / 0.6LT / 3.6LT,LEVITE,2,3,UNMATCHED,0.0,NEEDS_REVIEW
25293002678,2529300267,SILK ALMENDRA VAINILLA 946ML PLAN 60,SILK,1,3,UNMATCHED,0.0,NEEDS_REVIEW
758104002962,75810400296,AGUA SABOR / BONAFONT C/JUGO / JAMAICA / 6PZ / 0.5LT / 3L,JUIZZY,2,3,UNMATCHED,0.0,NEEDS_REVIEW
31200007216,31200007216,OCEAN SPRAY ARANDANOS DESHIDRATADOS,OCEAN SPRAY,1,3,UNMATCHED,0.0,NEEDS_REVIEW
75810400799,75810400799,BONAFONT PACK 2 LT 16L,BONAFONT,2,3,UNMATCHED,0.0,NEEDS_REVIEW
75810400613,7581040061,LEVITE SURTI 24/300ML LEVITE,LEVITE,3,3,UNMATCHED,0.0,NEEDS_REVIEW
40009542978,4000954297,BONAFONT ENVASE 20LT 40009542978,BEC,3,3,UNMATCHED,0.0,NEEDS_REVIEW
61314000018,6131400001,AGUA NATURAL / EVIAN / NATURAL / 1PZ / 1.5LT / 1.5LT,EVIAN,3,3,UNMATCHED,0.0,NEEDS_REVIEW
40009579426,40009579426,BONAFONT ENV AGUA ENVASES BONAFONT ENVASE 20LT 40009579426,BEC,2,3,UNMATCHED,0.0,NEEDS_REVIEW
7501827500023,7501827500023,evian refresco,EVIAN,3,3,UNMATCHED,0.0,NEEDS_REVIEW
2113115152,2113115152,2 X SILK ALMENDRA VAINILLA SIN AZUCAR 946 ML,SILK,1,3,UNMATCHED,0.0,NEEDS_REVIEW
758104001446,75810400144,Bonafont MP 6 x 1 L,BONAFONT,3,3,UNMATCHED,0.0,NEEDS_REVIEW
6131456,6131456,AGUA NATURAL MINERAL 330 ML,EVIAN,3,3,UNMATCHED,0.0,NEEDS_REVIEW
2000118560654,2000118560654,BONAFONT 24 PACK 600 ML,BONAFONT,2,3,UNMATCHED,0.0,NEEDS_REVIEW
750103239818,75010323981,ACTIVIA DIGESTIVOS BEBIBLE CIRUELA PASA PACK 12 225GR,ACTIVIA,1,3,UNMATCHED,0.0,NEEDS_REVIEW
7503849,7503849,AGUA NATURAL / BONAFONT KIDS / NATURAL/1PZ/0.300LTind,BONAFONT KIDS,2,3,UNMATCHED,0.0,NEEDS_REVIEW
846570,846570,BASURA SAMS 846570,BONAFONT,2,3,UNMATCHED,0.0,NEEDS_REVIEW
36632027535,3663202753,57735 OIKOS NATURAL 0 32OZ 907G 119182,OIKOS,1,3,UNMATCHED,0.0,NEEDS_REVIEW
77740,77740,BASURA SAMS 77740,BONAFONT,3,3,UNMATCHED,0.0,NEEDS_REVIEW
2114975644,2114975644,3 X OIKOS YOGHURT GRIEGO FRESA,OIKOS,1,3,UNMATCHED,0.0,NEEDS_REVIEW
41271009743,41271009743,DELIGHT CARAMEL MACHIATTO 312ML,DELIGHT,1,3,UNMATCHED,0.0,NEEDS_REVIEW
758104003723,75810400372,AGUA SABOR / LEVITE / TROPICOSO / 6PZ / 1.5LT / 9 LT,LEVITE,2,3,UNMATCHED,0.0,NEEDS_REVIEW
980002839,98000283,12/1.5 LT LEVITE FRESA,LEVITE,2,3,UNMATCHED,0.0,NEEDS_REVIEW
41271025682,4127102568,DELIGHT BOTELLA AVELLANA 946ML 12CT,DELIGHT,1,3,UNMATCHED,0.0,NEEDS_REVIEW
758104000289,75810400028,AGUA NATURAL / BONAFONT / NATURAL / 1PZ / 2LT / 2LT ,BONAFONT,2,3,UNMATCHED,0.0,NEEDS_REVIEW
758104000111,75810400011,AGUA NATURAL SIX PACK 330 ML BONAFONT,BONAFONT,3,3,UNMATCHED,0.0,NEEDS_REVIEW
-99,-99,REGISTRO FALSO,NA,1,3,UNMATCHED,0.0,NEEDS_REVIEW
31200020802,31200020802,OCEAN SPRAY 2 X 2.83L,OCEAN SPRAY,1,3,UNMATCHED,0.0,NEEDS_REVIEW
758104003587,75810400358,AGUA BOTELLA 12.0 LT,BONAFONT,2,3,UNMATCHED,0.0,NEEDS_REVIEW
7501032398897 ,750103239889,ACTIVIA CIRUELA 450G (2X225G),ACTIVIA,1,3,UNMATCHED,0.0,NEEDS_REVIEW
77740,77740,BASURA SAMS 77740,BONAFONT,2,3,UNMATCHED,0.0,NEEDS_REVIEW
40009542950,4000954295,BONAFONT ENVASE 20LT 40009542950,BEC,3,3,UNMATCHED,0.0,NEEDS_REVIEW
981006412,981006412,agua bonafont natural 2 l,BONAFONT,2,3,UNMATCHED,0.0,NEEDS_REVIEW
17668,17668,BASURA SAMS 6/3.785ML AGUA,BONAFONT,2,3,UNMATCHED,0.0,NEEDS_REVIEW
36632037312,3663203731,78695 LT N FIT GRIEGO FRESA 5.3OZ 150G 119145,VITALINEA,1,3,UNMATCHED,0.0,NEEDS_REVIEW
7500326299025,750032629902,TE VERDI PET 1 LT,ADES,2,3,UNMATCHED,0.0,NEEDS_REVIEW
31200015792,3120001579,OCEAN SPRAY ARANDANO LIGHT 330 ML,OCEAN SPRAY,1,3,UNMATCHED,0.0,NEEDS_REVIEW
758104000616,75810400061,BEBIDA MANZANA MEDITERRANEA 750 ML BONAFONT LEVITE,LEVITE,3,3,UNMATCHED,0.0,NEEDS_REVIEW
1563885902,1563885902,2 X BONAFONT AGUA,BONAFONT,3,3,UNMATCHED,0.0,NEEDS_REVIEW
758104100446,75810410044,AGUA NATURAL / BONAFONT / NATURAL / 6PZ / 1LT /6LTmulti,BONAFONT,2,3,UNMATCHED,0.0,NEEDS_REVIEW
758104001910,75810400191,Bipack Levite 2 x 1.5 L mas PROD BELL,LEVITE,3,3,UNMATCHED,0.0,NEEDS_REVIEW
758104000623,75810400062,BEBIDA MANZANA MEDITERRANEA 1.5 LT BONAFONT LEVITE,LEVITE,2,3,UNMATCHED,0.0,NEEDS_REVIEW
758104004188,75810400418,AGUA SABOR / BONAFONT CON JUGO /SURTIDO / 3PZ / 1.5LT /4.5L,JUIZZY,2,3,UNMATCHED,0.0,NEEDS_REVIEW
2115036729,2115036729,2 X BONAFONT AGUAS FRESCAS PINA,BONAFONT,3,3,UNMATCHED,0.0,NEEDS_REVIEW
75810400824,7581040082,BONAFONT JUIZZY LIMON 1000MLX06MPI TC144,AGUAS FRESCAS,3,3,UNMATCHED,0.0,NEEDS_REVIEW
25293001190,2529300119,SILK FRESH CHOCO 1.89L,SILK,1,3,UNMATCHED,0.0,NEEDS_REVIEW
PRODUCTO INDEFINIDO,PRODUCTO INDEFINIDO,PRODUCTO INDEFINIDO,ACTIVIA,1,3,UNMATCHED,0.0,NEEDS_REVIEW
2113153136,2113153136,2x bonafont agua 1 l,BONAFONT,2,3,UNMATCHED,0.0,NEEDS_REVIEW
25293001220,2529300122,SILK COCO ORIGINAL 1890ML 128248,SILK,1,3,UNMATCHED,0.0,NEEDS_REVIEW
75810400590,7581040059,AGUA SABOR / LEVITE CLASICA / SURTIDO / 12PZ / 0.6LT / 7.2LT,LEVITE,2,3,UNMATCHED,0.0,NEEDS_REVIEW
75810400667,75810400667,AGUA SABOR / LEVITE / SURTIDO / 11 PZ / 1 L / 11 L,LEVITE,3,3,UNMATCHED,0.0,NEEDS_REVIEW
75810400859,101284369,BFT JUIZZY SAA JAMAICA 300MLX06PK 567,AGUAS FRESCAS,3,3,UNMATCHED,0.0,NEEDS_REVIEW
40009575683,40009575683,BONAFONT ENV AGUA ENVASES BONAFONT ENVASE 20LT 40009575683,BEC,3,3,UNMATCHED,0.0,NEEDS_REVIEW
2114887259,2114887259,BONAFONT AGUA NATURAL,BONAFONT,2,3,UNMATCHED,0.0,NEEDS_REVIEW
25293002753,2529300275,SILK CASHEW SIN ENDULZ 1890ML 128245,SILK,1,3,UNMATCHED,0.0,NEEDS_REVIEW
75810400854,75810400854,12/1LT BNF LEVITE PEP-LIM/FRUT-ROJOS,LEVITE,3,3,UNMATCHED,0.0,NEEDS_REVIEW
7501032397395,750103239739,NO APLICA,DANONE,1,3,UNMATCHED,0.0,NEEDS_REVIEW
400095456780,40009545678,BONAFONT AGUA NATURAL NATURAL 11 LT GARR X,BEC,2,3,UNMATCHED,0.0,NEEDS_REVIEW
758104003631,75810400363,AGUA SABOR / BONAFONT C/JUGO / SURTIDO / 2PZ/1.5LT/3LTmulti,JUIZZY,2,3,UNMATCHED,0.0,NEEDS_REVIEW
2115036729,2115036729,2 X BONAFONT AGUAS FRESCAS PINA,BONAFONT,2,3,UNMATCHED,0.0,NEEDS_REVIEW
2113243545,2113243545,2 X OIKOS YOGHURT GRIEGO FRESA,OIKOS,1,3,UNMATCHED,0.0,NEEDS_REVIEW
9999980009893,999998000989,ENVASE 20LT,BEC,2,3,UNMATCHED,0.0,NEEDS_REVIEW
75810400586,75810400586,AGUA SABOR / BONAFONT C/ JUGO / SURTIDO / 6PZ / 0.6LT / 3.6LT,JUIZZY,3,3,UNMATCHED,0.0,NEEDS_REVIEW
758104003990,75810400399,AGUA SABOR / LEVITE / SURTIDO / 0.500 L / 1 PAL / 576 L,LEVITE,3,3,UNMATCHED,0.0,NEEDS_REVIEW
75810400587,75810400587,AGUA SABOR / LEVITE CLASICA / SURTIDO / 6PZ / 0.6LT / 3.6LT,LEVITE,2,3,UNMATCHED,0.0,NEEDS_REVIEW
2113153136,2113153136,2x bonafont agua 1 l,BONAFONT,3,3,UNMATCHED,0.0,NEEDS_REVIEW
400095117254,40009511725,BONAFONT AGUA NATURAL NATURAL 11 LT GARR Y,BEC,2,3,UNMATCHED,0.0,NEEDS_REVIEW
36632078186,36632078186,DELIGHT ICED COFFEE MOKA 443ML          ,DELIGHT,1,3,UNMATCHED,0.0,NEEDS_REVIEW
7501032399078 ,750103239907,DANONE FRESA SABORIZADO 410G,DANONE,1,3,UNMATCHED,0.0,NEEDS_REVIEW
40009575634,40009575634,BONAFONT ENV AGUA ENVASES BONAFONT ENVASE 20LT 40009575634,BEC,2,3,UNMATCHED,0.0,NEEDS_REVIEW
31200610348,3120061034,OCEAN SPRAY ARANDANO MANGO 1LT,OCEAN SPRAY,1,3,UNMATCHED,0.0,NEEDS_REVIEW
75810400404,75810400404,4/750ML AGUA EVIAN,EVIAN,2,3,UNMATCHED,0.0,NEEDS_REVIEW
75810400803,75810400803,6/950ML BNF,BONAFONT,3,3,UNMATCHED,0.0,NEEDS_REVIEW
981006414,981006414,agua bonafont natural 10 l,BONAFONT,2,3,UNMATCHED,0.0,NEEDS_REVIEW
758104003686,75810400368,AGUA SABOR / JUIZZY / SURTIDO / 1.5 L / 1 PAL / 1080 L,JUIZZY,2,3,UNMATCHED,0.0,NEEDS_REVIEW
75810400743,75810400743,JUIZZY CHIA 6 PACK 0.500 L 3L,JUIZZY,3,3,UNMATCHED,0.0,NEEDS_REVIEW
75810400799,75810400799,BONAFONT PACK 2 LT 16L,BONAFONT,3,3,UNMATCHED,0.0,NEEDS_REVIEW
79298400434,79298400434,EVIAN GLASS 0.75ML,EVIAN,3,3,UNMATCHED,0.0,NEEDS_REVIEW
758104003228,75810400322,AGUA SABOR / BONAFONT C/JUGO / NARANJA / 1PZ / 0.3LT / 0.3LT / FILM105,BONAFONT KIDS,3,3,UNMATCHED,0.0,NEEDS_REVIEW
7500326299025,750032629902,TE VERDI PET 1 LT,ADES,3,3,UNMATCHED,0.0,NEEDS_REVIEW
981011244,981011244,agua bonafont agua natural 1 l,BONAFONT,3,3,UNMATCHED,0.0,NEEDS_REVIEW
31200016744,31200016744,Bebida sabor arandano Botellas 2 x 1.89 L,OCEAN SPRAY,1,3,UNMATCHED,0.0,NEEDS_REVIEW
61314000032,6131400003,AGUA NATURAL / EVIAN / NATURAL / 1PZ / 0.5LT / 0.5LT,EVIAN,2,3,UNMATCHED,0.0,NEEDS_REVIEW
1563885930,1563885930,2 X BONAFONT JUIZZY GUAYABA,JUIZZY,2,3,UNMATCHED,0.0,NEEDS_REVIEW
75810400588,75810400588,AGUA SABOR / BONAFONT C/ JUGO / GUAYABA / 6PZ / 0.6LT / 3.6LT,JUIZZY,2,3,UNMATCHED,0.0,NEEDS_REVIEW
20758104005752,20758104005752,BONAFONT JUIZZY JAMAICA 600MLX12PK 144,JUIZZY,3,3,UNMATCHED,0.0,NEEDS_REVIEW
75810400827,75810400827,BONAFONT NATURAL 2000MLX08MPI T/C 45,BONAFONT,3,3,UNMATCHED,0.0,NEEDS_REVIEW
750644310878,750644310878,DANETTE GELATINA VAINILLA + DANY GELATINA FRESA 1200G (12X100G),DANETTE,1,3,UNMATCHED,0.0,NEEDS_REVIEW
2115036734,2115036734,2 X BONAFONT AGUA NATURAL 2 L,BONAFONT,2,3,UNMATCHED,0.0,NEEDS_REVIEW
758104006823,75810400682,AGUA SABOR / LEVITE / LIMON CHIA / 0.400 L / 1 PZ / 0.4,LEVITE,3,3,UNMATCHED,0.0,NEEDS_REVIEW
7506167,750616,AGUA SABOR / BONAFONT C/JUGO / MANZANA / 1PZ / 0.3LT / 0.3LT x,BONAFONT KIDS,3,3,UNMATCHED,0.0,NEEDS_REVIEW
148843,148843,BASURA SAMS 148843,BONAFONT,2,3,UNMATCHED,0.0,NEEDS_REVIEW
9999980009893,999998000989,ENVASE 20LT,BEC,3,3,UNMATCHED,0.0,NEEDS_REVIEW
758104000807,75810400080,AGUA FRESCA SABOR TAMARINDO 1.5 LT FRUTIFONT,BONAFONT,2,3,UNMATCHED,0.0,NEEDS_REVIEW
61522,61522,BASURA SAMS 24/500ML AGUA,BONAFONT,3,3,UNMATCHED,0.0,NEEDS_REVIEW
758104005284,75810400528,AGUA NATURAL / BONAFONT / NATURAL / 6PZ / 0.5LT / 3LTS,BONAFONT,3,3,UNMATCHED,0.0,NEEDS_REVIEW
7503003535683,750300353568,THERMO 1LITRO RETO BONAFONT,BADOIT,3,3,UNMATCHED,0.0,NEEDS_REVIEW
7929800011,792980001,AGUA NATURAL / EVIAN / NATURAL / 24PZ / 0.33LT / 7.92LT,EVIAN,2,3,UNMATCHED,0.0,NEEDS_REVIEW
10146,1014,GARRAFON 11 L,BEC,3,3,UNMATCHED,0.0,NEEDS_REVIEW
7504000225669,750400022566,BONAFONT AGUA GARRAFON LIQUIDO 1PZA 20 LTS,BEC,2,3,UNMATCHED,0.0,NEEDS_REVIEW
981011244,981011244,agua bonafont agua natural 1 l,BONAFONT,2,3,UNMATCHED,0.0,NEEDS_REVIEW
2115053261,2115053261,COMBO DANY GELATINA FRESA + DANETTE CHOCOLATE,DANY,1,3,UNMATCHED,0.0,NEEDS_REVIEW
758104004379,75810400437,AGUA SABOR / BONAFONT C/JUGO / KIDS IN AND OUT / 6PZ / 0.300L / 1.8LT,BONAFONT KIDS,3,3,UNMATCHED,0.0,NEEDS_REVIEW
750644310679,75064431067,DANMIX MyMS,DANMIX,1,3,UNMATCHED,0.0,NEEDS_REVIEW
981002656,981002656,OIKOS YOGURT GRIEGO SABOR NATURAL,OIKOS,1,3,UNMATCHED,0.0,NEEDS_REVIEW
758104000555,75810400055,MAGIC FRESA 0.33LT,OTROS,3,3,UNMATCHED,0.0,NEEDS_REVIEW
40009575725,40009575725,BONAFONT ENV AGUA ENVASES BONAFONT ENVASE 20LT 40009575725,BEC,2,3,UNMATCHED,0.0,NEEDS_REVIEW
61521,61521,BASURA SAMS 12/1.5LT AGUA,EVIAN,3,3,UNMATCHED,0.0,NEEDS_REVIEW
75810400586,75810400586,AGUA SABOR / BONAFONT C/ JUGO / SURTIDO / 6PZ / 0.6LT / 3.6LT,JUIZZY,2,3,UNMATCHED,0.0,NEEDS_REVIEW
75810400308,75810400308,AGUA SABOR / BONAFONT C/JUGO / SURTIDO  / 12 PZ / 0.5 LT,JUIZZY,2,3,UNMATCHED,0.0,NEEDS_REVIEW
750179162650,750179162650,AGUA GV 500ML,OTROS,3,3,UNMATCHED,0.0,NEEDS_REVIEW
61525,61525,BASURA SAMS 12PZ/1.5LTS AGUA,BONAFONT,3,3,UNMATCHED,0.0,NEEDS_REVIEW
758104004379,75810400437,AGUA SABOR / BONAFONT C/JUGO / KIDS IN AND OUT / 6PZ / 0.300L / 1.8LT,BONAFONT KIDS,2,3,UNMATCHED,0.0,NEEDS_REVIEW
40009575725,40009575725,BONAFONT ENV AGUA ENVASES BONAFONT ENVASE 20LT 40009575725,BEC,3,3,UNMATCHED,0.0,NEEDS_REVIEW
758104001637,75810400163,AGUA SABOR / LEVITE CLASICA / LIMON / 6PZ / 0.5LT / 3LT,LEVITE,2,3,UNMATCHED,0.0,NEEDS_REVIEW
758104000852,75810400085,BEBIDA BRISA JAMAICA 1.5 LT BONAFONT LEVITE,LEVITE,3,3,UNMATCHED,0.0,NEEDS_REVIEW
25293600904,2529360090,SILK SOYA ORIGINAL 946ML 128242,SILK,1,3,UNMATCHED,0.0,NEEDS_REVIEW
75810400649,75810400649,AGUA SABOR / LEVITE / MIXTO / 24PZ / 0.6LT / 14.4LT,LEVITE,2,3,UNMATCHED,0.0,NEEDS_REVIEW
25293001497,2529300149,SILK ALM ORIGINAL SIN ENDULZ 1890ML 128247,SILK,1,3,UNMATCHED,0.0,NEEDS_REVIEW
1563885905,1563885905,2 X BONAFONT AGUA P PET,BONAFONT,2,3,UNMATCHED,0.0,NEEDS_REVIEW
758104002900,75810400290,AGUA SABOR / BONAFONT C/JUGO / LIMON / 6PZ / 0.500LT/3LTmulti,JUIZZY,2,3,UNMATCHED,0.0,NEEDS_REVIEW
9065,906,AGUA SABOR / BONAFONT C/ JUGO / JAMAICA / 1PZ / 1LT / 1LT,AGUAS FRESCAS,2,3,UNMATCHED,0.0,NEEDS_REVIEW
31200016058,31200016058,OCEAN SPRAY SALSA DE ARANDANOS EN GELATINA 397 G,OCEAN SPRAY,1,3,UNMATCHED,0.0,NEEDS_REVIEW
25293002654,2529300265,SILK ALM VAINILLA 5676ML(6x946ML) 130130,SILK,1,3,UNMATCHED,0.0,NEEDS_REVIEW
17668,17668,BASURA SAMS 6/3.785ML AGUA,BONAFONT,3,3,UNMATCHED,0.0,NEEDS_REVIEW
75810400404,75810400404,4/750ML AGUA EVIAN,EVIAN,3,3,UNMATCHED,0.0,NEEDS_REVIEW
75810400859,101284369,BFT JUIZZY SAA JAMAICA 300MLX06PK 567,AGUAS FRESCAS,2,3,UNMATCHED,0.0,NEEDS_REVIEW
758104000111,75810400011,AGUA NATURAL SIX PACK 330 ML BONAFONT,BONAFONT,2,3,UNMATCHED,0.0,NEEDS_REVIEW
981011801,981011801,ALIMENTO LIQUIDO SILK ALMENDRA 946 ML,SILK,1,3,UNMATCHED,0.0,NEEDS_REVIEW
75810400633,75810400633,AG NAT ONU AGUAS MENORES 0.75LT BONAFONT ONU,BONAFONT,2,3,UNMATCHED,0.0,NEEDS_REVIEW
75810400776,75810400776,NATURAL / BONAFONT / NATURAL / 0.500 L / 18 PZ / 9 L,BONAFONT,2,3,UNMATCHED,0.0,NEEDS_REVIEW
40009575704,40009575704,BONAFONT ENV AGUA ENVASES BONAFONT ENVASE 20LT 40009575704,BEC,2,3,UNMATCHED,0.0,NEEDS_REVIEW
7929810000,7929810000,AGUA NATURAL / EVIAN / 12PZ / 1LT / 12LT,EVIAN,2,3,UNMATCHED,0.0,NEEDS_REVIEW
758104005215,75810400521,Envase 11L Bonafont,BEC,2,3,UNMATCHED,0.0,NEEDS_REVIEW
25293002289,2529300228,SILK COCO SIN ENDULZ 1890ML 128249,SILK,1,3,UNMATCHED,0.0,NEEDS_REVIEW
2115036731,2115036731,2 X LEVITE AGUA INFUSIONADA TOQUE PEPINO LIMON,LEVITE,3,3,UNMATCHED,0.0,NEEDS_REVIEW
40640341897,40640341897,24/500ML AGUA,BONAFONT,2,3,UNMATCHED,0.0,NEEDS_REVIEW
758104000364,75810400036,NATURAL / BONAFONT / NATURAL / 0.500 L / 1 PZ / 0.5 L,BONAFONT,3,3,UNMATCHED,0.0,NEEDS_REVIEW
758104003662,75810400366,AGUA SABOR / BONAFONT C/JUGO / SURTIDO /6PZ/1.5LT/9LTmulti,JUIZZY,3,3,UNMATCHED,0.0,NEEDS_REVIEW
770704,770704,BASURA SAMS 770704 6/1.5LT BFT C/JUGO,BONAFONT,3,3,UNMATCHED,0.0,NEEDS_REVIEW
2115015977,2115015977,3 X DANONE FRESA DS ASS 220 G,DANONE,1,3,UNMATCHED,0.0,NEEDS_REVIEW
40009575641,40009575641,BONAFONT ENV AGUA ENVASES BONAFONT ENVASE 20LT 40009575641,BEC,2,3,UNMATCHED,0.0,NEEDS_REVIEW
79298000177,7929800017,AGUA NATURAL / EVIAN / NATURAL / 6PZ / 0.330LT / 1.98 LT,EVIAN,3,3,UNMATCHED,0.0,NEEDS_REVIEW
75810400724,7581040072,NATURAL / MEMBERS MARK / NATURAL / 2 L /6 PZ / 12 L,MEMBERS MARK,2,3,UNMATCHED,0.0,NEEDS_REVIEW
2113589534,2113589534,OIKOS YOGURT MANZANA PLATANO,OIKOS,1,3,UNMATCHED,0.0,NEEDS_REVIEW
2114918591,2114918591,3 X BONAFONT AGUA NATURAL,BONAFONT,3,3,UNMATCHED,0.0,NEEDS_REVIEW
758104003631,75810400363,AGUA SABOR / BONAFONT C/JUGO / SURTIDO / 2PZ/1.5LT/3LTmulti,JUIZZY,3,3,UNMATCHED,0.0,NEEDS_REVIEW
79298400458,79298400458,EVIAN GLASS 0.33ML,EVIAN,2,3,UNMATCHED,0.0,NEEDS_REVIEW
79298000191,7929800019,AGUA NATURAL / EVIAN / NATURAL / 6PZ / 0.500LT / 3 LT,EVIAN,2,3,UNMATCHED,0.0,NEEDS_REVIEW
25293004511,25293004511,SILK LECHE DE ALMENDRA Y NUEZ DE LA INDIA CON PROTEINA SABOR A CHOCOLATE,SILK,1,3,UNMATCHED,0.0,NEEDS_REVIEW
2115053259,2115053259,COMBO DANETTE CHOCOLATE + GELATINA FRESA Y LIMON,DANETTE,1,3,UNMATCHED,0.0,NEEDS_REVIEW
55116,55116,BASURA SAMS 24PZ 300ML LUCOZADE,BONAFONT,3,3,UNMATCHED,0.0,NEEDS_REVIEW
40009575676,40009575676,BONAFONT ENV AGUA ENVASES BONAFONT ENVASE 20LT 40009575676,BEC,3,3,UNMATCHED,0.0,NEEDS_REVIEW
380517,380517,AGUA JUIZZY 4PACK 1L PINA/GUAYABA 4L,JUIZZY,3,3,UNMATCHED,0.0,NEEDS_REVIEW
7503003535607,7503003535607,BONAFONT MUNDIAL TERMO 1LT,BEC,2,3,UNMATCHED,0.0,NEEDS_REVIEW
25293003972,25293003972,SILK YOGURT,SILK,1,3,UNMATCHED,0.0,NEEDS_REVIEW
75810400659,75810400659,AGUA SABOR / JUIZZY / SURTIDO / 0.300 L / 24 PZ / 7.2 L,JUIZZY,2,3,UNMATCHED,0.0,NEEDS_REVIEW
25293002647,2529300264,SILK ALM ORIGINAL 5676ML (6X946) PLAN 60,SILK,1,3,UNMATCHED,0.0,NEEDS_REVIEW
75810400660,7581040066,AGUA NATURAL / BONAFONT / NATURAL / 12PZ / 1.2LT / 14.4LT,BONAFONT,3,3,UNMATCHED,0.0,NEEDS_REVIEW
1563818857,1563818857,2 X BONAFONT AGUAS FRESCAS FRUTADA 1L,BONAFONT,3,3,UNMATCHED,0.0,NEEDS_REVIEW
2113243602,211324360,2 X OIKOS YOGHURT GRIEGO NATURAL,OIKOS,1,3,UNMATCHED,0.0,NEEDS_REVIEW
2115053262,2115053262,COMBO DANMIX YOGHURT VAINILLA CON MyM + DANY GELATINA FRESA,DANONE,1,3,UNMATCHED,0.0,NEEDS_REVIEW
758104003891,75810400389,AGUA NATURAL / EVIAN / NATURAL / 2PZ / 1.5LT / 3 LT,EVIAN,3,3,UNMATCHED,0.0,NEEDS_REVIEW
40009588114,40009588114,BONAFONT ENV AGUA ENVASES BONAFONT ENVASE 20LT 40009588114,BEC,2,3,UNMATCHED,0.0,NEEDS_REVIEW
7501032399153 ,750103239915,DANONINO MFL 420G (10X42G) C NACIONALES,DANONINO,1,3,UNMATCHED,0.0,NEEDS_REVIEW
7503003535607,7503003535607,BONAFONT MUNDIAL TERMO 1LT,BEC,3,3,UNMATCHED,0.0,NEEDS_REVIEW
81574,81574,BASURA SAMS 6/4 LT AGUA,BONAFONT,2,3,UNMATCHED,0.0,NEEDS_REVIEW
7501032399061 ,750103239906,ACTIVIA CIRUELA 410G,ACTIVIA,1,3,UNMATCHED,0.0,NEEDS_REVIEW
1563885907,1563885907,2 X BONAFONT JUIZZY NARANJA,JUIZZY,3,3,UNMATCHED,0.0,NEEDS_REVIEW
7504702,7504702,AGUA SABOR / BONAFONT C/JUGO / MANZANA / 1PZ / 0.3LT / 0.3LTS,BONAFONT KIDS,3,3,UNMATCHED,0.0,NEEDS_REVIEW
1075810400382,107581040038,JUIZZY GUAYABA 12/1.5 LT BONAFONT,JUIZZY,3,3,UNMATCHED,0.0,NEEDS_REVIEW
75810400633,75810400633,AG NAT ONU AGUAS MENORES 0.75LT BONAFONT ONU,BONAFONT,3,3,UNMATCHED,0.0,NEEDS_REVIEW
79298000191,7929800019,AGUA NATURAL / EVIAN / NATURAL / 6PZ / 0.500LT / 3 LT,EVIAN,3,3,UNMATCHED,0.0,NEEDS_REVIEW
75810400308,75810400308,AGUA SABOR / BONAFONT C/JUGO / SURTIDO  / 12 PZ / 0.5 LT,JUIZZY,3,3,UNMATCHED,0.0,NEEDS_REVIEW
10000075061682,1000007506168,AGUA SABOR / BONAFONT KIDS / UVA / 24PZ / 7.2LT,BONAFONT KIDS,3,3,UNMATCHED,0.0,NEEDS_REVIEW
1563818764,1563818764,2 x bonafont aguas frescas guanabana 1l,BONAFONT,3,3,UNMATCHED,0.0,NEEDS_REVIEW
79298510096,79298510096,EVIAN AGUA DE MANANTIAL NATURAL AGUA CON BALANCE UNICO DE MINERALES FILTRADA NATURALMENTE,EVIAN,2,3,UNMATCHED,0.0,NEEDS_REVIEW
7501022019009,750102201900,BASURA SORIANA 7501022019009,OTROS,3,3,UNMATCHED,0.0,NEEDS_REVIEW
1563222068,1563222068,pack bonafont agua natural x2,BONAFONT,2,3,UNMATCHED,0.0,NEEDS_REVIEW
75810400059,75810400059,24PZ MAGIC,BONAFONT,2,3,UNMATCHED,0.0,NEEDS_REVIEW
758104000746,75810400074,AGUA SABOR / LEVITE / MANDARINA / 1PZ / 1.5LT / 1.5LT,LEVITE,2,3,UNMATCHED,0.0,NEEDS_REVIEW
980032799,98003279,AGUA SABOR / JUIZZY / SURTIDO / 1 L / 8 PZ / 8 L.,AGUAS FRESCAS,3,3,UNMATCHED,0.0,NEEDS_REVIEW
376760,376760,BASURA SAMS 6/600ML AGUA MINERAL,BONAFONT,2,3,UNMATCHED,0.0,NEEDS_REVIEW
2114975645,2114975645,3 X DANONE YOGURT OIKOS ARANDANO,OIKOS,1,3,UNMATCHED,0.0,NEEDS_REVIEW
297198,297198,BASURA SAMS 12/1.5LT BFT C/JUGO,BONAFONT,3,3,UNMATCHED,0.0,NEEDS_REVIEW
1563818764,1563818764,2 x bonafont aguas frescas guanabana 1l,BONAFONT,2,3,UNMATCHED,0.0,NEEDS_REVIEW
75810400578,7581040057,AGUA SABOR / BONAFONT C/JUGO / SURTIDO / 24PZ / 0.3LT / 7.2LT Chupon,BONAFONT KIDS,3,3,UNMATCHED,0.0,NEEDS_REVIEW
20758104005738,20758104005738,LEVITE CLASICA PEPINO LIMON 600MLX12PK 144,LEVITE,2,3,UNMATCHED,0.0,NEEDS_REVIEW
75810400829,75810400829,BFT JUIZZY MIXTO 300MLX24MPI TC 144,AGUAS FRESCAS,2,3,UNMATCHED,0.0,NEEDS_REVIEW
75810402993,7581040299,AGUA SABOR / JUIZZY / MANGO / 0.500 L / 6 PZ / 3 L,AGUAS FRESCAS,2,3,UNMATCHED,0.0,NEEDS_REVIEW
25293003804,25293003804,SILK LECHE DE NUECES CON ALMENDRA Y MARAÑON,SILK,1,3,UNMATCHED,0.0,NEEDS_REVIEW
40009575641,40009575641,BONAFONT ENV AGUA ENVASES BONAFONT ENVASE 20LT 40009575641,BEC,3,3,UNMATCHED,0.0,NEEDS_REVIEW
36632011077,3663201107,109132 LT N FIT GRI PY LIMA CHO 5OZ 142G 119179,VITALINEA,1,3,UNMATCHED,0.0,NEEDS_REVIEW
732976284473,732976284473,EVIAN AGUA NATURAL 1 LITRO 12 PACK,EVIAN,3,3,UNMATCHED,0.0,NEEDS_REVIEW
7504000225669,750400022566,BONAFONT AGUA GARRAFON LIQUIDO 1PZA 20 LTS,BEC,3,3,UNMATCHED,0.0,NEEDS_REVIEW
758104002597,75810400259,AGUA SABOR / JUIZZY / MANZANA / 0.500 L / 6 PZ / 3 L,AGUAS FRESCAS,2,3,UNMATCHED,0.0,NEEDS_REVIEW
175574,175574,BASURA SAMS 175574,BONAFONT,3,3,UNMATCHED,0.0,NEEDS_REVIEW
2113419010,2113419010,2 x bonafont 1.5 lt,BONAFONT,3,3,UNMATCHED,0.0,NEEDS_REVIEW
981011802,981011802,ALIMENTO LIQUIDO SILK ALMENDRA VAINILLA 946 ML,SILK,1,3,UNMATCHED,0.0,NEEDS_REVIEW
20758104005752,20758104005752,BONAFONT JUIZZY JAMAICA 600MLX12PK 144,JUIZZY,2,3,UNMATCHED,0.0,NEEDS_REVIEW
1563818816,1563818816,2 x bonafont aguas frescas de tamarindo 1l,BONAFONT,3,3,UNMATCHED,0.0,NEEDS_REVIEW
4127100495,4127100495,ICED COFFEE,DELIGHT,1,3,UNMATCHED,0.0,NEEDS_REVIEW
758104001811,75810400181,AGUA NATURAL 1 lt 6-PACK-IMPRESO,BONAFONT,2,3,UNMATCHED,0.0,NEEDS_REVIEW
758104000715,75810400071,AGUA SABOR / LEVITE / LIMON / 1PZ / 0.75LT / 0.75LT,LEVITE,2,3,UNMATCHED,0.0,NEEDS_REVIEW
20758104005714,20758104005714,LEVITE CLASICA JAMAICA 600MLX12PK 144,LEVITE,3,3,UNMATCHED,0.0,NEEDS_REVIEW
20758104005745,20758104005745,BONAFONT JUIZZY NARANJA 600MLX12PK 144,JUIZZY,2,3,UNMATCHED,0.0,NEEDS_REVIEW
750053300076,75005330007,NATURAL / MEMBERS MARK / NATURAL / 0.330 L / 30 PZ / 9.9 L,MEMBERS MARK,2,3,UNMATCHED,0.0,NEEDS_REVIEW
79298600070,7929860007,AGUA NATURAL / EVIAN / NATURAL / 6PZ / 1LT / 6LT,EVIAN,3,3,UNMATCHED,0.0,NEEDS_REVIEW
1750810400356,175081040035,LEVITE COCO PINA 12/1.5 LT LEVITE,LEVITE,3,3,UNMATCHED,0.0,NEEDS_REVIEW
1563818852,1563818852,2 x levite agua infusionada con frutos rojos 1l,LEVITE,3,3,UNMATCHED,0.0,NEEDS_REVIEW
1563222058,1563222058,levite agua saborizada piña coco x2,LEVITE,2,3,UNMATCHED,0.0,NEEDS_REVIEW
870153,870153,BASURA SAMS 12/1 LT  JIRAFA BFT,BONAFONT,2,3,UNMATCHED,0.0,NEEDS_REVIEW
311344,311344,BASURA SAMS 6/500ML BFT C/JUGO,JUIZZY,3,3,UNMATCHED,0.0,NEEDS_REVIEW
758104004560,75810400456,BOTELLIN CILINDRO BONAFONT 1 LT PZA,BONAFONT,2,3,UNMATCHED,0.0,NEEDS_REVIEW
1563222058,1563222058,levite agua saborizada piña coco x2,LEVITE,3,3,UNMATCHED,0.0,NEEDS_REVIEW
758104003136,75810400313,AGUA NATURAL / AQUA PURA / 1PZ / 1LT / 1LT,BONAFONT,3,3,UNMATCHED,0.0,NEEDS_REVIEW
40009575733,40009575733,BONAFONT ENV AGUA ENVASES BONAFONT ENVASE 20LT 40009575733,BEC,3,3,UNMATCHED,0.0,NEEDS_REVIEW
148843,148843,BASURA SAMS 148843,BONAFONT,3,3,UNMATCHED,0.0,NEEDS_REVIEW
25293003989,25293003989,SILK YOGURT,SILK,1,3,UNMATCHED,0.0,NEEDS_REVIEW
705682,705682,agua bonafont 6 l x 2,BONAFONT,3,3,UNMATCHED,0.0,NEEDS_REVIEW
75810400054,75810400054,AGUA NATURAL / BONAFONT / NATURAL / 6PZ / 1LT / 6LT,BONAFONT,3,3,UNMATCHED,0.0,NEEDS_REVIEW
750644310655,75064431065,DANETTE NATI,DANETTE,1,3,UNMATCHED,0.0,NEEDS_REVIEW
36632074218,36632074218,BEBIDA PROTEINA DE SOYA ULTRA SABOR CHOCOLATE,SILK,1,3,UNMATCHED,0.0,NEEDS_REVIEW
758104001019,75810400101,6PACK NAVIDENO BONAFONT 1.5LT,BONAFONT,3,3,UNMATCHED,0.0,NEEDS_REVIEW
175574,175574,BASURA SAMS 175574,BONAFONT,2,3,UNMATCHED,0.0,NEEDS_REVIEW
79298400649,7929840064,EVIAN EDICION ESPECIAL DVF 750,EVIAN,2,3,UNMATCHED,0.0,NEEDS_REVIEW
75810400588,75810400588,AGUA SABOR / BONAFONT C/ JUGO / GUAYABA / 6PZ / 0.6LT / 3.6LT,JUIZZY,3,3,UNMATCHED,0.0,NEEDS_REVIEW
40009555542,40009555542,BONAFONT ENV AGUA ENVASES BONAFONT ENVASE 20LT 40009555542,BEC,2,3,UNMATCHED,0.0,NEEDS_REVIEW
40009542978,4000954297,BONAFONT ENVASE 20LT 40009542978,BEC,2,3,UNMATCHED,0.0,NEEDS_REVIEW
758104000722,75810400072,BEBIDA TANGERINE CITRUS 750 ML BONAFONT LEVITE,LEVITE,3,3,UNMATCHED,0.0,NEEDS_REVIEW
75810400610,75810400610,BFT 25 MAS 18/600ML AGUA,BONAFONT,3,3,UNMATCHED,0.0,NEEDS_REVIEW
758104003242,75810400324,AGUA SABOR / BONAFONT C/JUGO/ MANZANA / 1PZ /0.3LT/0.3LT Chupon,BONAFONT KIDS,2,3,UNMATCHED,0.0,NEEDS_REVIEW
7500326299001,750032629900,TE VERDI PZA Z,ADES,3,3,UNMATCHED,0.0,NEEDS_REVIEW
36632037381,3663203738,81511 LT N FIT GRIEGO LIMA 5.3OZ 150G 119144,VITALINEA,1,3,UNMATCHED,0.0,NEEDS_REVIEW
2115053260,2115053260,COMBO DANMIX YOGHURT VAINILLA CON MyM + DANETTE VAINILLA,DANMIX,1,3,UNMATCHED,0.0,NEEDS_REVIEW
758104000289,75810400028,AGUA NATURAL / BONAFONT / NATURAL / 1PZ / 2LT / 2LT ,BONAFONT,3,3,UNMATCHED,0.0,NEEDS_REVIEW
750179162650,750179162650,AGUA GV 500ML,OTROS,2,3,UNMATCHED,0.0,NEEDS_REVIEW
744473912025,744473912025,LECHE COCO ORGANICA VAINILLA SIN ENDULZAR 1.89 LT,SILK,1,3,UNMATCHED,0.0,NEEDS_REVIEW
870153,870153,BASURA SAMS 12/1 LT  JIRAFA BFT,BONAFONT,3,3,UNMATCHED,0.0,NEEDS_REVIEW
2113464388,2113464388,2 x -levite agua fresa,LEVITE,2,3,UNMATCHED,0.0,NEEDS_REVIEW
981006414,981006414,agua bonafont natural 10 l,BONAFONT,3,3,UNMATCHED,0.0,NEEDS_REVIEW
981002729,981002729,BEBIDA OCEAN SPRAY LIGHT ARANDANO 1 L,OCEAN SPRAY,1,3,UNMATCHED,0.0,NEEDS_REVIEW
75810400193,75810400193,12/1.5LT AGUA LEVITE,LEVITE,3,3,UNMATCHED,0.0,NEEDS_REVIEW
854424,854424,BASURA SAMS 12/1.5 LT JIRAFA BFT,BONAFONT,3,3,UNMATCHED,0.0,NEEDS_REVIEW
7503002011010,750300201101,ULTRA PURA HIELO NATURAL 4.5 LT FAM,OTROS,2,3,UNMATCHED,0.0,NEEDS_REVIEW
40009525716,4000952571,ENVASE PUREZA AGA 20L,PUREZA AGA,2,3,UNMATCHED,0.0,NEEDS_REVIEW
7501827500023,7501827500023,evian refresco,EVIAN,2,3,UNMATCHED,0.0,NEEDS_REVIEW
20758104005776,20758104005776,BONAFONT JUIZZY GUAYABA 600MLX12PK 144,JUIZZY,3,3,UNMATCHED,0.0,NEEDS_REVIEW
25293000988,2529300098,SILK ALM ORIGINAL 1890ML 128246,SILK,1,3,UNMATCHED,0.0,NEEDS_REVIEW
79298400441,79298400441,EVIAN EVIAN AGUA NATURAL 750 MILILITROS 12 PACK,EVIAN,2,3,UNMATCHED,0.0,NEEDS_REVIEW
75810400743,75810400743,JUIZZY CHIA 6 PACK 0.500 L 3L,JUIZZY,2,3,UNMATCHED,0.0,NEEDS_REVIEW
40009575749,40009575749,BONAFONT ENV AGUA ENVASES BONAFONT ENVASE 20LT 40009575749,BEC,2,3,UNMATCHED,0.0,NEEDS_REVIEW
25293002906,2529300290,SILK ALM ORIGINAL SN AZC 5676ML(6x946ML) 130129,SILK,1,3,UNMATCHED,0.0,NEEDS_REVIEW
75810400829,75810400829,BFT JUIZZY MIXTO 300MLX24MPI TC 144,AGUAS FRESCAS,3,3,UNMATCHED,0.0,NEEDS_REVIEW
758104002597,75810400259,AGUA SABOR / JUIZZY / MANZANA / 0.500 L / 6 PZ / 3 L,AGUAS FRESCAS,3,3,UNMATCHED,0.0,NEEDS_REVIEW
36632075000,36632075000,DELIGHT ICED COFFEE CARAMEL 443ML ,DELIGHT,1,3,UNMATCHED,0.0,NEEDS_REVIEW
1563885902,1563885902,2 X BONAFONT AGUA,BONAFONT,2,3,UNMATCHED,0.0,NEEDS_REVIEW
7503021651037,7503021651037,Hielo Bolsa 4.5 kg,BONAFONT,3,3,UNMATCHED,0.0,NEEDS_REVIEW
40009575718,40009575718,BONAFONT ENV AGUA ENVASES BONAFONT ENVASE 20LT 40009575718,BEC,2,3,UNMATCHED,0.0,NEEDS_REVIEW
40009588114,40009588114,BONAFONT ENV AGUA ENVASES BONAFONT ENVASE 20LT 40009588114,BEC,3,3,UNMATCHED,0.0,NEEDS_REVIEW
75810400193,75810400193,12/1.5LT AGUA LEVITE,LEVITE,2,3,UNMATCHED,0.0,NEEDS_REVIEW
75810400548,75810400548,AGUA SABOR / BONAFONT C/JUGO / SURTIDO / 8PZ / 1LT / 8LT,JUIZZY,2,3,UNMATCHED,0.0,NEEDS_REVIEW
79298400434,79298400434,EVIAN GLASS 0.75ML,EVIAN,2,3,UNMATCHED,0.0,NEEDS_REVIEW
1563818822,1563818822,2 x bonafont aguas frescas piña 1l,BONAFONT,3,3,UNMATCHED,0.0,NEEDS_REVIEW
75810400422,75810400422,AGUA SABOR / BONAFONT C/JUGO / SURTIDO / 6PZAS / 0.3LT /1.8,BONAFONT KIDS,3,3,UNMATCHED,0.0,NEEDS_REVIEW
31200016034,31200016034,SALSA DE ARANDANO,OCEAN SPRAY,1,3,UNMATCHED,0.0,NEEDS_REVIEW
758104000746,75810400074,AGUA SABOR / LEVITE / MANDARINA / 1PZ / 1.5LT / 1.5LT,LEVITE,3,3,UNMATCHED,0.0,NEEDS_REVIEW
758104003136,75810400313,AGUA NATURAL / AQUA PURA / 1PZ / 1LT / 1LT,BONAFONT,2,3,UNMATCHED,0.0,NEEDS_REVIEW
75810400827,75810400827,BONAFONT NATURAL 2000MLX08MPI T/C 45,BONAFONT,2,3,UNMATCHED,0.0,NEEDS_REVIEW
750053300075,750053300075,NATURAL / MEMBERS MARK / NATURAL / 1.5 L / 15 PZ / 22.5 L,MEMBERS MARK,2,3,UNMATCHED,0.0,NEEDS_REVIEW
75810400724,7581040072,NATURAL / MEMBERS MARK / NATURAL / 2 L /6 PZ / 12 L,MEMBERS MARK,3,3,UNMATCHED,0.0,NEEDS_REVIEW
758104001811,75810400181,AGUA NATURAL 1 lt 6-PACK-IMPRESO,BONAFONT,3,3,UNMATCHED,0.0,NEEDS_REVIEW
75810400255,75810400255,12/1.5LT JUGO MZA,JUIZZY,2,3,UNMATCHED,0.0,NEEDS_REVIEW
75810400547,75810400547,AGUA SABOR / JUIZZY / SURTIDO / 8PZ / 1LT / 8LT,JUIZZY,3,3,UNMATCHED,0.0,NEEDS_REVIEW
2114975648,2114975648,3 X DANONE FRESA MORAS AZULES,DANONE,1,3,UNMATCHED,0.0,NEEDS_REVIEW
75810400554,75810400554,BONAFONT / NATURAL / 40PZ / .33 L / 13.2 L,BONAFONT,2,3,UNMATCHED,0.0,NEEDS_REVIEW
40009575771,40009575771,BONAFONT ENV AGUA ENVASES BONAFONT ENVASE 20LT 40009575771,BEC,2,3,UNMATCHED,0.0,NEEDS_REVIEW
750179162651,750179162651,AGUA GV 1.5 LT,OTROS,2,3,UNMATCHED,0.0,NEEDS_REVIEW
31200019233,3120001923,CRAN ORANGE NECTAR 1LT OCEAN SPRAY,OCEAN SPRAY,1,3,UNMATCHED,0.0,NEEDS_REVIEW
75810400683,7581040068,AGUA SABOR / LEVITE / SURTIDO / 12 PZ / 0.5 LT / 6 LT,LEVITE,2,3,UNMATCHED,0.0,NEEDS_REVIEW
2115036733,2115036733,2 X BONAFONT AGUA NATURAL 1 L,BONAFONT,3,3,UNMATCHED,0.0,NEEDS_REVIEW
36632074201,36632074201,BEBIDA PROTEINA DE SOYA ULTRA ORIGINAL,SILK,1,3,UNMATCHED,0.0,NEEDS_REVIEW
758104003112,75810400311,AGUA SABOR/BON C/JUGO LONCHERA/SURTIDO/ 6PZ /0.500LT /3LTmulti,JUIZZY,3,3,UNMATCHED,0.0,NEEDS_REVIEW
758104003167,75810400316,AGUA NATURAL / BONAFONT / NATURAL / 6PZS / 1LT / 6LT,BONAFONT,3,3,UNMATCHED,0.0,NEEDS_REVIEW
20758104005707,20758104005707,LEVITE CLASICA FRESA 600MLX12PK 144,LEVITE,2,3,UNMATCHED,0.0,NEEDS_REVIEW
75810400421,75810400421,AGUA NATURAL / EVIAN / NATURAL / 4PZ / 1LT / 4LT,EVIAN,3,3,UNMATCHED,0.0,NEEDS_REVIEW
758104001453,75810400145,AGUA NATURAL / BONAFONT / NATURAL 5 MAS 1 / 6PZ / 1.5LT / 9LT ,BONAFONT,2,3,UNMATCHED,0.0,NEEDS_REVIEW
981006412,981006412,agua bonafont natural 2 l,BONAFONT,3,3,UNMATCHED,0.0,NEEDS_REVIEW
2115036728,2115036728,2 X BONAFONT AGUAS FRESCAS GUAYABA,BONAFONT,3,3,UNMATCHED,0.0,NEEDS_REVIEW
758104100446,75810410044,AGUA NATURAL / BONAFONT / NATURAL / 6PZ / 1LT /6LTmulti,BONAFONT,3,3,UNMATCHED,0.0,NEEDS_REVIEW
758104003891,75810400389,AGUA NATURAL / EVIAN / NATURAL / 2PZ / 1.5LT / 3 LT,EVIAN,2,3,UNMATCHED,0.0,NEEDS_REVIEW
75810400530,75810400530,AGUA NATURAL / PUREZA AGA / NATURAL / 6PZ / 1LT / 6LT Multi,PUREZA AGA,2,3,UNMATCHED,0.0,NEEDS_REVIEW
758104002641,758104002641,AGUA SABOR / BONAFONT C/JUGO / MANZANA / 6PZ / 0.5LT / 3L,AGUAS FRESCAS,3,3,UNMATCHED,0.0,NEEDS_REVIEW
75810400603,7581040060,LEVITE MIX 12/1LT LEVITE,LEVITE,3,3,UNMATCHED,0.0,NEEDS_REVIEW
1563818859,1563818859,2 x bonafont aguas frescas naranja 1l,BONAFONT,3,3,UNMATCHED,0.0,NEEDS_REVIEW
758104006823,75810400682,AGUA SABOR / LEVITE / LIMON CHIA / 0.400 L / 1 PZ / 0.4,LEVITE,2,3,UNMATCHED,0.0,NEEDS_REVIEW
758104000562,75810400056,AGUA DE SABOR NARANJA DURAZNO 330 ML MAGIC,BONAFONT,2,3,UNMATCHED,0.0,NEEDS_REVIEW
41271025903,41271025903,DELIGHT FRENCH VANILLA 312ML,DELIGHT,1,3,UNMATCHED,0.0,NEEDS_REVIEW
981006416,981006416,agua natural bonafont 8x500ml,BONAFONT,3,3,UNMATCHED,0.0,NEEDS_REVIEW
981006413,981006413,bonafont agua natural purificada,BONAFONT,3,3,UNMATCHED,0.0,NEEDS_REVIEW
75810400802,75810400802,JUIZZY 8 PACK 1 L 8L,JUIZZY,2,3,UNMATCHED,0.0,NEEDS_REVIEW
758104001019,75810400101,6PACK NAVIDENO BONAFONT 1.5LT,BONAFONT,2,3,UNMATCHED,0.0,NEEDS_REVIEW
758104003402,75810400340,NATURAL / BONAFONT / NATURAL / 0.600 L / 1 PZ / 0.6 L,BONAFONT,3,3,UNMATCHED,0.0,NEEDS_REVIEW
40009575704,40009575704,BONAFONT ENV AGUA ENVASES BONAFONT ENVASE 20LT 40009575704,BEC,3,3,UNMATCHED,0.0,NEEDS_REVIEW
758104002580,75810400258,AGUA SABOR / JUIZZY / NARANJA / 0.500 L / 6 PZ / 3 L,AGUAS FRESCAS,3,3,UNMATCHED,0.0,NEEDS_REVIEW
61314000070,6131400007,AGUA NATURAL / EVIAN / NATURAL / 1PZ / 1LT / 1LT,EVIAN,2,3,UNMATCHED,0.0,NEEDS_REVIEW
28821,28821,BASURA SAMS 6PZ/3.785ML BONAFONT,BONAFONT,3,3,UNMATCHED,0.0,NEEDS_REVIEW
297198,297198,BASURA SAMS 12/1.5LT BFT C/JUGO,BONAFONT,2,3,UNMATCHED,0.0,NEEDS_REVIEW
400095117254,40009511725,BONAFONT AGUA NATURAL NATURAL 11 LT GARR Y,BEC,3,3,UNMATCHED,0.0,NEEDS_REVIEW
758104002580,75810400258,AGUA SABOR / JUIZZY / NARANJA / 0.500 L / 6 PZ / 3 L,AGUAS FRESCAS,2,3,UNMATCHED,0.0,NEEDS_REVIEW
825913,825913,BASURA SAMS 825913,BONAFONT,2,3,UNMATCHED,0.0,NEEDS_REVIEW
758104003723,75810400372,AGUA SABOR / LEVITE / TROPICOSO / 6PZ / 1.5LT / 9 LT,LEVITE,3,3,UNMATCHED,0.0,NEEDS_REVIEW
1075810400382,107581040038,JUIZZY GUAYABA 12/1.5 LT BONAFONT,JUIZZY,2,3,UNMATCHED,0.0,NEEDS_REVIEW
1563818857,1563818857,2 X BONAFONT AGUAS FRESCAS FRUTADA 1L,BONAFONT,2,3,UNMATCHED,0.0,NEEDS_REVIEW
981006416,981006416,agua natural bonafont 8x500ml,BONAFONT,2,3,UNMATCHED,0.0,NEEDS_REVIEW
40009579419,40009579419,BONAFONT ENV AGUA ENVASES BONAFONT ENVASE 20LT 40009579419,BEC,2,3,UNMATCHED,0.0,NEEDS_REVIEW
979209449,979209449,evian agua natural,EVIAN,3,3,UNMATCHED,0.0,NEEDS_REVIEW
750114340001,750114340001,AGUA BIDONES AGA LIQUIDO 20L,BEC,3,3,UNMATCHED,0.0,NEEDS_REVIEW
1563222068,1563222068,pack bonafont agua natural x2,BONAFONT,3,3,UNMATCHED,0.0,NEEDS_REVIEW
75810400054,75810400054,AGUA NATURAL / BONAFONT / NATURAL / 6PZ / 1LT / 6LT,BONAFONT,2,3,UNMATCHED,0.0,NEEDS_REVIEW
2115053258,2115053258,COMBO DANY GELATINA FRESA Y LIMON + DANETTE VAINILLA,DANY,1,3,UNMATCHED,0.0,NEEDS_REVIEW
25293001251,2529300125,SILK ALM NAT 946M,SILK,1,3,UNMATCHED,0.0,NEEDS_REVIEW
7503849,7503849,AGUA NATURAL / BONAFONT KIDS / NATURAL/1PZ/0.300LTind,BONAFONT KIDS,3,3,UNMATCHED,0.0,NEEDS_REVIEW
31200454553,3120045455,OCEAN SPRAY ARANDANO MANZANA 1LT,OCEAN SPRAY,1,3,UNMATCHED,0.0,NEEDS_REVIEW
2114935210,2114935210,BEBIDA VEGETAL SILK DE ALMENDRA DE CALIFORNIA SIN AZUCAR 946 ML,SILK,1,3,UNMATCHED,0.0,NEEDS_REVIEW
75810400644,75810400644,AGUA SABOR / LEVITE CLASICA /PINA COCO/ 1PZ / 2LT / 2LT,LEVITE,3,3,UNMATCHED,0.0,NEEDS_REVIEW
770634,770634,BASURA SAMS 6/1.5LT BFT C/JUGO,BONAFONT,2,3,UNMATCHED,0.0,NEEDS_REVIEW
758104000739,75810400073,AGUA SABOR / LEVITE / LIMON / 1PZ / 1.5LT / 1.5L,LEVITE,3,3,UNMATCHED,0.0,NEEDS_REVIEW
2115036732,2115036732,2 X LEVITE AGUA INFUSIONADA TOQUE PINA COCO,LEVITE,2,3,UNMATCHED,0.0,NEEDS_REVIEW
311351,311351,BASURA SAMS 311351,BONAFONT,2,3,UNMATCHED,0.0,NEEDS_REVIEW
1563818808,1563818808,2 X BONAFONT AGUAS FRESCAS DE SANDIA 1L,BONAFONT,3,3,UNMATCHED,0.0,NEEDS_REVIEW
7501032399191 ,750103239919,DANONE 3 EN 1 DANONE FRESA 125G,DANONE,1,3,UNMATCHED,0.0,NEEDS_REVIEW
758104003488,75810400348,AGUA NATURAL / BONAFONT / NATURAL / 2PZ / 1LT / 2LT RETO,BONAFONT,3,3,UNMATCHED,0.0,NEEDS_REVIEW
1563818724,1563818724,2 X LEVITE AGUA INFUSIONADA CON PINA COCO 1L,LEVITE,3,3,UNMATCHED,0.0,NEEDS_REVIEW
75810400832,75810400832,BONAFONT JUGO GUAYABA-NARANJA 1000ML X8,AGUAS FRESCAS,2,3,UNMATCHED,0.0,NEEDS_REVIEW
758104001545,75810400154,AGUA NATURAL / BONAFONT / NATURAL / 2PZ / 1.5LT / 3LTMulti,BONAFONT,2,3,UNMATCHED,0.0,NEEDS_REVIEW
770634,770634,BASURA SAMS 6/1.5LT BFT C/JUGO,BONAFONT,3,3,UNMATCHED,0.0,NEEDS_REVIEW
750053300076,75005330007,NATURAL / MEMBERS MARK / NATURAL / 0.330 L / 30 PZ / 9.9 L,MEMBERS MARK,3,3,UNMATCHED,0.0,NEEDS_REVIEW
758104000135,75810400013,AGUA NATURAL / BONAFONT / NATURAL / 24PZ / 0.33LT / 7.9L,BONAFONT,2,3,UNMATCHED,0.0,NEEDS_REVIEW
75810400802,75810400802,JUIZZY 8 PACK 1 L 8L,JUIZZY,3,3,UNMATCHED,0.0,NEEDS_REVIEW
1563885907,1563885907,2 X BONAFONT JUIZZY NARANJA,JUIZZY,2,3,UNMATCHED,0.0,NEEDS_REVIEW
20758104005776,20758104005776,BONAFONT JUIZZY GUAYABA 600MLX12PK 144,JUIZZY,2,3,UNMATCHED,0.0,NEEDS_REVIEW
758104000739,75810400073,AGUA SABOR / LEVITE / LIMON / 1PZ / 1.5LT / 1.5L,LEVITE,2,3,UNMATCHED,0.0,NEEDS_REVIEW
3120002080,3120002080,OCEAN SPRAY 2 X 2.83L,OCEAN SPRAY,1,3,UNMATCHED,0.0,NEEDS_REVIEW
75810400580,7581040058,AGUA SABOR / BONAFONT C/ JUGO / SURTIDO / 12PZ / 0.6LT / 7.2LT,JUIZZY,3,3,UNMATCHED,0.0,NEEDS_REVIEW
20758104005745,20758104005745,BONAFONT JUIZZY NARANJA 600MLX12PK 144,JUIZZY,3,3,UNMATCHED,0.0,NEEDS_REVIEW
758104000654,75810400065,Liquido 11L Bonafont,BEC,3,3,UNMATCHED,0.0,NEEDS_REVIEW
981011233,981011233,agua bonafont natural 1.5 l,BONAFONT,3,3,UNMATCHED,0.0,NEEDS_REVIEW
758104001453,75810400145,AGUA NATURAL / BONAFONT / NATURAL 5 MAS 1 / 6PZ / 1.5LT / 9LT ,BONAFONT,3,3,UNMATCHED,0.0,NEEDS_REVIEW
75810400255,75810400255,12/1.5LT JUGO MZA,JUIZZY,3,3,UNMATCHED,0.0,NEEDS_REVIEW
41220406043,41220406043,levite agua alcalina,LEVITE,2,3,UNMATCHED,0.0,NEEDS_REVIEW
61526,61526,BASURA SAMS 24PZ/500ML AGUA,EVIAN,3,3,UNMATCHED,0.0,NEEDS_REVIEW
40009575662,40009575662,BONAFONT ENV AGUA ENVASES BONAFONT ENVASE 20LT 40009575662,BEC,2,3,UNMATCHED,0.0,NEEDS_REVIEW
981002731,981002731,ARANDANOS DESHIDRATADOS OCEAN SPRAY CRAISINS 130 G,OCEAN SPRAY,1,3,UNMATCHED,0.0,NEEDS_REVIEW
758104003662,75810400366,AGUA SABOR / BONAFONT C/JUGO / SURTIDO /6PZ/1.5LT/9LTmulti,JUIZZY,2,3,UNMATCHED,0.0,NEEDS_REVIEW
28821,28821,BASURA SAMS 6PZ/3.785ML BONAFONT,BONAFONT,2,3,UNMATCHED,0.0,NEEDS_REVIEW
99999999,99999999,BASURA,NA,2,3,UNMATCHED,0.0,NEEDS_REVIEW
7503002244111,7503002244111,OCEAN SPRAY 3M JUGO ARANDANOS,OCEAN SPRAY,1,3,UNMATCHED,0.0,NEEDS_REVIEW
981005034,981005034,agua natural evian natural pack 6 botellas 1 l c/u,EVIAN,3,3,UNMATCHED,0.0,NEEDS_REVIEW
61314000018,6131400001,AGUA NATURAL / EVIAN / NATURAL / 1PZ / 1.5LT / 1.5LT,EVIAN,2,3,UNMATCHED,0.0,NEEDS_REVIEW
31200019257,3120001925,CRAN APPLE NECTAR 1LT OCEAN SPRAY,OCEAN SPRAY,1,3,UNMATCHED,0.0,NEEDS_REVIEW
4127100472,412710047,DELIGHT CREMA DULCE 946MLX12,DELIGHT,1,3,UNMATCHED,0.0,NEEDS_REVIEW
75810400590,7581040059,AGUA SABOR / LEVITE CLASICA / SURTIDO / 12PZ / 0.6LT / 7.2LT,LEVITE,3,3,UNMATCHED,0.0,NEEDS_REVIEW
750179162482,750179162482,AGUA GV 1 LT,OTROS,2,3,UNMATCHED,0.0,NEEDS_REVIEW
79298400632,79298400632,AGUA NATURAL / EVIAN / NATURAL / EDICION ESPECIAL / 1PZ /.750LT /.750LTS,EVIAN,3,3,UNMATCHED,0.0,NEEDS_REVIEW
400095456780,40009545678,BONAFONT AGUA NATURAL NATURAL 11 LT GARR X,BEC,3,3,UNMATCHED,0.0,NEEDS_REVIEW
758104002924,75810400292,AGUA NATURAL / EVIAN / NATURAL / 4PZ /1LT/4LTmulti,EVIAN,3,3,UNMATCHED,0.0,NEEDS_REVIEW
20758104005714,20758104005714,LEVITE CLASICA JAMAICA 600MLX12PK 144,LEVITE,2,3,UNMATCHED,0.0,NEEDS_REVIEW
7503002011010,750300201101,ULTRA PURA HIELO NATURAL 4.5 LT FAM,OTROS,3,3,UNMATCHED,0.0,NEEDS_REVIEW
758104003402,75810400340,NATURAL / BONAFONT / NATURAL / 0.600 L / 1 PZ / 0.6 L,BONAFONT,2,3,UNMATCHED,0.0,NEEDS_REVIEW
10000075061682,1000007506168,AGUA SABOR / BONAFONT KIDS / UVA / 24PZ / 7.2LT,BONAFONT KIDS,2,3,UNMATCHED,0.0,NEEDS_REVIEW
2113302498,2113302498,DAN UP ALIMENTO LACTEO FERMENTADO SABORES SURTIDOS,SILK,1,3,UNMATCHED,0.0,NEEDS_REVIEW
31200019295,3120001929,CRAN PINEAPPLE NECTAR 1LT OCEAN SPRAY,OCEAN SPRAY,1,3,UNMATCHED,0.0,NEEDS_REVIEW
9065,906,AGUA SABOR / BONAFONT C/ JUGO / JAMAICA / 1PZ / 1LT / 1LT,AGUAS FRESCAS,3,3,UNMATCHED,0.0,NEEDS_REVIEW
79298400618,79298400618,AGUA NATURAL / EVIAN / EDICION ESPECIAL / NATURAL / 1PZ / 0.750LT / 0.750L,EVIAN,2,3,UNMATCHED,0.0,NEEDS_REVIEW
2113174670,2113174670,3 X 2 OIKOS YOGHURT GRIEGO,OIKOS,1,3,UNMATCHED,0.0,NEEDS_REVIEW
20758104005769,20758104005769,BONAFONT JUIZZY MANZANA 600MLX12PK 144,JUIZZY,3,3,UNMATCHED,0.0,NEEDS_REVIEW
75810400610,75810400610,BFT 25 MAS 18/600ML AGUA,BONAFONT,2,3,UNMATCHED,0.0,NEEDS_REVIEW
758104003167,75810400316,AGUA NATURAL / BONAFONT / NATURAL / 6PZS / 1LT / 6LT,BONAFONT,2,3,UNMATCHED,0.0,NEEDS_REVIEW
1563818899,1563818899,2 x bonafont aguas frescas piña y alfalfa 1l,BONAFONT,2,3,UNMATCHED,0.0,NEEDS_REVIEW
7504703,7504703,AGUA SABOR / BONAFONT C/JUGO / UVA / 1PZ / 0.3LT / 0.3LTS,BONAFONT KIDS,2,3,UNMATCHED,0.0,NEEDS_REVIEW
36632037329,3663203732,78696 LT N FIT GRI MORA AZUL 5.3OZ 150G 119152,VITALINEA,1,3,UNMATCHED,0.0,NEEDS_REVIEW
75810400655,75810400655,AGUA SABOR / JUIZZY / SURTIDO / 12PZ / 1LT / 12LT,JUIZZY,3,3,UNMATCHED,0.0,NEEDS_REVIEW
758104000722,75810400072,BEBIDA TANGERINE CITRUS 750 ML BONAFONT LEVITE,LEVITE,2,3,UNMATCHED,0.0,NEEDS_REVIEW
2115061143,2115061143,2 X DANY GELATINA FRESA Y LIMON,DANY,1,3,UNMATCHED,0.0,NEEDS_REVIEW
40009588128,40009588128,BONAFONT ENV AGUA ENVASES BONAFONT ENVASE 20LT 40009588128,BEC,2,3,UNMATCHED,0.0,NEEDS_REVIEW
980032799,98003279,AGUA SABOR / JUIZZY / SURTIDO / 1 L / 8 PZ / 8 L.,AGUAS FRESCAS,2,3,UNMATCHED,0.0,NEEDS_REVIEW
750053300075,750053300075,NATURAL / MEMBERS MARK / NATURAL / 1.5 L / 15 PZ / 22.5 L,MEMBERS MARK,3,3,UNMATCHED,0.0,NEEDS_REVIEW
75810400554,75810400554,BONAFONT / NATURAL / 40PZ / .33 L / 13.2 L,BONAFONT,3,3,UNMATCHED,0.0,NEEDS_REVIEW
 758104008957, 758104008957,Bonafont Natural 500ml x 20,BONAFONT,3,3,UNMATCHED,0.0,NEEDS_REVIEW
825913,825913,BASURA SAMS 825913,BONAFONT,3,3,UNMATCHED,0.0,NEEDS_REVIEW
75810400649,75810400649,AGUA SABOR / LEVITE / MIXTO / 24PZ / 0.6LT / 14.4LT,LEVITE,3,3,UNMATCHED,0.0,NEEDS_REVIEW
2115036730,2115036730,2 X BONAFONT AGUAS FRESCAS NARANJA,BONAFONT,3,3,UNMATCHED,0.0,NEEDS_REVIEW
758104004324,75810400432,AGUA NATURAL / EVIAN / NATURAL (4 x 3) / 4PZ / 0.75LT / 3LT,EVIAN,2,3,UNMATCHED,0.0,NEEDS_REVIEW
75810400025,75810400025,BONAFONT AGUA NATURAL 20L,BEC,2,3,UNMATCHED,0.0,NEEDS_REVIEW
75810400280,75810400280,AGUA MINERAL / BONAFONT MINERALIZADA / 6PZ / 0.6LT / 3.6LT,BONAFONT MINERAL,3,3,UNMATCHED,0.0,NEEDS_REVIEW
61314000056,6131400005,AGUA NATURAL / EVIAN / NATURAL / 1PZ / 0.33LT / 0.33LT,EVIAN,3,3,UNMATCHED,0.0,NEEDS_REVIEW
758104000852,75810400085,BEBIDA BRISA JAMAICA 1.5 LT BONAFONT LEVITE,LEVITE,2,3,UNMATCHED,0.0,NEEDS_REVIEW
2115036730,2115036730,2 X BONAFONT AGUAS FRESCAS NARANJA,BONAFONT,2,3,UNMATCHED,0.0,NEEDS_REVIEW
758104002856,75810400285,AGUA NATURAL / BONAFONT / NATURAL / 4PZ / 1.5LT / 4.5LTmulti,BONAFONT,2,3,UNMATCHED,0.0,NEEDS_REVIEW
75810400648,75810400648,AGUA NATURAL / BONAFONT / NATURAL / 18PZ / .750LT / 13.5LT,BONAFONT,2,3,UNMATCHED,0.0,NEEDS_REVIEW
99999999,99999999,BASURA,NA,3,3,UNMATCHED,0.0,NEEDS_REVIEW
2113464387,2113464387,2 X Bonafont Juizzy Tamarindo,JUIZZY,3,3,UNMATCHED,0.0,NEEDS_REVIEW
2114887259,2114887259,BONAFONT AGUA NATURAL,BONAFONT,3,3,UNMATCHED,0.0,NEEDS_REVIEW
7503003535614,750300353561,SET REFRACTARIOS BONAFONT VERDE/NARANJA,BEC,2,3,UNMATCHED,0.0,NEEDS_REVIEW
61314000070,6131400007,AGUA NATURAL / EVIAN / NATURAL / 1PZ / 1LT / 1LT,EVIAN,3,3,UNMATCHED,0.0,NEEDS_REVIEW
1075810400257,1075810400257,AGUA SABOR / BONAFONT C/JUGO / NARANJA / 1PZ / 0.5LT / .5L,JUIZZY,3,3,UNMATCHED,0.0,NEEDS_REVIEW
61314000056,6131400005,AGUA NATURAL / EVIAN / NATURAL / 1PZ / 0.33LT / 0.33LT,EVIAN,2,3,UNMATCHED,0.0,NEEDS_REVIEW
40009575749,40009575749,BONAFONT ENV AGUA ENVASES BONAFONT ENVASE 20LT 40009575749,BEC,3,3,UNMATCHED,0.0,NEEDS_REVIEW
40009509075,4000950907,AGA PUREZA BIDONES 40009509075,PUREZA AGA,2,3,UNMATCHED,0.0,NEEDS_REVIEW
758104003242,75810400324,AGUA SABOR / BONAFONT C/JUGO/ MANZANA / 1PZ /0.3LT/0.3LT Chupon,BONAFONT KIDS,3,3,UNMATCHED,0.0,NEEDS_REVIEW
758104004324,75810400432,AGUA NATURAL / EVIAN / NATURAL (4 x 3) / 4PZ / 0.75LT / 3LT,EVIAN,3,3,UNMATCHED,0.0,NEEDS_REVIEW
55116,55116,BASURA SAMS 24PZ 300ML LUCOZADE,BONAFONT,2,3,UNMATCHED,0.0,NEEDS_REVIEW
41271009552,4127100955,DELIGHT BOTELLA CARAMEL MACCH 946ML (1067G) 12CT,DELIGHT,1,3,UNMATCHED,0.0,NEEDS_REVIEW
846570,846570,BASURA SAMS 846570,BONAFONT,3,3,UNMATCHED,0.0,NEEDS_REVIEW
1563222003,1563222003,bonafont juizzy bonafont bebida x2,JUIZZY,3,3,UNMATCHED,0.0,NEEDS_REVIEW
2115036732,2115036732,2 X LEVITE AGUA INFUSIONADA TOQUE PINA COCO,LEVITE,3,3,UNMATCHED,0.0,NEEDS_REVIEW
2113172085,2113172085,DANUP YOGURT SABOR FRESA PIÑA COCO,DANUP,1,3,UNMATCHED,0.0,NEEDS_REVIEW
380517,380517,AGUA JUIZZY 4PACK 1L PINA/GUAYABA 4L,JUIZZY,2,3,UNMATCHED,0.0,NEEDS_REVIEW
40009525716,4000952571,ENVASE PUREZA AGA 20L,PUREZA AGA,3,3,UNMATCHED,0.0,NEEDS_REVIEW
40009575771,40009575771,BONAFONT ENV AGUA ENVASES BONAFONT ENVASE 20LT 40009575771,BEC,3,3,UNMATCHED,0.0,NEEDS_REVIEW
75810400347,75810400347,EVIAN  750 ML JPG NATURAL 4PK,EVIAN,2,3,UNMATCHED,0.0,NEEDS_REVIEW
7502245720024,7502245720024,SILK SILICA HAIR KIWI FRESA,SILK,1,3,UNMATCHED,0.0,NEEDS_REVIEW
79298500547,7929850054,EVIAN 33LG US CS20 CHC88,EVIAN,3,3,UNMATCHED,0.0,NEEDS_REVIEW
400001203422,40000120342,ENVASE 11 LT 1 PZA,BEC,2,3,UNMATCHED,0.0,NEEDS_REVIEW
7929811009,792981100,NATURAL / EVIAN / NATURAL / 1.25 L / 4 PZ / 5 L,EVIAN,2,3,UNMATCHED,0.0,NEEDS_REVIEW
980015374,980015374,SILK ALIMENTO LIQUIDO FRESH COCO SIN AZUCAR,SILK,1,3,UNMATCHED,0.0,NEEDS_REVIEW
75810400589,75810400589,AGUA SABOR / LEVITE CLASICA / FRESA / 6PZ / 0.6LT / 3.6LT,LEVITE,3,3,UNMATCHED,0.0,NEEDS_REVIEW
1563818896,1563818896,2 x levite agua infusionada con fresa 1l,BONAFONT,2,3,UNMATCHED,0.0,NEEDS_REVIEW
10146,1014,GARRAFON 11 L,BEC,2,3,UNMATCHED,0.0,NEEDS_REVIEW
79298500547,7929850054,EVIAN 33LG US CS20 CHC88,EVIAN,2,3,UNMATCHED,0.0,NEEDS_REVIEW
8712400806527,8712400806527,FORMULA INFANTIL APTAMIL AR,DANONE,1,3,UNMATCHED,0.0,NEEDS_REVIEW
79298400618,79298400618,AGUA NATURAL / EVIAN / EDICION ESPECIAL / NATURAL / 1PZ / 0.750LT / 0.750L,EVIAN,3,3,UNMATCHED,0.0,NEEDS_REVIEW
999991707631,999991707631,BONAFONT AGUA NATURAL NATURAL 11 LT GARR Z,BONAFONT,2,3,UNMATCHED,0.0,NEEDS_REVIEW
8712400806565,8712400806565,FORMULA INFANTIL DANONE APTAMIL SIN LACTOSA 400 G,DANONE,1,3,UNMATCHED,0.0,NEEDS_REVIEW
31200019271,3120001927,CRAN MANGO NECTAR 1LT OCEAN SPRAY,OCEAN SPRAY,1,3,UNMATCHED,0.0,NEEDS_REVIEW
854424,854424,BASURA SAMS 12/1.5 LT JIRAFA BFT,BONAFONT,2,3,UNMATCHED,0.0,NEEDS_REVIEW
20758104005738,20758104005738,LEVITE CLASICA PEPINO LIMON 600MLX12PK 144,LEVITE,3,3,UNMATCHED,0.0,NEEDS_REVIEW
758104000616,75810400061,BEBIDA MANZANA MEDITERRANEA 750 ML BONAFONT LEVITE,LEVITE,2,3,UNMATCHED,0.0,NEEDS_REVIEW
75810400275,75810400275,PUREZA AGA  1 LT NATURAL,PUREZA AGA,3,3,UNMATCHED,0.0,NEEDS_REVIEW
61314000032,6131400003,AGUA NATURAL / EVIAN / NATURAL / 1PZ / 0.5LT / 0.5LT,EVIAN,3,3,UNMATCHED,0.0,NEEDS_REVIEW
75810400685,75810400685,NATURAL / BONAFONT / NATURAL / 0.950 L / 1 PZ / 0.95 L,BONAFONT,2,3,UNMATCHED,0.0,NEEDS_REVIEW
147002,147002,BASURA SAMS 6/500ML AGUA,BONAFONT,3,3,UNMATCHED,0.0,NEEDS_REVIEW
758104001637,75810400163,AGUA SABOR / LEVITE CLASICA / LIMON / 6PZ / 0.5LT / 3LT,LEVITE,3,3,UNMATCHED,0.0,NEEDS_REVIEW
770704,770704,BASURA SAMS 770704 6/1.5LT BFT C/JUGO,BONAFONT,2,3,UNMATCHED,0.0,NEEDS_REVIEW
981005034,981005034,agua natural evian natural pack 6 botellas 1 l c/u,EVIAN,2,3,UNMATCHED,0.0,NEEDS_REVIEW
75810400347,75810400347,EVIAN  750 ML JPG NATURAL 4PK,EVIAN,3,3,UNMATCHED,0.0,NEEDS_REVIEW
7504702,7504702,AGUA SABOR / BONAFONT C/JUGO / MANZANA / 1PZ / 0.3LT / 0.3LTS,BONAFONT KIDS,2,3,UNMATCHED,0.0,NEEDS_REVIEW
75810400832,75810400832,BONAFONT JUGO GUAYABA-NARANJA 1000ML X8,AGUAS FRESCAS,3,3,UNMATCHED,0.0,NEEDS_REVIEW
17581040015693,17581040015693,AGUA NATURAL / BONAFONT / NATURAL / 6PZ / 1.5LT / 9 LT,BONAFONT,3,3,UNMATCHED,0.0,NEEDS_REVIEW
40009575683,40009575683,BONAFONT ENV AGUA ENVASES BONAFONT ENVASE 20LT 40009575683,BEC,2,3,UNMATCHED,0.0,NEEDS_REVIEW
979209449,979209449,evian agua natural,EVIAN,2,3,UNMATCHED,0.0,NEEDS_REVIEW
750179161098,75017916109,GV AGUA PURIF 500 ML,OTROS,2,3,UNMATCHED,0.0,NEEDS_REVIEW
758104000838,75810400083,BEBIDA BRISA JAMAICA 750 ML BONAFONT LEVITE,LEVITE,3,3,UNMATCHED,0.0,NEEDS_REVIEW
99999999,99999999,BASURA,ACTIVIA,1,3,UNMATCHED,0.0,NEEDS_REVIEW
2115061140,2115061140,2 X DANETTE VAINILLA,DANETTE,1,3,UNMATCHED,0.0,NEEDS_REVIEW
1563818899,1563818899,2 x bonafont aguas frescas piña y alfalfa 1l,BONAFONT,3,3,UNMATCHED,0.0,NEEDS_REVIEW
