mrkt_dsc_shrt,mrkt_dsc_shrt_norm,market_key,canal_std,canal_lvl1,canal_lvl2,agg_level,region_type,region_std,region_detail,is_total_mexico,is_scanning,source_cbu,promoted,confirmation_status,notes
Autoservicios Scanning Ensenada,AUTOSERVICIOS SCANNING ENSENADA,2fdc398679a45831,AUTOSERVICIO_SCANNING,MODERNO,AUTOSERVICIO_SCANNING,DETAIL,CITY,ENSENADA,ENSENADA,NO,YES,WATER_ST,YES,AUTO_CLASSIFIED,"Filled from Water Scantrack Nielsen classification rules using established patterns for Scanning, Surtido, Areas, VDM, Cities and Total Mexico."
Autos Scanning Area 4,AUTOS SCANNING AREA 4,2646689b5d5c462e,AUTOSERVICIO_SCANNING,MODERNO,AUTOSERVICIO_SCANNING,TOTAL,AREA,AREA_4,AREA_4,NO,YES,WATER_ST,YES,AUTO_CLASSIFIED,"Filled from Water Scantrack Nielsen classification rules using established patterns for Scanning, Surtido, Areas, VDM, Cities and Total Mexico."
Autos Scanning Areas 3 + 4 + 5 +6,AUTOS SCANNING AREAS 3 + 4 + 5 +6,c6b03fd2a1e25304,AUTOSERVICIO_SCANNING,MODERNO,AUTOSERVICIO_SCANNING,TOTAL,AREA,AREA_3_6,AREA_3_6,NO,YES,WATER_ST,YES,AUTO_CLASSIFIED,"Filled from Water Scantrack Nielsen classification rules using established patterns for Scanning, Surtido, Areas, VDM, Cities and Total Mexico."
Autoservicios Surt. Extendido Area 5,AUTOSERVICIOS SURT. EXTENDIDO AREA 5,747c777d573b56f2,AUTOSERVICIO,MODERNO,AUTOSERVICIO,TOTAL,AREA,AREA_5,AREA_5,NO,NO,WATER_ST,YES,AUTO_CLASSIFIED,"Filled from Water Scantrack Nielsen classification rules using established patterns for Scanning, Surtido, Areas, VDM, Cities and Total Mexico."
Autoservicios Scanning Minatitlan,AUTOSERVICIOS SCANNING MINATITLAN,466f86b62130bf05,AUTOSERVICIO_SCANNING,MODERNO,AUTOSERVICIO_SCANNING,DETAIL,CITY,MINATITLAN,MINATITLAN,NO,YES,WATER_ST,YES,AUTO_CLASSIFIED,"Filled from Water Scantrack Nielsen classification rules using established patterns for Scanning, Surtido, Areas, VDM, Cities and Total Mexico."
Autoservicios Surt. Extendido Area 3,AUTOSERVICIOS SURT. EXTENDIDO AREA 3,107385cb2eea27c4,AUTOSERVICIO,MODERNO,AUTOSERVICIO,TOTAL,AREA,AREA_3,AREA_3,NO,NO,WATER_ST,YES,AUTO_CLASSIFIED,"Filled from Water Scantrack Nielsen classification rules using established patterns for Scanning, Surtido, Areas, VDM, Cities and Total Mexico."
Autoservicios Surt. Completo Area 5,AUTOSERVICIOS SURT. COMPLETO AREA 5,1a2b040b93fb1e8b,AUTOSERVICIO,MODERNO,AUTOSERVICIO,TOTAL,AREA,AREA_5,AREA_5,NO,NO,WATER_ST,YES,AUTO_CLASSIFIED,"Filled from Water Scantrack Nielsen classification rules using established patterns for Scanning, Surtido, Areas, VDM, Cities and Total Mexico."
Autoservicios Scanning Leon,AUTOSERVICIOS SCANNING LEON,f8bbec79609e7544,AUTOSERVICIO_SCANNING,MODERNO,AUTOSERVICIO_SCANNING,DETAIL,CITY,LEON,LEON,NO,YES,WATER_ST,YES,AUTO_CLASSIFIED,"Filled from Water Scantrack Nielsen classification rules using established patterns for Scanning, Surtido, Areas, VDM, Cities and Total Mexico."
Autoservicios Surt. Extendido Area 6,AUTOSERVICIOS SURT. EXTENDIDO AREA 6,da26e1645f938392,AUTOSERVICIO,MODERNO,AUTOSERVICIO,TOTAL,AREA,AREA_6,AREA_6,NO,NO,WATER_ST,YES,AUTO_CLASSIFIED,"Filled from Water Scantrack Nielsen classification rules using established patterns for Scanning, Surtido, Areas, VDM, Cities and Total Mexico."
Autoservicios Scanning Aguascalientes,AUTOSERVICIOS SCANNING AGUASCALIENTES,fd424061968a5122,AUTOSERVICIO_SCANNING,MODERNO,AUTOSERVICIO_SCANNING,DETAIL,CITY,AGUASCALIENTES,AGUASCALIENTES,NO,YES,WATER_ST,YES,AUTO_CLASSIFIED,"Filled from Water Scantrack Nielsen classification rules using established patterns for Scanning, Surtido, Areas, VDM, Cities and Total Mexico."
Autoservicios Scanning Acapulco,AUTOSERVICIOS SCANNING ACAPULCO,3de09bfdecd77120,AUTOSERVICIO_SCANNING,MODERNO,AUTOSERVICIO_SCANNING,DETAIL,CITY,ACAPULCO,ACAPULCO,NO,YES,WATER_ST,YES,AUTO_CLASSIFIED,"Filled from Water Scantrack Nielsen classification rules using established patterns for Scanning, Surtido, Areas, VDM, Cities and Total Mexico."
Autoservicios Scanning Veracruz,AUTOSERVICIOS SCANNING VERACRUZ,d5cffa96eab8a2ce,AUTOSERVICIO_SCANNING,MODERNO,AUTOSERVICIO_SCANNING,DETAIL,CITY,VERACRUZ,VERACRUZ,NO,YES,WATER_ST,YES,AUTO_CLASSIFIED,"Filled from Water Scantrack Nielsen classification rules using established patterns for Scanning, Surtido, Areas, VDM, Cities and Total Mexico."
Autoservicios Scanning Cozumel,AUTOSERVICIOS SCANNING COZUMEL,f3199afba37406e7,AUTOSERVICIO_SCANNING,MODERNO,AUTOSERVICIO_SCANNING,DETAIL,CITY,COZUMEL,COZUMEL,NO,YES,WATER_ST,YES,AUTO_CLASSIFIED,"Filled from Water Scantrack Nielsen classification rules using established patterns for Scanning, Surtido, Areas, VDM, Cities and Total Mexico."
Autoservicios Scanning Orizaba,AUTOSERVICIOS SCANNING ORIZABA,f2d18d8c98dfeab6,AUTOSERVICIO_SCANNING,MODERNO,AUTOSERVICIO_SCANNING,DETAIL,CITY,ORIZABA,ORIZABA,NO,YES,WATER_ST,YES,AUTO_CLASSIFIED,"Filled from Water Scantrack Nielsen classification rules using established patterns for Scanning, Surtido, Areas, VDM, Cities and Total Mexico."
Autoservicios Scanning Merida,AUTOSERVICIOS SCANNING MERIDA,101254f880a74d3f,AUTOSERVICIO_SCANNING,MODERNO,AUTOSERVICIO_SCANNING,DETAIL,CITY,MERIDA,MERIDA,NO,YES,WATER_ST,YES,AUTO_CLASSIFIED,"Filled from Water Scantrack Nielsen classification rules using established patterns for Scanning, Surtido, Areas, VDM, Cities and Total Mexico."
Autoservicios Scanning La Paz,AUTOSERVICIOS SCANNING LA PAZ,2f3f0c0b0d82bd97,AUTOSERVICIO_SCANNING,MODERNO,AUTOSERVICIO_SCANNING,DETAIL,CITY,LA PAZ,LA PAZ,NO,YES,WATER_ST,YES,AUTO_CLASSIFIED,"Filled from Water Scantrack Nielsen classification rules using established patterns for Scanning, Surtido, Areas, VDM, Cities and Total Mexico."
Autoservicios Scanning Tijuana,AUTOSERVICIOS SCANNING TIJUANA,a94f20f06991ad0c,AUTOSERVICIO_SCANNING,MODERNO,AUTOSERVICIO_SCANNING,DETAIL,CITY,TIJUANA,TIJUANA,NO,YES,WATER_ST,YES,AUTO_CLASSIFIED,"Filled from Water Scantrack Nielsen classification rules using established patterns for Scanning, Surtido, Areas, VDM, Cities and Total Mexico."
Autoservicios Scanning Queretaro,AUTOSERVICIOS SCANNING QUERETARO,bd8d65f56407a638,AUTOSERVICIO_SCANNING,MODERNO,AUTOSERVICIO_SCANNING,DETAIL,CITY,QUERETARO,QUERETARO,NO,YES,WATER_ST,YES,AUTO_CLASSIFIED,"Filled from Water Scantrack Nielsen classification rules using established patterns for Scanning, Surtido, Areas, VDM, Cities and Total Mexico."
Autoservicios Scanning Poza Rica,AUTOSERVICIOS SCANNING POZA RICA,31ff818371806324,AUTOSERVICIO_SCANNING,MODERNO,AUTOSERVICIO_SCANNING,DETAIL,CITY,POZA RICA,POZA RICA,NO,YES,WATER_ST,YES,AUTO_CLASSIFIED,"Filled from Water Scantrack Nielsen classification rules using established patterns for Scanning, Surtido, Areas, VDM, Cities and Total Mexico."
Autos Scanning Area 1,AUTOS SCANNING AREA 1,091234c9000b631f,AUTOSERVICIO_SCANNING,MODERNO,AUTOSERVICIO_SCANNING,TOTAL,AREA,AREA_1,AREA_1,NO,YES,WATER_ST,YES,AUTO_CLASSIFIED,"Filled from Water Scantrack Nielsen classification rules using established patterns for Scanning, Surtido, Areas, VDM, Cities and Total Mexico."
Autoservicios Surt. Esencial Total Mexico,AUTOSERVICIOS SURT. ESENCIAL TOTAL MEXICO,3c6db2bb37440470,AUTOSERVICIO,MODERNO,AUTOSERVICIO,TOTAL,TOTAL_MEXICO,TOTAL_MEXICO,TOTAL_MEXICO,YES,NO,WATER_ST,YES,AUTO_CLASSIFIED,"Filled from Water Scantrack Nielsen classification rules using established patterns for Scanning, Surtido, Areas, VDM, Cities and Total Mexico."
Total Autos Baja California_MT,TOTAL AUTOS BAJA CALIFORNIA_MT,0886d0b8e051a520,AUTOSERVICIO,MODERNO,AUTOSERVICIO,TOTAL,CITY,BAJA CALIFORNIA,BAJA CALIFORNIA,NO,NO,WATER_ST,YES,AUTO_CLASSIFIED,"Filled from Water Scantrack Nielsen classification rules using established patterns for Scanning, Surtido, Areas, VDM, Cities and Total Mexico."
Autoservicios Scanning Piedras Negras,AUTOSERVICIOS SCANNING PIEDRAS NEGRAS,86577f99c3d5287c,AUTOSERVICIO_SCANNING,MODERNO,AUTOSERVICIO_SCANNING,DETAIL,CITY,PIEDRAS NEGRAS,PIEDRAS NEGRAS,NO,YES,WATER_ST,YES,AUTO_CLASSIFIED,"Filled from Water Scantrack Nielsen classification rules using established patterns for Scanning, Surtido, Areas, VDM, Cities and Total Mexico."
Autoservicios Scanning Mexicali,AUTOSERVICIOS SCANNING MEXICALI,062ebb31773749ae,AUTOSERVICIO_SCANNING,MODERNO,AUTOSERVICIO_SCANNING,DETAIL,CITY,MEXICALI,MEXICALI,NO,YES,WATER_ST,YES,AUTO_CLASSIFIED,"Filled from Water Scantrack Nielsen classification rules using established patterns for Scanning, Surtido, Areas, VDM, Cities and Total Mexico."
Autoservicios Surt. Completo Area 4,AUTOSERVICIOS SURT. COMPLETO AREA 4,6fdacf15ffaecefd,AUTOSERVICIO,MODERNO,AUTOSERVICIO,TOTAL,AREA,AREA_4,AREA_4,NO,NO,WATER_ST,YES,AUTO_CLASSIFIED,"Filled from Water Scantrack Nielsen classification rules using established patterns for Scanning, Surtido, Areas, VDM, Cities and Total Mexico."
Autoservicios Surt. Completo Area 1,AUTOSERVICIOS SURT. COMPLETO AREA 1,8b1ee5841c802b94,AUTOSERVICIO,MODERNO,AUTOSERVICIO,TOTAL,AREA,AREA_1,AREA_1,NO,NO,WATER_ST,YES,AUTO_CLASSIFIED,"Filled from Water Scantrack Nielsen classification rules using established patterns for Scanning, Surtido, Areas, VDM, Cities and Total Mexico."
Autoservicios Scanning Mazatlan,AUTOSERVICIOS SCANNING MAZATLAN,26bc627360f74dc5,AUTOSERVICIO_SCANNING,MODERNO,AUTOSERVICIO_SCANNING,DETAIL,CITY,MAZATLAN,MAZATLAN,NO,YES,WATER_ST,YES,AUTO_CLASSIFIED,"Filled from Water Scantrack Nielsen classification rules using established patterns for Scanning, Surtido, Areas, VDM, Cities and Total Mexico."
Autoservicios Scanning Villahermosa,AUTOSERVICIOS SCANNING VILLAHERMOSA,4cafbddf9df7f403,AUTOSERVICIO_SCANNING,MODERNO,AUTOSERVICIO_SCANNING,DETAIL,CITY,VILLAHERMOSA,VILLAHERMOSA,NO,YES,WATER_ST,YES,AUTO_CLASSIFIED,"Filled from Water Scantrack Nielsen classification rules using established patterns for Scanning, Surtido, Areas, VDM, Cities and Total Mexico."
Autoservicios Surt. Esencial Area 3,AUTOSERVICIOS SURT. ESENCIAL AREA 3,20136e3538bece20,AUTOSERVICIO,MODERNO,AUTOSERVICIO,TOTAL,AREA,AREA_3,AREA_3,NO,NO,WATER_ST,YES,AUTO_CLASSIFIED,"Filled from Water Scantrack Nielsen classification rules using established patterns for Scanning, Surtido, Areas, VDM, Cities and Total Mexico."
Autoservicios Scanning Saltillo,AUTOSERVICIOS SCANNING SALTILLO,34ae9a282f78d252,AUTOSERVICIO_SCANNING,MODERNO,AUTOSERVICIO_SCANNING,DETAIL,CITY,SALTILLO,SALTILLO,NO,YES,WATER_ST,YES,AUTO_CLASSIFIED,"Filled from Water Scantrack Nielsen classification rules using established patterns for Scanning, Surtido, Areas, VDM, Cities and Total Mexico."
Autoservicios Scanning Culiacan,AUTOSERVICIOS SCANNING CULIACAN,c6c24d1057f20519,AUTOSERVICIO_SCANNING,MODERNO,AUTOSERVICIO_SCANNING,DETAIL,CITY,CULIACAN,CULIACAN,NO,YES,WATER_ST,YES,AUTO_CLASSIFIED,"Filled from Water Scantrack Nielsen classification rules using established patterns for Scanning, Surtido, Areas, VDM, Cities and Total Mexico."
Autoservicios Scanning Tepic,AUTOSERVICIOS SCANNING TEPIC,28d4d7e6159c20c7,AUTOSERVICIO_SCANNING,MODERNO,AUTOSERVICIO_SCANNING,DETAIL,CITY,TEPIC,TEPIC,NO,YES,WATER_ST,YES,AUTO_CLASSIFIED,"Filled from Water Scantrack Nielsen classification rules using established patterns for Scanning, Surtido, Areas, VDM, Cities and Total Mexico."
Autoservicios Surt. Extendido Total Mexico,AUTOSERVICIOS SURT. EXTENDIDO TOTAL MEXICO,4e5aa0df9dd07f92,AUTOSERVICIO,MODERNO,AUTOSERVICIO,TOTAL,TOTAL_MEXICO,TOTAL_MEXICO,TOTAL_MEXICO,YES,NO,WATER_ST,YES,AUTO_CLASSIFIED,"Filled from Water Scantrack Nielsen classification rules using established patterns for Scanning, Surtido, Areas, VDM, Cities and Total Mexico."
Autoservicios Scanning Tuxtla Gutierrez,AUTOSERVICIOS SCANNING TUXTLA GUTIERREZ,21d22e91e0a59790,AUTOSERVICIO_SCANNING,MODERNO,AUTOSERVICIO_SCANNING,DETAIL,CITY,TUXTLA GUTIERREZ,TUXTLA GUTIERREZ,NO,YES,WATER_ST,YES,AUTO_CLASSIFIED,"Filled from Water Scantrack Nielsen classification rules using established patterns for Scanning, Surtido, Areas, VDM, Cities and Total Mexico."
Autos Scanning Area 2,AUTOS SCANNING AREA 2,fe8a7ef2eb30ea53,AUTOSERVICIO_SCANNING,MODERNO,AUTOSERVICIO_SCANNING,TOTAL,AREA,AREA_2,AREA_2,NO,YES,WATER_ST,YES,AUTO_CLASSIFIED,"Filled from Water Scantrack Nielsen classification rules using established patterns for Scanning, Surtido, Areas, VDM, Cities and Total Mexico."
Autoservicios Scanning Cancun,AUTOSERVICIOS SCANNING CANCUN,e1f9addae0b2a359,AUTOSERVICIO_SCANNING,MODERNO,AUTOSERVICIO_SCANNING,DETAIL,CITY,CANCUN,CANCUN,NO,YES,WATER_ST,YES,AUTO_CLASSIFIED,"Filled from Water Scantrack Nielsen classification rules using established patterns for Scanning, Surtido, Areas, VDM, Cities and Total Mexico."
Autoservicios Scanning Playa del Carmen,AUTOSERVICIOS SCANNING PLAYA DEL CARMEN,2351da157012d4f6,AUTOSERVICIO_SCANNING,MODERNO,AUTOSERVICIO_SCANNING,DETAIL,CITY,PLAYA DEL CARMEN,PLAYA DEL CARMEN,NO,YES,WATER_ST,YES,AUTO_CLASSIFIED,"Filled from Water Scantrack Nielsen classification rules using established patterns for Scanning, Surtido, Areas, VDM, Cities and Total Mexico."
Autos Scanning Area 6,AUTOS SCANNING AREA 6,69940849c57dd4f6,AUTOSERVICIO_SCANNING,MODERNO,AUTOSERVICIO_SCANNING,TOTAL,AREA,AREA_6,AREA_6,NO,YES,WATER_ST,YES,AUTO_CLASSIFIED,"Filled from Water Scantrack Nielsen classification rules using established patterns for Scanning, Surtido, Areas, VDM, Cities and Total Mexico."
Autoservicios Surt. Esencial Area 1,AUTOSERVICIOS SURT. ESENCIAL AREA 1,4dbad6ccf042932c,AUTOSERVICIO,MODERNO,AUTOSERVICIO,TOTAL,AREA,AREA_1,AREA_1,NO,NO,WATER_ST,YES,AUTO_CLASSIFIED,"Filled from Water Scantrack Nielsen classification rules using established patterns for Scanning, Surtido, Areas, VDM, Cities and Total Mexico."
Autoservicios Scanning Oaxaca,AUTOSERVICIOS SCANNING OAXACA,ad0ef59aa4080bbe,AUTOSERVICIO_SCANNING,MODERNO,AUTOSERVICIO_SCANNING,DETAIL,CITY,OAXACA,OAXACA,NO,YES,WATER_ST,YES,AUTO_CLASSIFIED,"Filled from Water Scantrack Nielsen classification rules using established patterns for Scanning, Surtido, Areas, VDM, Cities and Total Mexico."
Autoservicios Scanning Matamoros,AUTOSERVICIOS SCANNING MATAMOROS,77a1470ed2dc022b,AUTOSERVICIO_SCANNING,MODERNO,AUTOSERVICIO_SCANNING,DETAIL,CITY,MATAMOROS,MATAMOROS,NO,YES,WATER_ST,YES,AUTO_CLASSIFIED,"Filled from Water Scantrack Nielsen classification rules using established patterns for Scanning, Surtido, Areas, VDM, Cities and Total Mexico."
Autoservicios Surt. Extendido Area 2,AUTOSERVICIOS SURT. EXTENDIDO AREA 2,d6ef229216d007f2,AUTOSERVICIO,MODERNO,AUTOSERVICIO,TOTAL,AREA,AREA_2,AREA_2,NO,NO,WATER_ST,YES,AUTO_CLASSIFIED,"Filled from Water Scantrack Nielsen classification rules using established patterns for Scanning, Surtido, Areas, VDM, Cities and Total Mexico."
Autoservicios Surt. Extendido Area 1,AUTOSERVICIOS SURT. EXTENDIDO AREA 1,28c9198a052afc48,AUTOSERVICIO,MODERNO,AUTOSERVICIO,TOTAL,AREA,AREA_1,AREA_1,NO,NO,WATER_ST,YES,AUTO_CLASSIFIED,"Filled from Water Scantrack Nielsen classification rules using established patterns for Scanning, Surtido, Areas, VDM, Cities and Total Mexico."
Autoservicios Scanning Nogales,AUTOSERVICIOS SCANNING NOGALES,36b9d77f05494ccc,AUTOSERVICIO_SCANNING,MODERNO,AUTOSERVICIO_SCANNING,DETAIL,CITY,NOGALES,NOGALES,NO,YES,WATER_ST,YES,AUTO_CLASSIFIED,"Filled from Water Scantrack Nielsen classification rules using established patterns for Scanning, Surtido, Areas, VDM, Cities and Total Mexico."
Autoservicios Surt. Esencial Area 4,AUTOSERVICIOS SURT. ESENCIAL AREA 4,1cafbec93afe67a8,AUTOSERVICIO,MODERNO,AUTOSERVICIO,TOTAL,AREA,AREA_4,AREA_4,NO,NO,WATER_ST,YES,AUTO_CLASSIFIED,"Filled from Water Scantrack Nielsen classification rules using established patterns for Scanning, Surtido, Areas, VDM, Cities and Total Mexico."
Autoservicios Scanning Ahome,AUTOSERVICIOS SCANNING AHOME,897bd88b5699445a,AUTOSERVICIO_SCANNING,MODERNO,AUTOSERVICIO_SCANNING,DETAIL,CITY,AHOME,AHOME,NO,YES,WATER_ST,YES,AUTO_CLASSIFIED,"Filled from Water Scantrack Nielsen classification rules using established patterns for Scanning, Surtido, Areas, VDM, Cities and Total Mexico."
Autoservicios Scanning Guadalajara,AUTOSERVICIOS SCANNING GUADALAJARA,a43f497a9fa06fa8,AUTOSERVICIO_SCANNING,MODERNO,AUTOSERVICIO_SCANNING,DETAIL,CITY,GUADALAJARA,GUADALAJARA,NO,YES,WATER_ST,YES,AUTO_CLASSIFIED,"Filled from Water Scantrack Nielsen classification rules using established patterns for Scanning, Surtido, Areas, VDM, Cities and Total Mexico."
Autoservicios Scanning Valle de Mexico,AUTOSERVICIOS SCANNING VALLE DE MEXICO,bc1f1c43144a88f9,AUTOSERVICIO_SCANNING,MODERNO,AUTOSERVICIO_SCANNING,DETAIL,VDM,VDM,VDM,NO,YES,WATER_ST,YES,AUTO_CLASSIFIED,"Filled from Water Scantrack Nielsen classification rules using established patterns for Scanning, Surtido, Areas, VDM, Cities and Total Mexico."
Autoservicios Scanning Torreon,AUTOSERVICIOS SCANNING TORREON,466b11e9c75131e3,AUTOSERVICIO_SCANNING,MODERNO,AUTOSERVICIO_SCANNING,DETAIL,CITY,TORREON,TORREON,NO,YES,WATER_ST,YES,AUTO_CLASSIFIED,"Filled from Water Scantrack Nielsen classification rules using established patterns for Scanning, Surtido, Areas, VDM, Cities and Total Mexico."
Autoservicios Scanning Irapuato,AUTOSERVICIOS SCANNING IRAPUATO,9683fa801cd28570,AUTOSERVICIO_SCANNING,MODERNO,AUTOSERVICIO_SCANNING,DETAIL,CITY,IRAPUATO,IRAPUATO,NO,YES,WATER_ST,YES,AUTO_CLASSIFIED,"Filled from Water Scantrack Nielsen classification rules using established patterns for Scanning, Surtido, Areas, VDM, Cities and Total Mexico."
Autoservicios Surt. Extendido Area 4,AUTOSERVICIOS SURT. EXTENDIDO AREA 4,dcae1a0fb60352fc,AUTOSERVICIO,MODERNO,AUTOSERVICIO,TOTAL,AREA,AREA_4,AREA_4,NO,NO,WATER_ST,YES,AUTO_CLASSIFIED,"Filled from Water Scantrack Nielsen classification rules using established patterns for Scanning, Surtido, Areas, VDM, Cities and Total Mexico."
Autoservicios Surt. Completo Area 3,AUTOSERVICIOS SURT. COMPLETO AREA 3,b2641e877a5f05d8,AUTOSERVICIO,MODERNO,AUTOSERVICIO,TOTAL,AREA,AREA_3,AREA_3,NO,NO,WATER_ST,YES,AUTO_CLASSIFIED,"Filled from Water Scantrack Nielsen classification rules using established patterns for Scanning, Surtido, Areas, VDM, Cities and Total Mexico."
Autoservicios Surt. Esencial Area 6,AUTOSERVICIOS SURT. ESENCIAL AREA 6,ebc145cbdae80bfb,AUTOSERVICIO,MODERNO,AUTOSERVICIO,TOTAL,AREA,AREA_6,AREA_6,NO,NO,WATER_ST,YES,AUTO_CLASSIFIED,"Filled from Water Scantrack Nielsen classification rules using established patterns for Scanning, Surtido, Areas, VDM, Cities and Total Mexico."
Autoservicios Scanning Reynosa,AUTOSERVICIOS SCANNING REYNOSA,b25c249adc0e1f1d,AUTOSERVICIO_SCANNING,MODERNO,AUTOSERVICIO_SCANNING,DETAIL,CITY,REYNOSA,REYNOSA,NO,YES,WATER_ST,YES,AUTO_CLASSIFIED,"Filled from Water Scantrack Nielsen classification rules using established patterns for Scanning, Surtido, Areas, VDM, Cities and Total Mexico."
Autoservicios Scanning Campeche,AUTOSERVICIOS SCANNING CAMPECHE,37e1dba9919462f3,AUTOSERVICIO_SCANNING,MODERNO,AUTOSERVICIO_SCANNING,DETAIL,CITY,CAMPECHE,CAMPECHE,NO,YES,WATER_ST,YES,AUTO_CLASSIFIED,"Filled from Water Scantrack Nielsen classification rules using established patterns for Scanning, Surtido, Areas, VDM, Cities and Total Mexico."
Autos Scanning Areas 1 + 2,AUTOS SCANNING AREAS 1 + 2,c8f55e5e92545901,AUTOSERVICIO_SCANNING,MODERNO,AUTOSERVICIO_SCANNING,TOTAL,AREA,AREA_1_2,AREA_1_2,NO,YES,WATER_ST,YES,AUTO_CLASSIFIED,"Filled from Water Scantrack Nielsen classification rules using established patterns for Scanning, Surtido, Areas, VDM, Cities and Total Mexico."
Autoservicios Scanning Puerto Vallarta,AUTOSERVICIOS SCANNING PUERTO VALLARTA,92ac3b741c694db3,AUTOSERVICIO_SCANNING,MODERNO,AUTOSERVICIO_SCANNING,DETAIL,CITY,PUERTO VALLARTA,PUERTO VALLARTA,NO,YES,WATER_ST,YES,AUTO_CLASSIFIED,"Filled from Water Scantrack Nielsen classification rules using established patterns for Scanning, Surtido, Areas, VDM, Cities and Total Mexico."
Autoservicios Scanning Tampico,AUTOSERVICIOS SCANNING TAMPICO,524bc30224e5402f,AUTOSERVICIO_SCANNING,MODERNO,AUTOSERVICIO_SCANNING,DETAIL,CITY,TAMPICO,TAMPICO,NO,YES,WATER_ST,YES,AUTO_CLASSIFIED,"Filled from Water Scantrack Nielsen classification rules using established patterns for Scanning, Surtido, Areas, VDM, Cities and Total Mexico."
Autoservicios Scanning Cuernavaca,AUTOSERVICIOS SCANNING CUERNAVACA,4f1af048d5530138,AUTOSERVICIO_SCANNING,MODERNO,AUTOSERVICIO_SCANNING,DETAIL,CITY,CUERNAVACA,CUERNAVACA,NO,YES,WATER_ST,YES,AUTO_CLASSIFIED,"Filled from Water Scantrack Nielsen classification rules using established patterns for Scanning, Surtido, Areas, VDM, Cities and Total Mexico."
Autoservicios Scanning Nuevo Laredo,AUTOSERVICIOS SCANNING NUEVO LAREDO,b3fc02f12c897353,AUTOSERVICIO_SCANNING,MODERNO,AUTOSERVICIO_SCANNING,DETAIL,CITY,NUEVO LAREDO,NUEVO LAREDO,NO,YES,WATER_ST,YES,AUTO_CLASSIFIED,"Filled from Water Scantrack Nielsen classification rules using established patterns for Scanning, Surtido, Areas, VDM, Cities and Total Mexico."
Autoservicios Scanning Durango,AUTOSERVICIOS SCANNING DURANGO,67232a0c774c7845,AUTOSERVICIO_SCANNING,MODERNO,AUTOSERVICIO_SCANNING,DETAIL,CITY,DURANGO,DURANGO,NO,YES,WATER_ST,YES,AUTO_CLASSIFIED,"Filled from Water Scantrack Nielsen classification rules using established patterns for Scanning, Surtido, Areas, VDM, Cities and Total Mexico."
Autoservicios Scanning Cd. del Carmen,AUTOSERVICIOS SCANNING CD. DEL CARMEN,0c1e702a2e7946fc,AUTOSERVICIO_SCANNING,MODERNO,AUTOSERVICIO_SCANNING,DETAIL,CITY,CD DEL CARMEN,CD DEL CARMEN,NO,YES,WATER_ST,YES,AUTO_CLASSIFIED,"Filled from Water Scantrack Nielsen classification rules using established patterns for Scanning, Surtido, Areas, VDM, Cities and Total Mexico."
Autoservicios Scanning Xalapa,AUTOSERVICIOS SCANNING XALAPA,e845bf8f417a0bae,AUTOSERVICIO_SCANNING,MODERNO,AUTOSERVICIO_SCANNING,DETAIL,CITY,XALAPA,XALAPA,NO,YES,WATER_ST,YES,AUTO_CLASSIFIED,"Filled from Water Scantrack Nielsen classification rules using established patterns for Scanning, Surtido, Areas, VDM, Cities and Total Mexico."
Autos Scanning Area 3,AUTOS SCANNING AREA 3,9c61b912bb439082,AUTOSERVICIO_SCANNING,MODERNO,AUTOSERVICIO_SCANNING,TOTAL,AREA,AREA_3,AREA_3,NO,YES,WATER_ST,YES,AUTO_CLASSIFIED,"Filled from Water Scantrack Nielsen classification rules using established patterns for Scanning, Surtido, Areas, VDM, Cities and Total Mexico."
Autoservicios Surt. Completo Total Mexico,AUTOSERVICIOS SURT. COMPLETO TOTAL MEXICO,192b7475c218178f,AUTOSERVICIO,MODERNO,AUTOSERVICIO,TOTAL,TOTAL_MEXICO,TOTAL_MEXICO,TOTAL_MEXICO,YES,NO,WATER_ST,YES,AUTO_CLASSIFIED,"Filled from Water Scantrack Nielsen classification rules using established patterns for Scanning, Surtido, Areas, VDM, Cities and Total Mexico."
Autoservicios Scanning Cd. Obregon,AUTOSERVICIOS SCANNING CD. OBREGON,0f2f698f37bd3f29,AUTOSERVICIO_SCANNING,MODERNO,AUTOSERVICIO_SCANNING,DETAIL,CITY,CD OBREGON,CD OBREGON,NO,YES,WATER_ST,YES,AUTO_CLASSIFIED,"Filled from Water Scantrack Nielsen classification rules using established patterns for Scanning, Surtido, Areas, VDM, Cities and Total Mexico."
Autoservicios Scanning San Luis Potosi,AUTOSERVICIOS SCANNING SAN LUIS POTOSI,b7418880d12103e1,AUTOSERVICIO_SCANNING,MODERNO,AUTOSERVICIO_SCANNING,DETAIL,CITY,SAN LUIS POTOSI,SAN LUIS POTOSI,NO,YES,WATER_ST,YES,AUTO_CLASSIFIED,"Filled from Water Scantrack Nielsen classification rules using established patterns for Scanning, Surtido, Areas, VDM, Cities and Total Mexico."
Autoservicios Scanning Monclova,AUTOSERVICIOS SCANNING MONCLOVA,2ed4902b17856785,AUTOSERVICIO_SCANNING,MODERNO,AUTOSERVICIO_SCANNING,DETAIL,CITY,MONCLOVA,MONCLOVA,NO,YES,WATER_ST,YES,AUTO_CLASSIFIED,"Filled from Water Scantrack Nielsen classification rules using established patterns for Scanning, Surtido, Areas, VDM, Cities and Total Mexico."
Autoservicios Scanning Los Cabos,AUTOSERVICIOS SCANNING LOS CABOS,5a0f80d1fc6b5515,AUTOSERVICIO_SCANNING,MODERNO,AUTOSERVICIO_SCANNING,DETAIL,CITY,LOS CABOS,LOS CABOS,NO,YES,WATER_ST,YES,AUTO_CLASSIFIED,"Filled from Water Scantrack Nielsen classification rules using established patterns for Scanning, Surtido, Areas, VDM, Cities and Total Mexico."
Autoservicios Surt. Completo Area 6,AUTOSERVICIOS SURT. COMPLETO AREA 6,9be1e48a8d5b4cc1,AUTOSERVICIO,MODERNO,AUTOSERVICIO,TOTAL,AREA,AREA_6,AREA_6,NO,NO,WATER_ST,YES,AUTO_CLASSIFIED,"Filled from Water Scantrack Nielsen classification rules using established patterns for Scanning, Surtido, Areas, VDM, Cities and Total Mexico."
Autoservicios Surt. Esencial Area 5,AUTOSERVICIOS SURT. ESENCIAL AREA 5,56e3d1d1989f4057,AUTOSERVICIO,MODERNO,AUTOSERVICIO,TOTAL,AREA,AREA_5,AREA_5,NO,NO,WATER_ST,YES,AUTO_CLASSIFIED,"Filled from Water Scantrack Nielsen classification rules using established patterns for Scanning, Surtido, Areas, VDM, Cities and Total Mexico."
Autoservicios Scanning Chihuahua,AUTOSERVICIOS SCANNING CHIHUAHUA,a1eb4ce5822fce2a,AUTOSERVICIO_SCANNING,MODERNO,AUTOSERVICIO_SCANNING,DETAIL,CITY,CHIHUAHUA,CHIHUAHUA,NO,YES,WATER_ST,YES,AUTO_CLASSIFIED,"Filled from Water Scantrack Nielsen classification rules using established patterns for Scanning, Surtido, Areas, VDM, Cities and Total Mexico."
Autos Scanning Total Mexico,AUTOS SCANNING TOTAL MEXICO,c42c8901f134c8d4,AUTOSERVICIO_SCANNING,MODERNO,AUTOSERVICIO_SCANNING,TOTAL,TOTAL_MEXICO,TOTAL_MEXICO,TOTAL_MEXICO,YES,YES,WATER_ST,YES,AUTO_CLASSIFIED,"Filled from Water Scantrack Nielsen classification rules using established patterns for Scanning, Surtido, Areas, VDM, Cities and Total Mexico."
Autoservicios Scanning Delicias,AUTOSERVICIOS SCANNING DELICIAS,0a3183a268893ec1,AUTOSERVICIO_SCANNING,MODERNO,AUTOSERVICIO_SCANNING,DETAIL,CITY,DELICIAS,DELICIAS,NO,YES,WATER_ST,YES,AUTO_CLASSIFIED,"Filled from Water Scantrack Nielsen classification rules using established patterns for Scanning, Surtido, Areas, VDM, Cities and Total Mexico."
Autoservicios Scanning Hermosillo,AUTOSERVICIOS SCANNING HERMOSILLO,74f0b28831f6c902,AUTOSERVICIO_SCANNING,MODERNO,AUTOSERVICIO_SCANNING,DETAIL,CITY,HERMOSILLO,HERMOSILLO,NO,YES,WATER_ST,YES,AUTO_CLASSIFIED,"Filled from Water Scantrack Nielsen classification rules using established patterns for Scanning, Surtido, Areas, VDM, Cities and Total Mexico."
Autoservicios Surt. Completo Area 2,AUTOSERVICIOS SURT. COMPLETO AREA 2,9a2ed8cfe792206e,AUTOSERVICIO,MODERNO,AUTOSERVICIO,TOTAL,AREA,AREA_2,AREA_2,NO,NO,WATER_ST,YES,AUTO_CLASSIFIED,"Filled from Water Scantrack Nielsen classification rules using established patterns for Scanning, Surtido, Areas, VDM, Cities and Total Mexico."
Autos Scanning Area 5,AUTOS SCANNING AREA 5,c0082b25efd6cee0,AUTOSERVICIO_SCANNING,MODERNO,AUTOSERVICIO_SCANNING,TOTAL,AREA,AREA_5,AREA_5,NO,YES,WATER_ST,YES,AUTO_CLASSIFIED,"Filled from Water Scantrack Nielsen classification rules using established patterns for Scanning, Surtido, Areas, VDM, Cities and Total Mexico."
Autoservicios Scanning Morelia,AUTOSERVICIOS SCANNING MORELIA,94c3f9df93fdcd6a,AUTOSERVICIO_SCANNING,MODERNO,AUTOSERVICIO_SCANNING,DETAIL,CITY,MORELIA,MORELIA,NO,YES,WATER_ST,YES,AUTO_CLASSIFIED,"Filled from Water Scantrack Nielsen classification rules using established patterns for Scanning, Surtido, Areas, VDM, Cities and Total Mexico."
Autoservicios Surt. Esencial Area 2,AUTOSERVICIOS SURT. ESENCIAL AREA 2,d07bd3e48ccf65cb,AUTOSERVICIO,MODERNO,AUTOSERVICIO,TOTAL,AREA,AREA_2,AREA_2,NO,NO,WATER_ST,YES,AUTO_CLASSIFIED,"Filled from Water Scantrack Nielsen classification rules using established patterns for Scanning, Surtido, Areas, VDM, Cities and Total Mexico."
Autoservicios Scanning Coatzacoalcos,AUTOSERVICIOS SCANNING COATZACOALCOS,7619544b37fd999e,AUTOSERVICIO_SCANNING,MODERNO,AUTOSERVICIO_SCANNING,DETAIL,CITY,COATZACOALCOS,COATZACOALCOS,NO,YES,WATER_ST,YES,AUTO_CLASSIFIED,"Filled from Water Scantrack Nielsen classification rules using established patterns for Scanning, Surtido, Areas, VDM, Cities and Total Mexico."
Autoservicios Scanning Puebla,AUTOSERVICIOS SCANNING PUEBLA,14db8af6a62d5787,AUTOSERVICIO_SCANNING,MODERNO,AUTOSERVICIO_SCANNING,DETAIL,CITY,PUEBLA,PUEBLA,NO,YES,WATER_ST,YES,AUTO_CLASSIFIED,"Filled from Water Scantrack Nielsen classification rules using established patterns for Scanning, Surtido, Areas, VDM, Cities and Total Mexico."
Autoservicios Scanning Monterrey,AUTOSERVICIOS SCANNING MONTERREY,a38866370a4f4011,AUTOSERVICIO_SCANNING,MODERNO,AUTOSERVICIO_SCANNING,DETAIL,CITY,MONTERREY,MONTERREY,NO,YES,WATER_ST,YES,AUTO_CLASSIFIED,"Filled from Water Scantrack Nielsen classification rules using established patterns for Scanning, Surtido, Areas, VDM, Cities and Total Mexico."
